# rollout meta: {"joint_names": ["joint1", "joint2", "joint3", "joint4", "joint5", "joint6", "joint7"], "dt": 0.02, "n": 400, "has_base": true, "source": "phase1_diffusion_selected", "note": "condition=hard; checkpoint=policy_precision.pt; gain=0.93; q_noise=0.002"}
t,q1,q2,q3,q4,q5,q6,q7,ee_x,ee_y,ee_z,tgt_x,tgt_y,tgt_z,bx,by,bz,bqx,bqy,bqz,bqw,drawing
0.000000,0.10814029,-0.38713497,-0.22738552,1.43795717,-0.95801604,0.08321893,-3.14193583,0.379670,0.013129,0.100648,0.379961,0.012513,0.100000,0.009686,0.002487,0.019632,0.00021755,0.00062355,-0.00084070,0.99999943,1
0.020000,0.10670669,-0.39131337,-0.22341470,1.44049966,-0.95753759,0.08374807,-3.14094734,0.379763,0.015918,0.100778,0.379842,0.015023,0.100000,0.008763,0.004818,0.019998,0.00042080,0.00045199,-0.00087267,0.99999943,1
0.040000,0.10408748,-0.39582354,-0.21741050,1.44479144,-0.95772076,0.08330277,-3.13907766,0.379614,0.018748,0.100592,0.379645,0.017529,0.100000,0.007290,0.006845,0.019736,0.00059759,0.00025205,-0.00084972,0.99999943,1
0.060000,0.09972640,-0.39964387,-0.20952727,1.45100462,-0.95875055,0.08119814,-3.13613653,0.379216,0.021537,0.100339,0.379369,0.020027,0.100000,0.005358,0.008443,0.018862,0.00073684,0.00003632,-0.00077330,0.99999943,1
0.080000,0.09341505,-0.40230232,-0.19990645,1.45916212,-0.96018070,0.07699881,-3.13216829,0.378710,0.024209,0.100169,0.379015,0.022515,0.100000,0.003090,0.009511,0.017431,0.00082984,-0.00018164,-0.00064824,0.99999943,1
0.100000,0.08514693,-0.40349466,-0.18887338,1.46919620,-0.96143246,0.07067676,-3.12736702,0.378252,0.026705,0.100190,0.378583,0.024991,0.100000,0.000628,0.009980,0.015534,0.00087076,-0.00038813,-0.00048243,0.99999943,1
0.120000,0.07509322,-0.40327969,-0.17727052,1.48094392,-0.96223378,0.06244373,-3.12196112,0.377862,0.028993,0.100353,0.378073,0.027451,0.100000,-0.001874,0.009823,0.013289,0.00085704,-0.00057020,-0.00028633,0.99999943,1
0.140000,0.06334022,-0.40196598,-0.16608855,1.49436128,-0.96268749,0.05254322,-3.11609316,0.377483,0.031103,0.100525,0.377487,0.029895,0.100000,-0.004258,0.009048,0.010837,0.00078956,-0.00071645,-0.00007227,0.99999943,1
0.160000,0.04994959,-0.39968604,-0.15636377,1.50919580,-0.96319950,0.04130117,-3.10980225,0.376997,0.033062,0.100607,0.376823,0.032319,0.100000,-0.006374,0.007705,0.008332,0.00067252,-0.00081771,0.00014626,0.99999943,1
0.180000,0.03477347,-0.39653251,-0.14877892,1.52532589,-0.96418482,0.02888397,-3.10304260,0.376345,0.034956,0.100561,0.376085,0.034721,0.100000,-0.008090,0.005878,0.005933,0.00051325,-0.00086767,0.00035556,0.99999943,1
0.200000,0.01803738,-0.39247516,-0.14377300,1.54266214,-0.96594608,0.01533120,-3.09594536,0.375509,0.036864,0.100431,0.375270,0.037099,0.100000,-0.009298,0.003681,0.003789,0.00032172,-0.00086318,0.00054247,0.99999943,1
0.220000,-0.00013548,-0.38753647,-0.14152464,1.56094110,-0.96874726,0.00082131,-3.08844328,0.374501,0.038863,0.100273,0.374382,0.039450,0.100000,-0.009921,0.001253,0.002035,0.00010993,-0.00080453,0.00069530,0.99999943,1
0.240000,-0.01942408,-0.38191885,-0.14204240,1.57964897,-0.97278106,-0.01456739,-3.08050680,0.373339,0.040988,0.100108,0.373420,0.041772,0.100000,-0.009921,-0.001253,0.000781,-0.00010881,-0.00069540,0.00080447,0.99999943,1
0.260000,-0.03924546,-0.37595397,-0.14519092,1.59826553,-0.97816861,-0.03075939,-3.07203484,0.372043,0.043242,0.099947,0.372386,0.044062,0.100000,-0.009298,-0.003681,0.000107,-0.00032078,-0.00054260,0.00086316,0.99999943,1
0.280000,-0.05874821,-0.37007251,-0.15072204,1.61593926,-0.98464251,-0.04748442,-3.06296635,0.370681,0.045543,0.099790,0.371281,0.046319,0.100000,-0.008090,-0.005878,0.000055,-0.00051263,-0.00035570,0.00086768,0.99999943,1
0.300000,-0.07707798,-0.36461756,-0.15836881,1.63201046,-0.99153918,-0.06454840,-3.05322886,0.369346,0.047814,0.099663,0.370105,0.048540,0.100000,-0.006374,-0.007705,0.000627,-0.00067228,-0.00014642,0.00081777,0.99999943,1
0.320000,-0.09366594,-0.35985592,-0.16795217,1.64612150,-0.99789453,-0.08184886,-3.04288912,0.368125,0.050025,0.099571,0.368859,0.050723,0.100000,-0.004258,-0.009048,0.001789,-0.00078966,0.00007211,0.00071654,0.99999943,1
0.340000,-0.10801353,-0.35596588,-0.17927843,1.65810084,-1.00287676,-0.09937026,-3.03237581,0.367055,0.052160,0.099509,0.367546,0.052866,0.100000,-0.001874,-0.009823,0.003466,-0.00085737,0.00028618,0.00057032,0.99999943,1
0.360000,-0.11997890,-0.35303172,-0.19205934,1.66795671,-1.00612164,-0.11689901,-3.02223706,0.366097,0.054241,0.099464,0.366166,0.054967,0.100000,0.000628,-0.009980,0.005554,-0.00087113,0.00048230,0.00038827,0.99999943,1
0.380000,-0.12956336,-0.35109729,-0.20601560,1.67578113,-1.00769520,-0.13416635,-3.01315570,0.365134,0.056299,0.099384,0.364721,0.057023,0.100000,0.003090,-0.009511,0.007921,-0.00083007,0.00064813,0.00018180,0.99999943,1
0.400000,-0.13682704,-0.35003209,-0.22064555,1.68171418,-1.00813365,-0.15050431,-3.00551391,0.364023,0.058366,0.099273,0.363212,0.059033,0.100000,0.005358,-0.008443,0.010419,-0.00073679,0.00077323,-0.00003616,0.99999943,1
0.420000,-0.14192958,-0.34959519,-0.23540401,1.68587005,-1.00812495,-0.16541190,-2.99944329,0.362612,0.060457,0.099143,0.361641,0.060994,0.100000,0.007290,-0.006845,0.012890,-0.00059717,0.00084968,-0.00025190,0.99999943,1
0.440000,-0.14508641,-0.34940624,-0.24960600,1.68833005,-1.00804400,-0.17859122,-2.99483418,0.360847,0.062564,0.099044,0.360009,0.062905,0.100000,0.008763,-0.004818,0.015180,-0.00042001,0.00087267,-0.00045185,0.99999943,1
0.460000,-0.14634275,-0.34902465,-0.26253754,1.68922520,-1.00782466,-0.18987437,-2.99155402,0.358790,0.064641,0.099047,0.358317,0.064764,0.100000,0.009686,-0.002487,0.017145,-0.00021650,0.00084075,-0.00062344,0.99999943,1
0.480000,-0.14576609,-0.34800106,-0.27366546,1.68890631,-1.00703931,-0.19920830,-2.98954940,0.356571,0.066640,0.099196,0.356569,0.066569,0.100000,0.010000,0.000000,0.018660,0.00000057,0.00075592,-0.00075584,0.99999943,1
0.500000,-0.14358856,-0.34610957,-0.28261435,1.68810153,-1.00539386,-0.20659214,-2.98871446,0.354325,0.068554,0.099473,0.354764,0.068317,0.100000,0.009686,0.002487,0.019632,0.00021755,0.00062355,-0.00084070,0.99999943,1
0.520000,-0.14058858,-0.34328431,-0.28925151,1.68775284,-1.00306940,-0.21212994,-2.98874688,0.352103,0.070435,0.099799,0.352905,0.070009,0.100000,0.008763,0.004818,0.019998,0.00042080,0.00045199,-0.00087267,0.99999943,1
0.540000,-0.13782641,-0.33952802,-0.29353419,1.68870842,-1.00060415,-0.21600658,-2.98917937,0.349912,0.072351,0.100098,0.350994,0.071641,0.100000,0.007290,0.006845,0.019736,0.00059759,0.00025205,-0.00084972,0.99999943,1
0.560000,-0.13622048,-0.33476985,-0.29557720,1.69142902,-0.99841195,-0.21862838,-2.98956895,0.347748,0.074311,0.100336,0.349033,0.073212,0.100000,0.005358,0.008443,0.018862,0.00073684,0.00003632,-0.00077330,0.99999943,1
0.580000,-0.13619611,-0.32886171,-0.29550803,1.69593716,-0.99644262,-0.22051132,-2.98955035,0.345691,0.076253,0.100555,0.347023,0.074721,0.100000,0.003090,0.009511,0.017431,0.00082984,-0.00018164,-0.00064824,0.99999943,1
0.600000,-0.13786007,-0.32161865,-0.29387096,1.70211804,-0.99444318,-0.22220129,-2.98900151,0.343776,0.078093,0.100789,0.344967,0.076166,0.100000,0.000628,0.009980,0.015534,0.00087076,-0.00038813,-0.00048243,0.99999943,1
0.620000,-0.14119104,-0.31293249,-0.29156211,1.70977151,-0.99223047,-0.22416505,-2.98786139,0.341964,0.079756,0.101035,0.342866,0.077546,0.100000,-0.001874,0.009823,0.013289,0.00085704,-0.00057020,-0.00028633,0.99999943,1
0.640000,-0.14619054,-0.30290326,-0.28974369,1.71874881,-0.98995811,-0.22674927,-2.98606801,0.340126,0.081210,0.101211,0.340723,0.078859,0.100000,-0.004258,0.009048,0.010837,0.00078956,-0.00071645,-0.00007227,0.99999943,1
0.660000,-0.15297578,-0.29166269,-0.28929833,1.72892988,-0.98786461,-0.23023140,-2.98350453,0.338182,0.082476,0.101265,0.338540,0.080105,0.100000,-0.006374,0.007705,0.008332,0.00067252,-0.00081771,0.00014626,0.99999943,1
0.680000,-0.16155820,-0.27927080,-0.29086828,1.74004197,-0.98632854,-0.23486440,-2.98003125,0.336062,0.083588,0.101193,0.336319,0.081281,0.100000,-0.008090,0.005878,0.005933,0.00051325,-0.00086767,0.00035556,0.99999943,1
0.700000,-0.17188929,-0.26598218,-0.29480091,1.75182247,-0.98571819,-0.24080981,-2.97551227,0.333748,0.084600,0.100986,0.334062,0.082386,0.100000,-0.009298,0.003681,0.003789,0.00032172,-0.00086318,0.00054247,0.99999943,1
0.720000,-0.18384935,-0.25193423,-0.30124700,1.76384342,-0.98633027,-0.24817155,-2.96982837,0.331238,0.085560,0.100682,0.331772,0.083420,0.100000,-0.009921,0.001253,0.002035,0.00010993,-0.00080453,0.00069530,0.99999943,1
0.740000,-0.19712833,-0.23743431,-0.31017226,1.77553022,-0.98837721,-0.25697631,-2.96287513,0.328548,0.086487,0.100308,0.329450,0.084382,0.100000,-0.009921,-0.001253,0.000781,-0.00010881,-0.00069540,0.00080447,0.99999943,1
0.760000,-0.21118560,-0.22308154,-0.32135531,1.78625226,-0.99186999,-0.26712757,-2.95470548,0.325742,0.087355,0.099862,0.327099,0.085270,0.100000,-0.009298,-0.003681,0.000107,-0.00032078,-0.00054260,0.00086316,0.99999943,1
0.780000,-0.22510701,-0.20936495,-0.33462280,1.79536653,-0.99646235,-0.27836362,-2.94550920,0.322891,0.088086,0.099388,0.324721,0.086085,0.100000,-0.008090,-0.005878,0.000055,-0.00051263,-0.00035571,0.00086768,0.99999943,1
0.800000,-0.23792876,-0.19680405,-0.34968475,1.80246782,-1.00135863,-0.29047233,-2.93553042,0.320131,0.088611,0.098943,0.322319,0.086823,0.100000,-0.006374,-0.007705,0.000627,-0.00067228,-0.00014642,0.00081777,0.99999943,1
0.820000,-0.24882706,-0.18569635,-0.36631542,1.80738854,-1.00553370,-0.30331776,-2.92522025,0.317580,0.088898,0.098595,0.319895,0.087487,0.100000,-0.004258,-0.009048,0.001789,-0.00078966,0.00007211,0.00071654,0.99999943,1
0.840000,-0.25733355,-0.17626189,-0.38428423,1.81012475,-1.00807905,-0.31670213,-2.91523194,0.315306,0.088959,0.098363,0.317451,0.088073,0.100000,-0.001874,-0.009823,0.003466,-0.00085737,0.00028618,0.00057032,0.99999943,1
0.860000,-0.26322374,-0.16863585,-0.40321007,1.81086254,-1.00865328,-0.33019018,-2.90643358,0.313301,0.088860,0.098250,0.314990,0.088583,0.100000,0.000628,-0.009980,0.005554,-0.00087113,0.00048230,0.00038827,0.99999943,1
0.880000,-0.26643872,-0.16282968,-0.42275062,1.80974758,-1.00746953,-0.34301072,-2.89962626,0.311447,0.088671,0.098226,0.312515,0.089015,0.100000,0.003090,-0.009511,0.007921,-0.00083007,0.00064813,0.00018180,0.99999943,1
0.900000,-0.26713219,-0.15869273,-0.44261649,1.80699086,-1.00526834,-0.35421532,-2.89494371,0.309532,0.088479,0.098237,0.310027,0.089369,0.100000,0.005358,-0.008443,0.010419,-0.00073679,0.00077323,-0.00003616,0.99999943,1
0.920000,-0.26549333,-0.15585914,-0.46246886,1.80270219,-1.00284219,-0.36313939,-2.89210367,0.307342,0.088343,0.098256,0.307529,0.089645,0.100000,0.007290,-0.006845,0.012890,-0.00059717,0.00084968,-0.00025190,0.99999943,1
0.940000,-0.26167837,-0.15380941,-0.48168847,1.79712319,-1.00053084,-0.36961806,-2.89063597,0.304800,0.088304,0.098315,0.305023,0.089842,0.100000,0.008763,-0.004818,0.015180,-0.00042001,0.00087267,-0.00045185,0.99999943,1
0.960000,-0.25566036,-0.15192746,-0.49947578,1.79043961,-0.99807924,-0.37381294,-2.89034176,0.301999,0.088338,0.098486,0.302513,0.089961,0.100000,0.009686,-0.002487,0.017145,-0.00021650,0.00084075,-0.00062344,0.99999943,1
0.980000,-0.24740607,-0.14950123,-0.51514834,1.78295863,-0.99491423,-0.37595645,-2.89117503,0.299107,0.088395,0.098834,0.300000,0.090000,0.100000,0.010000,0.000000,0.018660,0.00000057,0.00075592,-0.00075584,0.99999943,1
1.000000,-0.23695745,-0.14602089,-0.52841109,1.77529502,-0.99065703,-0.37626836,-2.89320159,0.296249,0.088432,0.099345,0.297487,0.089961,0.100000,0.009686,0.002487,0.019632,0.00021755,0.00062355,-0.00084070,0.99999943,1
1.020000,-0.22500043,-0.14133307,-0.53927058,1.76837182,-0.98551649,-0.37488163,-2.89637780,0.293456,0.088481,0.099906,0.294977,0.089842,0.100000,0.008763,0.004818,0.019998,0.00042080,0.00045199,-0.00087267,0.99999943,1
1.040000,-0.21280244,-0.13545561,-0.54783797,1.76306629,-0.98023123,-0.37200341,-2.90028214,0.290683,0.088614,0.100382,0.292471,0.089645,0.100000,0.007290,0.006845,0.019736,0.00059759,0.00025205,-0.00084972,0.99999943,1
1.060000,-0.20153411,-0.12854995,-0.55413413,1.75972462,-0.97556102,-0.36775702,-2.90429187,0.287916,0.088836,0.100688,0.289973,0.089369,0.100000,0.005358,0.008443,0.018862,0.00073684,0.00003632,-0.00077330,0.99999943,1
1.080000,-0.19185497,-0.12060196,-0.55812424,1.75834095,-0.97181994,-0.36245447,-2.90788388,0.285222,0.089088,0.100853,0.287485,0.089015,0.100000,0.003090,0.009511,0.017431,0.00082984,-0.00018164,-0.00064824,0.99999943,1
1.100000,-0.18399630,-0.11147193,-0.55988836,1.75860691,-0.96871895,-0.35657871,-2.91074634,0.282738,0.089258,0.100963,0.285010,0.088583,0.100000,0.000628,0.009980,0.015534,0.00087076,-0.00038813,-0.00048243,0.99999943,1
1.120000,-0.17792010,-0.10107075,-0.55994296,1.76024437,-0.96587449,-0.35077572,-2.91276097,0.280526,0.089242,0.101083,0.282549,0.088073,0.100000,-0.001874,0.009823,0.013289,0.00085704,-0.00057020,-0.00028633,0.99999943,1
1.140000,-0.17369382,-0.08937917,-0.55934739,1.76309085,-0.96308011,-0.34569159,-2.91374326,0.278514,0.088992,0.101197,0.280105,0.087487,0.100000,-0.004258,0.009048,0.010837,0.00078956,-0.00071645,-0.00007227,0.99999943,1
1.160000,-0.17142728,-0.07648433,-0.55941218,1.76700032,-0.96056914,-0.34190682,-2.91346574,0.276509,0.088512,0.101232,0.277681,0.086823,0.100000,-0.006374,0.007705,0.008332,0.00067252,-0.00081771,0.00014626,0.99999943,1
1.180000,-0.17129947,-0.06260253,-0.56097221,1.77174354,-0.95871317,-0.33985046,-2.91162753,0.274395,0.087848,0.101142,0.275279,0.086085,0.100000,-0.008090,0.005878,0.005933,0.00051325,-0.00086767,0.00035556,0.99999943,1
1.200000,-0.17333661,-0.04797844,-0.56450921,1.77695203,-0.95787925,-0.33972758,-2.90798211,0.272117,0.087051,0.100920,0.272901,0.085270,0.100000,-0.009298,0.003681,0.003789,0.00032172,-0.00086318,0.00054248,0.99999943,1
1.220000,-0.17742454,-0.03300092,-0.57025653,1.78210831,-0.95840639,-0.34156632,-2.90241933,0.269655,0.086163,0.100562,0.270550,0.084382,0.100000,-0.009921,0.001253,0.002035,0.00010993,-0.00080453,0.00069530,0.99999943,1
1.240000,-0.18306798,-0.01806173,-0.57813972,1.78643334,-0.96043903,-0.34527054,-2.89494348,0.267046,0.085164,0.100120,0.268228,0.083420,0.100000,-0.009921,-0.001253,0.000781,-0.00010882,-0.00069540,0.00080447,0.99999943,1
1.260000,-0.18943565,-0.00378289,-0.58801168,1.78929746,-0.96372712,-0.35058194,-2.88585401,0.264388,0.084011,0.099638,0.265938,0.082386,0.100000,-0.009298,-0.003681,0.000107,-0.00032078,-0.00054260,0.00086316,0.99999943,1
1.280000,-0.19539532,0.00927926,-0.59981441,1.79018366,-0.96756667,-0.35720876,-2.87553430,0.261797,0.082629,0.099173,0.263681,0.081281,0.100000,-0.008090,-0.005878,0.000055,-0.00051263,-0.00035571,0.00086768,0.99999943,1
1.300000,-0.19991714,0.02054638,-0.61336595,1.78886700,-0.97089553,-0.36489940,-2.86447358,0.259442,0.080977,0.098777,0.261460,0.080105,0.100000,-0.006374,-0.007705,0.000627,-0.00067228,-0.00014642,0.00081777,0.99999943,1
1.320000,-0.20233448,0.02968591,-0.62852842,1.78535604,-0.97280520,-0.37348169,-2.85337043,0.257408,0.079083,0.098483,0.259277,0.078859,0.100000,-0.004258,-0.009048,0.001789,-0.00078966,0.00007211,0.00071654,0.99999943,1
1.340000,-0.20231651,0.03642411,-0.64512336,1.77981365,-0.97279119,-0.38263565,-2.84317470,0.255693,0.077022,0.098274,0.257134,0.077546,0.100000,-0.001874,-0.009823,0.003466,-0.00085737,0.00028618,0.00057032,0.99999943,1
1.360000,-0.19973737,0.04072482,-0.66290450,1.77232194,-0.97107095,-0.39141300,-2.83503318,0.254170,0.074890,0.098128,0.255033,0.076166,0.100000,0.000628,-0.009980,0.005554,-0.00087113,0.00048230,0.00038827,0.99999943,1
1.380000,-0.19477402,0.04281696,-0.68174255,1.76313102,-0.96849674,-0.39851916,-2.82944465,0.252576,0.072823,0.097995,0.252977,0.074721,0.100000,0.003090,-0.009511,0.007921,-0.00083007,0.00064813,0.00018180,0.99999943,1
1.400000,-0.18764791,0.04300766,-0.70118481,1.75232410,-0.96602768,-0.40293032,-2.82600188,0.250684,0.070915,0.097857,0.250967,0.073212,0.100000,0.005358,-0.008443,0.010419,-0.00073679,0.00077323,-0.00003616,0.99999943,1
1.420000,-0.17843066,0.04169817,-0.72016180,1.73991275,-0.96402210,-0.40446016,-2.82410312,0.248488,0.069195,0.097783,0.249006,0.071641,0.100000,0.007290,-0.006845,0.012890,-0.00059717,0.00084968,-0.00025189,0.99999943,1
1.440000,-0.16712360,0.03969670,-0.73749751,1.72596097,-0.96202540,-0.40331349,-2.82347751,0.246161,0.067634,0.097873,0.247095,0.070009,0.100000,0.008763,-0.004818,0.015180,-0.00042001,0.00087267,-0.00045185,0.99999943,1
1.460000,-0.15347743,0.03806079,-0.75240499,1.71054935,-0.95918816,-0.39984986,-2.82413745,0.243898,0.066130,0.098185,0.245236,0.068317,0.100000,0.009686,-0.002487,0.017145,-0.00021650,0.00084075,-0.00062344,0.99999943,1
1.480000,-0.13736890,0.03760122,-0.76465356,1.69401705,-0.95497298,-0.39438680,-2.82615972,0.241795,0.064582,0.098663,0.243431,0.066569,0.100000,0.010000,0.000000,0.018660,0.00000057,0.00075592,-0.00075584,0.99999943,1
1.500000,-0.11897171,0.03882797,-0.77427816,1.67714143,-0.94927329,-0.38718587,-2.82953858,0.239882,0.062954,0.099208,0.241683,0.064764,0.100000,0.009686,0.002487,0.019632,0.00021755,0.00062355,-0.00084070,0.99999943,1
1.520000,-0.09920476,0.04191282,-0.78153121,1.66109741,-0.94259089,-0.37852591,-2.83403373,0.238089,0.061315,0.099685,0.239991,0.062905,0.100000,0.008763,0.004818,0.019998,0.00042080,0.00045199,-0.00087267,0.99999943,1
1.540000,-0.07949357,0.04673628,-0.78669989,1.64677954,-0.93596476,-0.36860311,-2.83905339,0.236280,0.059741,0.099976,0.238359,0.060994,0.100000,0.007290,0.006845,0.019736,0.00059759,0.00025205,-0.00084972,0.99999943,1
1.560000,-0.06112117,0.05325392,-0.78987855,1.63478017,-0.93046838,-0.35765007,-2.84385753,0.234362,0.058267,0.100070,0.236788,0.059033,0.100000,0.005358,0.008443,0.018862,0.00073684,0.00003632,-0.00077330,0.99999943,1
1.580000,-0.04472933,0.06116639,-0.79096025,1.62514067,-0.92652643,-0.34601673,-2.84800744,0.232401,0.056817,0.100007,0.235279,0.057023,0.100000,0.003090,0.009511,0.017431,0.00082984,-0.00018164,-0.00064824,0.99999943,1
1.600000,-0.03041255,0.07014661,-0.78969395,1.61762416,-0.92395914,-0.33423105,-2.85139632,0.230598,0.055265,0.099889,0.233834,0.054967,0.100000,0.000628,0.009980,0.015534,0.00087076,-0.00038813,-0.00048243,0.99999943,1
1.620000,-0.01815418,0.07980794,-0.78598750,1.61194980,-0.92219561,-0.32276970,-2.85402942,0.229193,0.053512,0.099813,0.232454,0.052866,0.100000,-0.001874,0.009823,0.013289,0.00085704,-0.00057020,-0.00028633,0.99999943,1
1.640000,-0.00791698,0.08993883,-0.78025985,1.60781610,-0.92070931,-0.31216854,-2.85585332,0.228299,0.051502,0.099847,0.231141,0.050723,0.100000,-0.004258,0.009048,0.010837,0.00078956,-0.00071645,-0.00007227,0.99999943,1
1.660000,0.00021190,0.10044201,-0.77374476,1.60512030,-0.91934502,-0.30308217,-2.85651183,0.227779,0.049267,0.099966,0.229895,0.048540,0.100000,-0.006374,0.007705,0.008332,0.00067252,-0.00081771,0.00014626,0.99999943,1
1.680000,0.00601622,0.11104041,-0.76799119,1.60375810,-0.91845405,-0.29611048,-2.85551906,0.227344,0.046898,0.100050,0.228720,0.046319,0.100000,-0.008090,0.005878,0.005933,0.00051325,-0.00086767,0.00035556,0.99999943,1
1.700000,0.00939575,0.12159965,-0.76401407,1.60340226,-0.91854769,-0.29156592,-2.85252070,0.226789,0.044483,0.100047,0.227614,0.044062,0.100000,-0.009298,0.003681,0.003789,0.00032172,-0.00086318,0.00054247,0.99999943,1
1.720000,0.01054577,0.13189104,-0.76219511,1.60343242,-0.92003816,-0.28942174,-2.84734178,0.226043,0.042068,0.099964,0.226580,0.041772,0.100000,-0.009921,0.001253,0.002035,0.00010993,-0.00080453,0.00069530,0.99999943,1
1.740000,0.01014632,0.14150387,-0.76260602,1.60295153,-0.92300737,-0.28938136,-2.84012103,0.225134,0.039624,0.099821,0.225618,0.039450,0.100000,-0.009921,-0.001253,0.000781,-0.00010882,-0.00069540,0.00080447,0.99999943,1
1.760000,0.00939735,0.14997807,-0.76512611,1.60105145,-0.92700690,-0.29104549,-2.83130717,0.224184,0.037063,0.099666,0.224730,0.037099,0.100000,-0.009298,-0.003681,0.000107,-0.00032078,-0.00054260,0.00086316,0.99999943,1
1.780000,0.00947250,0.15690991,-0.76964712,1.59714353,-0.93118680,-0.29401964,-2.82136798,0.223343,0.034333,0.099540,0.223915,0.034721,0.100000,-0.008090,-0.005878,0.000055,-0.00051263,-0.00035570,0.00086768,0.99999943,1
1.800000,0.01120872,0.16189365,-0.77617419,1.59093320,-0.93477786,-0.29800975,-2.81075263,0.222682,0.031442,0.099434,0.223177,0.032319,0.100000,-0.006374,-0.007705,0.000627,-0.00067228,-0.00014642,0.00081777,0.99999943,1
1.820000,0.01504025,0.16472089,-0.78472286,1.58242500,-0.93735319,-0.30275282,-2.80005860,0.222171,0.028468,0.099323,0.222513,0.029895,0.100000,-0.004258,-0.009048,0.001789,-0.00078966,0.00007211,0.00071654,0.99999943,1
1.840000,0.02105247,0.16525076,-0.79529995,1.57178319,-0.93899530,-0.30776361,-2.78999352,0.221670,0.025531,0.099152,0.221927,0.027451,0.100000,-0.001874,-0.009823,0.003466,-0.00085737,0.00028618,0.00057032,0.99999943,1
1.860000,0.02921521,0.16333812,-0.80763054,1.55919349,-0.94030493,-0.31212470,-2.78122020,0.221000,0.022742,0.098883,0.221417,0.024991,0.100000,0.000628,-0.009980,0.005554,-0.00087113,0.00048230,0.00038827,0.99999943,1
1.880000,0.03929013,0.15895873,-0.82069212,1.54495656,-0.94182074,-0.31473765,-2.77402902,0.220152,0.020212,0.098577,0.220985,0.022515,0.100000,0.003090,-0.009511,0.007921,-0.00083007,0.00064813,0.00018179,0.99999943,1
1.900000,0.05122450,0.15240797,-0.83308816,1.52916491,-0.94351792,-0.31498972,-2.76843286,0.219278,0.017957,0.098347,0.220631,0.020027,0.100000,0.005358,-0.008443,0.010419,-0.00073679,0.00077323,-0.00003616,0.99999943,1
1.920000,0.06509361,0.14457591,-0.84361470,1.51176190,-0.94483191,-0.31283671,-2.76451945,0.218577,0.015904,0.098281,0.220355,0.017529,0.100000,0.007290,-0.006845,0.012890,-0.00059717,0.00084968,-0.00025190,0.99999943,1
1.940000,0.08097245,0.13675709,-0.85163903,1.49281979,-0.94522387,-0.30840367,-2.76239944,0.218152,0.013963,0.098394,0.220158,0.015023,0.100000,0.008763,-0.004818,0.015180,-0.00042001,0.00087267,-0.00045185,0.99999943,1
1.960000,0.09891190,0.13006933,-0.85689884,1.47234869,-0.94438505,-0.30192280,-2.76215196,0.218022,0.012000,0.098623,0.220039,0.012513,0.100000,0.009686,-0.002487,0.017145,-0.00021650,0.00084075,-0.00062344,0.99999943,1
1.980000,0.11861994,0.12528144,-0.85940182,1.45087862,-0.94222569,-0.29353827,-2.76377797,0.218165,0.009961,0.098868,0.220000,0.010000,0.100000,0.010000,0.000000,0.018660,0.00000057,0.00075592,-0.00075584,0.99999943,1
2.000000,0.13927785,0.12274174,-0.85929340,1.42910051,-0.93905693,-0.28351340,-2.76707482,0.218495,0.007836,0.099034,0.220039,0.007487,0.100000,0.009686,0.002487,0.019632,0.00021755,0.00062355,-0.00084070,0.99999943,1
2.020000,0.15962480,0.12256118,-0.85680610,1.40822291,-0.93562156,-0.27198324,-2.77162004,0.218873,0.005708,0.099083,0.220158,0.004977,0.100000,0.008763,0.004818,0.019998,0.00042080,0.00045199,-0.00087267,0.99999943,1
2.040000,0.17826164,0.12471158,-0.85212111,1.38912439,-0.93281853,-0.25926188,-2.77701116,0.219160,0.003616,0.099037,0.220355,0.002471,0.100000,0.007290,0.006845,0.019736,0.00059759,0.00025205,-0.00084972,0.99999943,1
2.060000,0.19451262,0.12891066,-0.84527427,1.37220395,-0.93115497,-0.24574110,-2.78282857,0.219332,0.001494,0.098948,0.220631,-0.000027,0.100000,0.005358,0.008443,0.018862,0.00073684,0.00003632,-0.00077330,0.99999943,1
2.080000,0.20812432,0.13462038,-0.83623415,1.35764921,-0.93065876,-0.23202209,-2.78879333,0.219479,-0.000744,0.098872,0.220985,-0.002515,0.100000,0.003090,0.009511,0.017431,0.00082984,-0.00018164,-0.00064824,0.99999943,1
2.100000,0.21909495,0.14107171,-0.82494640,1.34544563,-0.93079692,-0.21876189,-2.79467130,0.219806,-0.003170,0.098859,0.221417,-0.004991,0.100000,0.000628,0.009980,0.015534,0.00087076,-0.00038813,-0.00048244,0.99999943,1
2.120000,0.22764337,0.14765090,-0.81161165,1.33548748,-0.93091685,-0.20644055,-2.80013871,0.220500,-0.005828,0.098962,0.221927,-0.007451,0.100000,-0.001874,0.009823,0.013289,0.00085704,-0.00057020,-0.00028633,0.99999943,1
2.140000,0.23392266,0.15381335,-0.79701251,1.32781255,-0.93065119,-0.19561526,-2.80473971,0.221574,-0.008674,0.099171,0.222513,-0.009895,0.100000,-0.004258,0.009048,0.010837,0.00078956,-0.00071645,-0.00007228,0.99999943,1
2.160000,0.23800439,0.15916912,-0.78242606,1.32246244,-0.93018192,-0.18677977,-2.80798078,0.222852,-0.011604,0.099412,0.223177,-0.012319,0.100000,-0.006374,0.007705,0.008332,0.00067252,-0.00081771,0.00014627,0.99999943,1
2.180000,0.23991661,0.16347119,-0.76913369,1.31948388,-0.93000066,-0.18029490,-2.80942130,0.224111,-0.014473,0.099597,0.223915,-0.014721,0.100000,-0.008090,0.005878,0.005933,0.00051325,-0.00086767,0.00035556,0.99999943,1
2.200000,0.23985884,0.16673173,-0.75800949,1.31862223,-0.93059343,-0.17633158,-2.80876613,0.225202,-0.017180,0.099688,0.224730,-0.017099,0.100000,-0.009298,0.003681,0.003789,0.00032172,-0.00086318,0.00054248,0.99999943,1
2.220000,0.23832965,0.16893575,-0.74939096,1.31917012,-0.93234456,-0.17476821,-2.80598378,0.226094,-0.019715,0.099689,0.225618,-0.019450,0.100000,-0.009921,0.001253,0.002035,0.00010993,-0.00080453,0.00069530,0.99999943,1
2.240000,0.23629135,0.17011154,-0.74321842,1.31998074,-0.93531793,-0.17518778,-2.80132270,0.226857,-0.022174,0.099639,0.226580,-0.021772,0.100000,-0.009921,-0.001253,0.000781,-0.00010881,-0.00069540,0.00080447,0.99999943,1
2.260000,0.23494813,0.17019662,-0.73934722,1.31974435,-0.93920660,-0.17704701,-2.79518151,0.227607,-0.024700,0.099558,0.227614,-0.024062,0.100000,-0.009298,-0.003681,0.000107,-0.00032078,-0.00054260,0.00086316,0.99999943,1
2.280000,0.23513083,0.16906048,-0.73755735,1.31761158,-0.94349146,-0.17979264,-2.78818345,0.228462,-0.027337,0.099470,0.228720,-0.026319,0.100000,-0.008090,-0.005878,0.000055,-0.00051263,-0.00035570,0.00086768,0.99999943,1
2.300000,0.23723289,0.16662373,-0.73772925,1.31327391,-0.94781947,-0.18297781,-2.78081155,0.229450,-0.030027,0.099384,0.229895,-0.028540,0.100000,-0.006374,-0.007705,0.000627,-0.00067228,-0.00014642,0.00081777,0.99999943,1
2.320000,0.24139884,0.16260390,-0.73969865,1.30666268,-0.95216674,-0.18617968,-2.77353120,0.230519,-0.032672,0.099266,0.231141,-0.030723,0.100000,-0.004258,-0.009048,0.001789,-0.00078966,0.00007211,0.00071654,0.99999943,1
2.340000,0.24756368,0.15671347,-0.74289066,1.29811001,-0.95685524,-0.18883514,-2.76672101,0.231625,-0.035142,0.099130,0.232454,-0.032866,0.100000,-0.001874,-0.009823,0.003466,-0.00085737,0.00028617,0.00057032,0.99999943,1
2.360000,0.25558501,0.14865370,-0.74644572,1.28786397,-0.96219242,-0.19044577,-2.76066422,0.232763,-0.037353,0.099003,0.233834,-0.034967,0.100000,0.000628,-0.009980,0.005554,-0.00087113,0.00048230,0.00038827,0.99999943,1
2.380000,0.26533785,0.13837223,-0.74924171,1.27623904,-0.96821582,-0.19063650,-2.75572515,0.234016,-0.039263,0.098945,0.235279,-0.037023,0.100000,0.003090,-0.009511,0.007921,-0.00083007,0.00064813,0.00018180,0.99999943,1
2.400000,0.27684510,0.12633552,-0.75038916,1.26330698,-0.97460610,-0.18917502,-2.75225711,0.235467,-0.040915,0.098995,0.236788,-0.039033,0.100000,0.005358,-0.008443,0.010419,-0.00073679,0.00077323,-0.00003616,0.99999943,1
2.420000,0.29008290,0.11351100,-0.74944043,1.24911356,-0.98088163,-0.18588087,-2.75070262,0.237136,-0.042385,0.099148,0.238359,-0.040994,0.100000,0.007290,-0.006845,0.012890,-0.00059716,0.00084968,-0.00025190,0.99999943,1
2.440000,0.30493727,0.10104422,-0.74621016,1.23367167,-0.98650414,-0.18063165,-2.75128245,0.239016,-0.043774,0.099370,0.239991,-0.042905,0.100000,0.008763,-0.004818,0.015180,-0.00042001,0.00087267,-0.00045185,0.99999943,1
2.460000,0.32110634,0.08984238,-0.74064702,1.21705508,-0.99111283,-0.17346516,-2.75408101,0.241073,-0.045190,0.099602,0.241683,-0.044764,0.100000,0.009686,-0.002487,0.017145,-0.00021650,0.00084074,-0.00062344,0.99999943,1
2.480000,0.33786526,0.08038209,-0.73278713,1.19971478,-0.99453169,-0.16447942,-2.75900006,0.243261,-0.046668,0.099786,0.243431,-0.046569,0.100000,0.010000,0.000000,0.018660,0.00000057,0.00075592,-0.00075584,0.99999943,1
2.500000,0.35394767,0.07288188,-0.72278917,1.18268514,-0.99679840,-0.15385851,-2.76589847,0.245497,-0.048133,0.099922,0.245236,-0.048317,0.100000,0.009686,0.002487,0.019632,0.00021755,0.00062355,-0.00084070,0.99999943,1
2.520000,0.36827692,0.06724327,-0.71091276,1.16697502,-0.99817550,-0.14190201,-2.77457786,0.247672,-0.049526,0.100018,0.247095,-0.050009,0.100000,0.008763,0.004818,0.019998,0.00042080,0.00045199,-0.00087267,0.99999943,1
2.540000,0.38005900,0.06329328,-0.69729656,1.15326762,-0.99883848,-0.12898506,-2.78477478,0.249753,-0.050857,0.100121,0.249006,-0.051641,0.100000,0.007290,0.006845,0.019736,0.00059760,0.00025205,-0.00084972,0.99999943,1
2.560000,0.38901684,0.06052792,-0.68219620,1.14188302,-0.99878657,-0.11568338,-2.79621220,0.251749,-0.052173,0.100223,0.250967,-0.053212,0.100000,0.005358,0.008443,0.018862,0.00073684,0.00003632,-0.00077330,0.99999943,1
2.580000,0.39520174,0.05840799,-0.66570616,1.13285458,-0.99793375,-0.10259470,-2.80813789,0.253754,-0.053557,0.100337,0.252977,-0.054721,0.100000,0.003090,0.009511,0.017431,0.00082984,-0.00018164,-0.00064824,0.99999943,1
2.600000,0.39881063,0.05633925,-0.64811528,1.12606192,-0.99622858,-0.09029257,-2.81969357,0.255847,-0.055067,0.100449,0.255033,-0.056166,0.100000,0.000628,0.009980,0.015534,0.00087076,-0.00038813,-0.00048244,0.99999943,1
2.620000,0.40010878,0.05378882,-0.62983340,1.12150252,-0.99364400,-0.07928137,-2.83012342,0.258098,-0.056699,0.100544,0.257134,-0.057546,0.100000,-0.001874,0.009823,0.013289,0.00085704,-0.00057020,-0.00028633,0.99999943,1
2.640000,0.39932358,0.05049459,-0.61168718,1.11912131,-0.99048519,-0.06988968,-2.83881664,0.260444,-0.058405,0.100580,0.259277,-0.058859,0.100000,-0.004258,0.009048,0.010837,0.00078956,-0.00071645,-0.00007228,0.99999943,1
2.660000,0.39653537,0.04631493,-0.59448117,1.11899316,-0.98715466,-0.06241264,-2.84549284,0.262810,-0.060076,0.100535,0.261460,-0.060105,0.100000,-0.006374,0.007705,0.008332,0.00067252,-0.00081771,0.00014626,0.99999943,1
2.680000,0.39189851,0.04126805,-0.57902312,1.12114918,-0.98407704,-0.05713098,-2.84986544,0.265100,-0.061589,0.100390,0.263681,-0.061281,0.100000,-0.008090,0.005878,0.005933,0.00051325,-0.00086767,0.00035556,0.99999943,1
2.700000,0.38567233,0.03552790,-0.56583518,1.12548769,-0.98174083,-0.05409645,-2.85185599,0.267246,-0.062855,0.100169,0.265938,-0.062386,0.100000,-0.009298,0.003681,0.003788,0.00032172,-0.00086318,0.00054248,0.99999943,1
2.720000,0.37834120,0.02923393,-0.55503905,1.13159966,-0.98055583,-0.05320645,-2.85152078,0.269246,-0.063855,0.099920,0.268228,-0.063420,0.100000,-0.009921,0.001253,0.002035,0.00010993,-0.00080453,0.00069530,0.99999943,1
2.740000,0.37073672,0.02254330,-0.54662693,1.13855028,-0.98082590,-0.05418343,-2.84903741,0.271113,-0.064677,0.099668,0.270550,-0.064382,0.100000,-0.009921,-0.001253,0.000781,-0.00010882,-0.00069540,0.00080447,0.99999943,1
2.760000,0.36403388,0.01547443,-0.54042107,1.14491570,-0.98249990,-0.05662893,-2.84474778,0.272922,-0.065502,0.099406,0.272901,-0.065270,0.100000,-0.009298,-0.003681,0.000107,-0.00032078,-0.00054260,0.00086315,0.99999943,1
2.780000,0.35901055,0.00797174,-0.53619677,1.14969969,-0.98515487,-0.06009634,-2.83922505,0.274769,-0.066403,0.099143,0.275279,-0.066085,0.100000,-0.008090,-0.005878,0.000055,-0.00051263,-0.00035570,0.00086768,0.99999943,1
2.800000,0.35602364,-0.00001796,-0.53354371,1.15240395,-0.98845303,-0.06416158,-2.83308434,0.276733,-0.067369,0.098934,0.277681,-0.066824,0.100000,-0.006374,-0.007705,0.000627,-0.00067228,-0.00014642,0.00081777,0.99999943,1
2.820000,0.35515717,-0.00885341,-0.53189105,1.15295362,-0.99232858,-0.06828271,-2.82692313,0.278856,-0.068313,0.098794,0.280105,-0.067487,0.100000,-0.004258,-0.009048,0.001789,-0.00078966,0.00007211,0.00071654,0.99999943,1
2.840000,0.35630512,-0.01891801,-0.53046960,1.15162480,-0.99698234,-0.07200813,-2.82124686,0.281151,-0.069122,0.098745,0.282549,-0.068073,0.100000,-0.001874,-0.009823,0.003466,-0.00085737,0.00028618,0.00057032,0.99999943,1
2.860000,0.35933870,-0.03035841,-0.52849656,1.14880860,-1.00250936,-0.07497554,-2.81653762,0.283618,-0.069706,0.098818,0.285010,-0.068583,0.100000,0.000628,-0.009980,0.005554,-0.00087113,0.00048230,0.00038827,0.99999943,1
2.880000,0.36418346,-0.04313613,-0.52534103,1.14467287,-1.00890386,-0.07684339,-2.81314588,0.286236,-0.070044,0.099000,0.287485,-0.069015,0.100000,0.003090,-0.009511,0.007921,-0.00083007,0.00064814,0.00018180,0.99999943,1
2.900000,0.37081933,-0.05699388,-0.52060413,1.13934195,-1.01582706,-0.07742142,-2.81144786,0.288984,-0.070149,0.099249,0.289973,-0.069369,0.100000,0.005358,-0.008443,0.010419,-0.00073679,0.00077323,-0.00003616,0.99999943,1
2.920000,0.37917307,-0.07122158,-0.51401782,1.13282025,-1.02270138,-0.07649624,-2.81176400,0.291851,-0.070098,0.099556,0.292471,-0.069645,0.100000,0.007290,-0.006845,0.012890,-0.00059717,0.00084968,-0.00025189,0.99999943,1
2.940000,0.38896307,-0.08511155,-0.50541425,1.12505126,-1.02899086,-0.07382884,-2.81435180,0.294829,-0.069988,0.099900,0.294977,-0.069842,0.100000,0.008763,-0.004818,0.015180,-0.00042001,0.00087267,-0.00045185,0.99999943,1
2.960000,0.39964363,-0.09811792,-0.49479431,1.11633074,-1.03418255,-0.06938922,-2.81926465,0.297893,-0.069865,0.100248,0.297487,-0.069961,0.100000,0.009686,-0.002487,0.017145,-0.00021650,0.00084075,-0.00062344,0.99999943,1
2.980000,0.41024095,-0.11001404,-0.48237866,1.10732937,-1.03796434,-0.06320771,-2.82647014,0.300972,-0.069683,0.100560,0.300000,-0.070000,0.100000,0.010000,0.000000,0.018660,0.00000057,0.00075592,-0.00075584,0.99999943,1
3.000000,0.41964376,-0.12073167,-0.46825489,1.09906042,-1.04024351,-0.05545859,-2.83577943,0.304016,-0.069367,0.100855,0.302513,-0.069961,0.100000,0.009686,0.002487,0.019632,0.00021755,0.00062355,-0.00084070,0.99999943,1
3.020000,0.42695823,-0.13031708,-0.45279115,1.09233558,-1.04104853,-0.04640762,-2.84704185,0.306937,-0.068872,0.101123,0.305023,-0.069842,0.100000,0.008763,0.004818,0.019998,0.00042080,0.00045199,-0.00087267,0.99999943,1
3.040000,0.43171701,-0.13898830,-0.43626025,1.08763969,-1.04053283,-0.03653393,-2.86000514,0.309690,-0.068225,0.101342,0.307529,-0.069645,0.100000,0.007290,0.006845,0.019736,0.00059759,0.00025205,-0.00084972,0.99999943,1
3.060000,0.43382818,-0.14712575,-0.41889113,1.08507836,-1.03882325,-0.02631662,-2.87398028,0.312292,-0.067502,0.101462,0.310027,-0.069369,0.100000,0.005358,0.008443,0.018862,0.00073684,0.00003632,-0.00077330,0.99999943,1
3.080000,0.43344179,-0.15492922,-0.40084606,1.08463693,-1.03615415,-0.01627417,-2.88798690,0.314780,-0.066807,0.101482,0.312515,-0.069015,0.100000,0.003090,0.009511,0.017431,0.00082984,-0.00018164,-0.00064824,0.99999943,1
3.100000,0.43076223,-0.16257614,-0.38235718,1.08612132,-1.03278828,-0.00688200,-2.90102601,0.317201,-0.066234,0.101406,0.314990,-0.068583,0.100000,0.000628,0.009980,0.015534,0.00087076,-0.00038813,-0.00048243,0.99999943,1
3.120000,0.42591107,-0.17015070,-0.36388245,1.08943856,-1.02886629,0.00136140,-2.91224265,0.319583,-0.065804,0.101250,0.317451,-0.068073,0.100000,-0.001874,0.009823,0.013289,0.00085704,-0.00057020,-0.00028633,0.99999943,1
3.140000,0.41912881,-0.17759764,-0.34591764,1.09448755,-1.02453601,0.00814636,-2.92116666,0.321954,-0.065514,0.101049,0.319895,-0.067487,0.100000,-0.004258,0.009048,0.010837,0.00078956,-0.00071645,-0.00007227,0.99999943,1
3.160000,0.41049850,-0.18494630,-0.32920933,1.10127938,-1.02014244,0.01309669,-2.92758727,0.324253,-0.065277,0.100799,0.322319,-0.066823,0.100000,-0.006374,0.007705,0.008332,0.00067252,-0.00081771,0.00014626,0.99999943,1
3.180000,0.40009052,-0.19217072,-0.31445381,1.10997093,-1.01608205,0.01599589,-2.93144298,0.326412,-0.064961,0.100506,0.324721,-0.066085,0.100000,-0.008090,0.005878,0.005933,0.00051325,-0.00086767,0.00035555,0.99999943,1
3.200000,0.38798100,-0.19938383,-0.30206808,1.12062192,-1.01269138,0.01675237,-2.93286490,0.328413,-0.064426,0.100181,0.327099,-0.065270,0.100000,-0.009298,0.003681,0.003788,0.00032172,-0.00086318,0.00054247,0.99999943,1
3.220000,0.37454581,-0.20656745,-0.29217577,1.13305771,-1.01027930,0.01530045,-2.93189168,0.330265,-0.063611,0.099867,0.329450,-0.064382,0.100000,-0.009921,0.001253,0.002035,0.00010993,-0.00080453,0.00069530,0.99999943,1
3.240000,0.36041737,-0.21370266,-0.28476772,1.14667153,-1.00908399,0.01182659,-2.92874742,0.331989,-0.062539,0.099592,0.331772,-0.063420,0.100000,-0.009921,-0.001253,0.000781,-0.00010882,-0.00069540,0.00080447,0.99999943,1
3.260000,0.34670603,-0.22084188,-0.27975065,1.16036010,-1.00916505,0.00657553,-2.92372060,0.333614,-0.061342,0.099330,0.334062,-0.062386,0.100000,-0.009298,-0.003681,0.000107,-0.00032078,-0.00054260,0.00086316,0.99999943,1
3.280000,0.33439165,-0.22806384,-0.27685556,1.17286372,-1.01010215,-0.00002762,-2.91744399,0.335249,-0.060164,0.099081,0.336319,-0.061281,0.100000,-0.008090,-0.005878,0.000055,-0.00051263,-0.00035570,0.00086768,0.99999943,1
3.300000,0.32415119,-0.23554836,-0.27569520,1.18344450,-1.01141775,-0.00746195,-2.91059279,0.336992,-0.059049,0.098855,0.338540,-0.060105,0.100000,-0.006374,-0.007705,0.000627,-0.00067228,-0.00014642,0.00081777,0.99999943,1
3.320000,0.31612206,-0.24344744,-0.27569294,1.19181597,-1.01303673,-0.01499476,-2.90399718,0.338884,-0.057961,0.098703,0.340723,-0.058859,0.100000,-0.004258,-0.009048,0.001789,-0.00078966,0.00007212,0.00071654,0.99999943,1
3.340000,0.31030688,-0.25203472,-0.27607933,1.19808495,-1.01515210,-0.02196775,-2.89818978,0.340933,-0.056826,0.098657,0.342866,-0.057546,0.100000,-0.001874,-0.009823,0.003466,-0.00085737,0.00028618,0.00057033,0.99999943,1
3.360000,0.30653265,-0.26152125,-0.27608532,1.20250440,-1.01796627,-0.02805688,-2.89351153,0.343118,-0.055560,0.098733,0.344967,-0.056166,0.100000,0.000628,-0.009980,0.005554,-0.00087113,0.00048230,0.00038828,0.99999943,1
3.380000,0.30478072,-0.27196077,-0.27514473,1.20528209,-1.02146602,-0.03302564,-2.89019036,0.345401,-0.054126,0.098906,0.347023,-0.054721,0.100000,0.003090,-0.009511,0.007921,-0.00083007,0.00064813,0.00018180,0.99999943,1
3.400000,0.30491513,-0.28317732,-0.27279770,1.20660341,-1.02536643,-0.03674974,-2.88844514,0.347762,-0.052518,0.099163,0.349033,-0.053212,0.100000,0.005358,-0.008443,0.010419,-0.00073679,0.00077323,-0.00003615,0.99999943,1
3.420000,0.30685428,-0.29471722,-0.26878914,1.20661724,-1.02928495,-0.03908562,-2.88853765,0.350164,-0.050782,0.099498,0.350994,-0.051641,0.100000,0.007290,-0.006845,0.012890,-0.00059717,0.00084968,-0.00025189,0.99999943,1
3.440000,0.31027597,-0.30622348,-0.26293051,1.20539558,-1.03272736,-0.03994375,-2.89068007,0.352604,-0.048974,0.099873,0.352905,-0.050009,0.100000,0.008763,-0.004818,0.015180,-0.00042001,0.00087267,-0.00045185,0.99999943,1
3.460000,0.31460848,-0.31737724,-0.25519198,1.20338488,-1.03533244,-0.03927770,-2.89499259,0.355050,-0.047104,0.100248,0.354764,-0.048317,0.100000,0.009686,-0.002487,0.017145,-0.00021650,0.00084074,-0.00062344,0.99999943,1
3.480000,0.31893834,-0.32796857,-0.24570610,1.20128858,-1.03692162,-0.03708325,-2.90144706,0.357439,-0.045131,0.100579,0.356569,-0.046569,0.100000,0.010000,0.000000,0.018660,0.00000057,0.00075592,-0.00075584,0.99999943,1
3.500000,0.32221925,-0.33784169,-0.23458374,1.20012033,-1.03759122,-0.03349984,-2.90985990,0.359698,-0.042987,0.100868,0.358317,-0.044764,0.100000,0.009686,0.002487,0.019632,0.00021755,0.00062355,-0.00084070,0.99999943,1
3.520000,0.32359046,-0.34708056,-0.22204445,1.20054770,-1.03750300,-0.02878129,-2.91993546,0.361762,-0.040653,0.101065,0.360009,-0.042905,0.100000,0.008763,0.004818,0.019998,0.00042080,0.00045199,-0.00087267,0.99999943,1
3.540000,0.32265228,-0.35563928,-0.20836164,1.20295262,-1.03687811,-0.02321579,-2.93101192,0.363583,-0.038189,0.101152,0.361641,-0.040994,0.100000,0.007290,0.006845,0.019736,0.00059759,0.00025205,-0.00084972,0.99999943,1
3.560000,0.31935513,-0.36349714,-0.19379365,1.20741677,-1.03575873,-0.01724710,-2.94229007,0.365178,-0.035701,0.101118,0.363212,-0.039033,0.100000,0.005358,0.008443,0.018862,0.00073684,0.00003632,-0.00077330,0.99999943,1
3.580000,0.31381962,-0.37053648,-0.17856495,1.21377373,-1.03396487,-0.01139850,-2.95281339,0.366633,-0.033320,0.101002,0.364721,-0.037023,0.100000,0.003090,0.009511,0.017431,0.00082984,-0.00018164,-0.00064824,0.99999943,1
3.600000,0.30627680,-0.37648204,-0.16303265,1.22184515,-1.03138804,-0.00626062,-2.96176553,0.368007,-0.031158,0.100887,0.366166,-0.034967,0.100000,0.000628,0.009980,0.015534,0.00087076,-0.00038813,-0.00048244,0.99999943,1
3.620000,0.29688087,-0.38120291,-0.14778690,1.23142302,-1.02799964,-0.00235154,-2.96872497,0.369322,-0.029268,0.100814,0.367546,-0.032866,0.100000,-0.001874,0.009823,0.013289,0.00085704,-0.00057020,-0.00028633,0.99999943,1
3.640000,0.28571534,-0.38481990,-0.13346952,1.24250805,-1.02417588,-0.00009600,-2.97354627,0.370535,-0.027613,0.100772,0.368859,-0.030723,0.100000,-0.004258,0.009048,0.010837,0.00078956,-0.00071645,-0.00007228,0.99999943,1
3.660000,0.27262971,-0.38764426,-0.12083017,1.25517333,-1.02034211,0.00027194,-2.97628188,0.371584,-0.026066,0.100689,0.370105,-0.028540,0.100000,-0.006374,0.007705,0.008332,0.00067252,-0.00081771,0.00014626,0.99999943,1
3.680000,0.25766164,-0.38989288,-0.11036704,1.26947701,-1.01698315,-0.00136867,-2.97707677,0.372437,-0.024513,0.100538,0.371281,-0.026319,0.100000,-0.008090,0.005878,0.005933,0.00051325,-0.00086767,0.00035556,0.99999943,1
3.700000,0.24083392,-0.39179501,-0.10233147,1.28547633,-1.01448047,-0.00510876,-2.97606254,0.373104,-0.022819,0.100317,0.372386,-0.024062,0.100000,-0.009298,0.003681,0.003789,0.00032172,-0.00086318,0.00054247,0.99999943,1
3.720000,0.22238781,-0.39340413,-0.09682481,1.30308783,-1.01310122,-0.01097726,-2.97340131,0.373612,-0.020894,0.100076,0.373420,-0.021772,0.100000,-0.009921,0.001253,0.002035,0.00010993,-0.00080453,0.00069530,0.99999943,1
3.740000,0.20282683,-0.39489540,-0.09380075,1.32188785,-1.01299942,-0.01894432,-2.96921802,0.374000,-0.018709,0.099828,0.374382,-0.019450,0.100000,-0.009921,-0.001253,0.000781,-0.00010881,-0.00069540,0.00080447,0.99999943,1
3.760000,0.18309624,-0.39636949,-0.09318959,1.34105873,-1.01416469,-0.02884290,-2.96361470,0.374296,-0.016340,0.099584,0.375270,-0.017099,0.100000,-0.009298,-0.003681,0.000107,-0.00032078,-0.00054260,0.00086316,0.99999943,1
3.780000,0.16425058,-0.39797932,-0.09485779,1.35948610,-1.01607907,-0.04040591,-2.95688128,0.374584,-0.013918,0.099343,0.376085,-0.014721,0.100000,-0.008090,-0.005878,0.000055,-0.00051263,-0.00035570,0.00086768,0.99999943,1
3.800000,0.14719410,-0.39979446,-0.09861080,1.37621474,-1.01789689,-0.05320430,-2.94962716,0.374974,-0.011549,0.099134,0.376823,-0.012319,0.100000,-0.006374,-0.007705,0.000627,-0.00067228,-0.00014642,0.00081777,0.99999943,1
3.820000,0.13242850,-0.40190911,-0.10420406,1.39080024,-1.01901138,-0.06655872,-2.94266963,0.375517,-0.009245,0.098975,0.377487,-0.009895,0.100000,-0.004258,-0.009048,0.001789,-0.00078966,0.00007212,0.00071654,0.99999943,1
3.840000,0.12000342,-0.40447515,-0.11121722,1.40308821,-1.01933765,-0.07952951,-2.93678975,0.376198,-0.006960,0.098871,0.378073,-0.007451,0.100000,-0.001874,-0.009823,0.003466,-0.00085737,0.00028618,0.00057032,0.99999943,1
3.860000,0.10987394,-0.40762070,-0.11909503,1.41315103,-1.01933742,-0.09115330,-2.93235803,0.376921,-0.004637,0.098819,0.378583,-0.004991,0.100000,0.000628,-0.009980,0.005554,-0.00087113,0.00048230,0.00038827,0.99999943,1
3.880000,0.10187571,-0.41153359,-0.12703626,1.42123234,-1.01943064,-0.10102007,-2.92941928,0.377626,-0.002214,0.098816,0.379015,-0.002515,0.100000,0.003090,-0.009511,0.007921,-0.00083007,0.00064814,0.00018180,0.99999943,1
3.900000,0.09578928,-0.41621616,-0.13430253,1.42752779,-1.01975894,-0.10908270,-2.92791295,0.378275,0.000334,0.098865,0.379369,-0.000027,0.100000,0.005358,-0.008443,0.010419,-0.00073679,0.00077323,-0.00003616,0.99999943,1
3.920000,0.09157237,-0.42147782,-0.14029911,1.43216646,-1.02025509,-0.11540110,-2.92782617,0.378849,0.002974,0.098975,0.379645,0.002471,0.100000,0.007290,-0.006845,0.012890,-0.00059717,0.00084968,-0.00025189,0.99999943,1
3.940000,0.08899556,-0.42701903,-0.14465748,1.43528461,-1.02072370,-0.12009680,-2.92921090,0.379327,0.005662,0.099132,0.379842,0.004977,0.100000,0.008763,-0.004818,0.015180,-0.00042002,0.00087267,-0.00045185,0.99999943,1
3.960000,0.08780504,-0.43246937,-0.14711778,1.43719864,-1.02093577,-0.12317044,-2.93208003,0.379711,0.008353,0.099327,0.379961,0.007487,0.100000,0.009686,-0.002487,0.017145,-0.00021650,0.00084074,-0.00062344,0.99999943,1
3.980000,0.08747264,-0.43752182,-0.14764389,1.43851912,-1.02078009,-0.12470531,-2.93632770,0.379972,0.011044,0.099521,0.380000,0.010000,0.100000,0.010000,0.000000,0.018660,0.00000057,0.00075592,-0.00075584,0.99999943,1
4.000000,0.08714757,-0.44198072,-0.14627820,1.44018579,-1.02036941,-0.12480658,-2.94158149,0.380074,0.013793,0.099669,0.379961,0.012513,0.100000,0.009686,0.002487,0.019632,0.00021755,0.00062355,-0.00084070,0.99999943,1
4.020000,0.08590361,-0.44561672,-0.14306210,1.44309223,-1.01998341,-0.12369389,-2.94736123,0.379985,0.016645,0.099771,0.379842,0.015023,0.100000,0.008763,0.004818,0.019998,0.00042080,0.00045199,-0.00087267,0.99999943,1
4.040000,0.08312358,-0.44833016,-0.13804802,1.44777501,-1.01979423,-0.12168241,-2.95309711,0.379718,0.019579,0.099826,0.379645,0.017529,0.100000,0.007290,0.006845,0.019736,0.00059759,0.00025205,-0.00084972,0.99999943,1
4.060000,0.07852917,-0.44995371,-0.13138872,1.45438254,-1.01956224,-0.11928628,-2.95832086,0.379357,0.022516,0.099863,0.379369,0.020027,0.100000,0.005358,0.008443,0.018862,0.00073684,0.00003632,-0.00077330,0.99999943,1
4.080000,0.07213577,-0.45021299,-0.12329435,1.46278596,-1.01883268,-0.11716729,-2.96266818,0.379024,0.025339,0.099967,0.379015,0.022515,0.100000,0.003090,0.009511,0.017431,0.00082984,-0.00018164,-0.00064824,0.99999943,1
4.100000,0.06407786,-0.44888243,-0.11439192,1.47281337,-1.01726639,-0.11591874,-2.96599603,0.378753,0.027959,0.100184,0.378583,0.024991,0.100000,0.000628,0.009980,0.015534,0.00087076,-0.00038813,-0.00048243,0.99999943,1
4.120000,0.05437395,-0.44598645,-0.10568647,1.48436618,-1.01497686,-0.11590753,-2.96819043,0.378454,0.030351,0.100455,0.378073,0.027451,0.100000,-0.001874,0.009823,0.013289,0.00085704,-0.00057020,-0.00028633,0.99999943,1
4.140000,0.04298270,-0.44178209,-0.09818732,1.49735177,-1.01242375,-0.11727110,-2.96926475,0.377999,0.032536,0.100665,0.377487,0.029895,0.100000,-0.004258,0.009048,0.010837,0.00078956,-0.00071645,-0.00007227,0.99999943,1
4.160000,0.02982014,-0.43653715,-0.09250073,1.51176548,-1.01007104,-0.12007616,-2.96926475,0.377344,0.034579,0.100756,0.376823,0.032319,0.100000,-0.006374,0.007705,0.008332,0.00067252,-0.00081771,0.00014626,0.99999943,1
4.180000,0.01487608,-0.43040472,-0.08904199,1.52747738,-1.00831413,-0.12445304,-2.96818328,0.376481,0.036549,0.100728,0.376085,0.034721,0.100000,-0.008090,0.005878,0.005933,0.00051325,-0.00086767,0.00035556,0.99999943,1
4.200000,-0.00175224,-0.42352766,-0.08803552,1.54440510,-1.00746405,-0.13049617,-2.96601892,0.375434,0.038533,0.100608,0.375270,0.037099,0.100000,-0.009298,0.003681,0.003789,0.00032172,-0.00086318,0.00054247,0.99999943,1
4.220000,-0.01995291,-0.41602090,-0.08959144,1.56226289,-1.00779986,-0.13824204,-2.96271539,0.374219,0.040605,0.100435,0.374382,0.039450,0.100000,-0.009921,0.001253,0.002035,0.00010993,-0.00080453,0.00069530,0.99999943,1
4.240000,-0.03934197,-0.40819508,-0.09371112,1.58062613,-1.00956440,-0.14771216,-2.95822597,0.372850,0.042800,0.100203,0.373420,0.041772,0.100000,-0.009921,-0.001253,0.000781,-0.00010881,-0.00069540,0.00080447,0.99999943,1
4.260000,-0.05915246,-0.40033653,-0.10023724,1.59873104,-1.01273072,-0.15882044,-2.95253778,0.371369,0.045061,0.099942,0.372386,0.044062,0.100000,-0.009298,-0.003681,0.000107,-0.00032078,-0.00054260,0.00086316,0.99999943,1
4.280000,-0.07852436,-0.39275157,-0.10902486,1.61573100,-1.01695275,-0.17145649,-2.94574857,0.369828,0.047299,0.099670,0.371281,0.046319,0.100000,-0.008090,-0.005878,0.000055,-0.00051263,-0.00035570,0.00086768,0.99999943,1
4.300000,-0.09655505,-0.38580689,-0.11982086,1.63108194,-1.02136350,-0.18544148,-2.93814778,0.368350,0.049443,0.099412,0.370105,0.048540,0.100000,-0.006374,-0.007705,0.000627,-0.00067228,-0.00014642,0.00081777,0.99999943,1
4.320000,-0.11258292,-0.37961653,-0.13245964,1.64435327,-1.02500474,-0.20053138,-2.93022561,0.367018,0.051449,0.099211,0.368859,0.050723,0.100000,-0.004258,-0.009048,0.001789,-0.00078966,0.00007211,0.00071654,0.99999943,1
4.340000,-0.12620069,-0.37440360,-0.14658985,1.65539896,-1.02709830,-0.21619853,-2.92293572,0.365905,0.053317,0.099076,0.367546,0.052866,0.100000,-0.001874,-0.009823,0.003466,-0.00085737,0.00028618,0.00057032,0.99999943,1
4.360000,-0.13721055,-0.37023386,-0.16186482,1.66429734,-1.02748442,-0.23166253,-2.91708350,0.364971,0.055093,0.099005,0.366166,0.054967,0.100000,0.000628,-0.009980,0.005554,-0.00087113,0.00048230,0.00038827,0.99999943,1
4.380000,-0.14572223,-0.36710912,-0.17785834,1.67124355,-1.02659154,-0.24589080,-2.91306281,0.364091,0.056853,0.098979,0.364721,0.057023,0.100000,0.003090,-0.009511,0.007921,-0.00083007,0.00064813,0.00018180,0.99999943,1
4.400000,-0.15193911,-0.36496142,-0.19417056,1.67644262,-1.02512980,-0.25813681,-2.91082454,0.363080,0.058658,0.098958,0.363212,0.059033,0.100000,0.005358,-0.008443,0.010419,-0.00073679,0.00077323,-0.00003616,0.99999943,1
4.420000,-0.15603654,-0.36364874,-0.21028256,1.68006086,-1.02362990,-0.26815069,-2.91013646,0.361803,0.060535,0.098921,0.361641,0.060994,0.100000,0.007290,-0.006845,0.012890,-0.00059717,0.00084968,-0.00025190,0.99999943,1
4.440000,-0.15826534,-0.36288977,-0.22560501,1.68227458,-1.02223396,-0.27602935,-2.91069579,0.360219,0.062483,0.098873,0.360009,0.062905,0.100000,0.008763,-0.004818,0.015180,-0.00042001,0.00087267,-0.00045185,0.99999943,1
4.460000,-0.15870504,-0.36217424,-0.23940052,1.68318868,-1.02082813,-0.28189299,-2.91235662,0.358386,0.064459,0.098899,0.358317,0.064764,0.100000,0.009686,-0.002487,0.017145,-0.00021650,0.00084075,-0.00062344,0.99999943,1
4.480000,-0.15746042,-0.36102703,-0.25129774,1.68313444,-1.01907873,-0.28596568,-2.91502023,0.356376,0.066414,0.099020,0.356569,0.066569,0.100000,0.010000,0.000000,0.018660,0.00000057,0.00075592,-0.00075584,0.99999943,1
4.500000,-0.15480196,-0.35909283,-0.26099873,1.68275094,-1.01675248,-0.28832448,-2.91855931,0.354288,0.068335,0.099236,0.354764,0.068317,0.100000,0.009686,0.002487,0.019632,0.00021755,0.00062355,-0.00084070,0.99999943,1
4.520000,-0.15147708,-0.35618529,-0.26837516,1.68297756,-1.01405132,-0.28911993,-2.92266679,0.352164,0.070277,0.099498,0.352905,0.070009,0.100000,0.008763,0.004818,0.019998,0.00042080,0.00045199,-0.00087267,0.99999943,1
4.540000,-0.14851835,-0.35223129,-0.27341825,1.68453717,-1.01143086,-0.28850037,-2.92690253,0.350012,0.072286,0.099743,0.350994,0.071641,0.100000,0.007290,0.006845,0.019736,0.00059759,0.00025205,-0.00084972,0.99999943,1
4.560000,-0.14674522,-0.34713119,-0.27621093,1.68782914,-1.00914598,-0.28680173,-2.93082881,0.347864,0.074355,0.099952,0.349033,0.073212,0.100000,0.005358,0.008443,0.018862,0.00073684,0.00003632,-0.00077330,0.99999943,1
4.580000,-0.14648505,-0.34073263,-0.27684450,1.69282341,-1.00701869,-0.28449234,-2.93415475,0.345828,0.076401,0.100176,0.347023,0.074721,0.100000,0.003090,0.009511,0.017431,0.00082984,-0.00018164,-0.00064824,0.99999943,1
4.600000,-0.14779787,-0.33280671,-0.27589175,1.69930696,-1.00468349,-0.28213340,-2.93676353,0.343949,0.078319,0.100460,0.344967,0.076166,0.100000,0.000628,0.009980,0.015534,0.00087076,-0.00038813,-0.00048243,0.99999943,1
4.620000,-0.15070653,-0.32335204,-0.27439660,1.70720017,-1.00201130,-0.28027844,-2.93855596,0.342152,0.080046,0.100754,0.342866,0.077546,0.100000,-0.001874,0.009823,0.013289,0.00085704,-0.00057020,-0.00028633,0.99999943,1
4.640000,-0.15527616,-0.31247324,-0.27351210,1.71632206,-0.99919808,-0.27928546,-2.93947196,0.340304,0.081546,0.100979,0.340723,0.078859,0.100000,-0.004258,0.009048,0.010837,0.00078956,-0.00071645,-0.00007227,0.99999943,1
4.660000,-0.16161428,-0.30036679,-0.27409035,1.72651780,-0.99656802,-0.27941471,-2.93935275,0.338319,0.082834,0.101071,0.338540,0.080105,0.100000,-0.006374,0.007705,0.008332,0.00067252,-0.00081771,0.00014626,0.99999943,1
4.680000,-0.16982746,-0.28713217,-0.27670315,1.73758161,-0.99449140,-0.28092915,-2.93809485,0.336146,0.083958,0.101025,0.336319,0.081281,0.100000,-0.008090,0.005878,0.005933,0.00051325,-0.00086767,0.00035556,0.99999943,1
4.700000,-0.17988434,-0.27300957,-0.28162104,1.74923420,-0.99333680,-0.28400922,-2.93555617,0.333782,0.084972,0.100847,0.334062,0.082386,0.100000,-0.009298,0.003681,0.003789,0.00032172,-0.00086318,0.00054247,0.99999943,1
4.720000,-0.19163218,-0.25822979,-0.28900629,1.76111007,-0.99345070,-0.28880233,-2.93158174,0.331218,0.085930,0.100554,0.331772,0.083420,0.100000,-0.009921,0.001253,0.002035,0.00010993,-0.00080453,0.00069530,0.99999943,1
4.740000,-0.20477618,-0.24315710,-0.29870808,1.77261508,-0.99506003,-0.29527771,-2.92607951,0.328494,0.086846,0.100178,0.329450,0.084382,0.100000,-0.009921,-0.001253,0.000781,-0.00010881,-0.00069540,0.00080447,0.99999943,1
4.760000,-0.21865164,-0.22834152,-0.31058717,1.78312528,-0.99819511,-0.30342078,-2.91919065,0.325651,0.087682,0.099727,0.327099,0.085270,0.100000,-0.009298,-0.003681,0.000107,-0.00032078,-0.00054260,0.00086316,0.99999943,1
4.780000,-0.23241238,-0.21418981,-0.32443470,1.79201055,-1.00245035,-0.31297079,-2.91108966,0.322773,0.088374,0.099264,0.324721,0.086085,0.100000,-0.008090,-0.005878,0.000055,-0.00051263,-0.00035571,0.00086768,0.99999943,1
4.800000,-0.24506788,-0.20124824,-0.34006679,1.79887521,-1.00700128,-0.32372922,-2.90213466,0.319985,0.088845,0.098825,0.322319,0.086823,0.100000,-0.006374,-0.007705,0.000627,-0.00067228,-0.00014642,0.00081777,0.99999943,1
4.820000,-0.25576839,-0.18985018,-0.35722065,1.80354166,-1.01075280,-0.33544534,-2.89294076,0.317424,0.089058,0.098478,0.319895,0.087487,0.100000,-0.004258,-0.009048,0.001789,-0.00078966,0.00007211,0.00071654,0.99999943,1
4.840000,-0.26400834,-0.18024461,-0.37560034,1.80608404,-1.01285660,-0.34789965,-2.88432860,0.315170,0.089038,0.098253,0.317451,0.088073,0.100000,-0.001874,-0.009823,0.003466,-0.00085737,0.00028618,0.00057032,0.99999943,1
4.860000,-0.26951766,-0.17250939,-0.39476010,1.80665147,-1.01297355,-0.36043450,-2.87729383,0.313226,0.088852,0.098177,0.314990,0.088583,0.100000,0.000628,-0.009980,0.005554,-0.00087113,0.00048230,0.00038827,0.99999943,1
4.880000,-0.27233744,-0.16659826,-0.41447043,1.80540264,-1.01144290,-0.37203059,-2.87241054,0.311440,0.088585,0.098203,0.312515,0.089015,0.100000,0.003090,-0.009511,0.007921,-0.00083007,0.00064813,0.00018180,0.99999943,1
4.900000,-0.27264869,-0.16230348,-0.43457732,1.80251384,-1.00899100,-0.38170865,-2.86968923,0.309574,0.088324,0.098262,0.310027,0.089369,0.100000,0.005358,-0.008443,0.010419,-0.00073679,0.00077323,-0.00003616,0.99999943,1
4.920000,-0.27068073,-0.15928003,-0.45464396,1.79819763,-1.00642717,-0.38891661,-2.86871982,0.307425,0.088146,0.098336,0.307529,0.089645,0.100000,0.007290,-0.006845,0.012890,-0.00059717,0.00084968,-0.00025190,0.99999943,1
4.940000,-0.26662281,-0.15713973,-0.47404885,1.79270768,-1.00409102,-0.39367706,-2.86900735,0.304922,0.088090,0.098428,0.305023,0.089842,0.100000,0.008763,-0.004818,0.015180,-0.00042001,0.00087267,-0.00045185,0.99999943,1
4.960000,-0.26048687,-0.15524414,-0.49203083,1.78623104,-1.00166082,-0.39623028,-2.87027335,0.302154,0.088135,0.098605,0.302513,0.089961,0.100000,0.009686,-0.002487,0.017145,-0.00021650,0.00084075,-0.00062344,0.99999943,1
4.980000,-0.25210524,-0.15284614,-0.50797063,1.77910602,-0.99850988,-0.39682809,-2.87257218,0.299284,0.088222,0.098939,0.300000,0.090000,0.100000,0.010000,0.000000,0.018660,0.00000057,0.00075592,-0.00075584,0.99999943,1
5.000000,-0.24156365,-0.14938751,-0.52158034,1.77184880,-0.99429250,-0.39567089,-2.87594390,0.296421,0.088302,0.099424,0.297487,0.089961,0.100000,0.009686,0.002487,0.019632,0.00021755,0.00062355,-0.00084070,0.99999943,1
5.020000,-0.22953629,-0.14467672,-0.53282416,1.76528633,-0.98916423,-0.39294806,-2.88034177,0.293610,0.088392,0.099954,0.294977,0.089842,0.100000,0.008763,0.004818,0.019998,0.00042080,0.00045199,-0.00087267,0.99999943,1
5.040000,-0.21719526,-0.13873835,-0.54177147,1.76029932,-0.98382491,-0.38882032,-2.88531041,0.290821,0.088559,0.100407,0.292471,0.089645,0.100000,0.007290,0.006845,0.019736,0.00059759,0.00025205,-0.00084972,0.99999943,1
5.060000,-0.20582688,-0.13172001,-0.54844362,1.75725615,-0.97906989,-0.38340476,-2.89031434,0.288035,0.088821,0.100691,0.289973,0.089369,0.100000,0.005358,0.008443,0.018862,0.00073684,0.00003632,-0.00077330,0.99999943,1
5.080000,-0.19602518,-0.12358905,-0.55279005,1.75611997,-0.97516459,-0.37700146,-2.89483523,0.285332,0.089108,0.100845,0.287485,0.089015,0.100000,0.003090,0.009511,0.017431,0.00082984,-0.00018164,-0.00064824,0.99999943,1
5.100000,-0.18799677,-0.11424969,-0.55488706,1.75659621,-0.97183597,-0.37006786,-2.89856172,0.282848,0.089306,0.100952,0.285010,0.088583,0.100000,0.000628,0.009980,0.015534,0.00087076,-0.00038813,-0.00048243,0.99999943,1
5.120000,-0.18175404,-0.10365868,-0.55530745,1.75837994,-0.96877480,-0.36325169,-2.90138698,0.280624,0.089308,0.101058,0.282549,0.088073,0.100000,-0.001874,0.009823,0.013289,0.00085704,-0.00057020,-0.00028633,0.99999943,1
5.140000,-0.17730124,-0.09170760,-0.55505896,1.76130688,-0.96580291,-0.35723445,-2.90316987,0.278590,0.089066,0.101175,0.280105,0.087487,0.100000,-0.004258,0.009048,0.010837,0.00078956,-0.00071645,-0.00007227,0.99999943,1
5.160000,-0.17484668,-0.07856114,-0.55543542,1.76524949,-0.96308309,-0.35259664,-2.90359282,0.276570,0.088588,0.101213,0.277681,0.086823,0.100000,-0.006374,0.007705,0.008332,0.00067252,-0.00081771,0.00014626,0.99999943,1
5.180000,-0.17449984,-0.06445874,-0.55728698,1.76998818,-0.96102744,-0.34973365,-2.90240836,0.274444,0.087916,0.101126,0.275279,0.086085,0.100000,-0.008090,0.005878,0.005933,0.00051325,-0.00086767,0.00035556,0.99999943,1
5.200000,-0.17632292,-0.04967947,-0.56110036,1.77514398,-0.96004671,-0.34888169,-2.89932609,0.272146,0.087101,0.100899,0.272901,0.085270,0.100000,-0.009298,0.003681,0.003789,0.00032172,-0.00086318,0.00054248,0.99999943,1
5.220000,-0.18019067,-0.03453027,-0.56702983,1.78023028,-0.96040988,-0.35006335,-2.89421678,0.269685,0.086190,0.100555,0.270550,0.084382,0.100000,-0.009921,0.001253,0.002035,0.00010993,-0.00080453,0.00069530,0.99999943,1
5.240000,-0.18567298,-0.01947223,-0.57507819,1.78453863,-0.96225631,-0.35318482,-2.88716626,0.267085,0.085177,0.100118,0.268228,0.083420,0.100000,-0.009921,-0.001253,0.000781,-0.00010882,-0.00069540,0.00080447,0.99999943,1
5.260000,-0.19192034,-0.00501814,-0.58513498,1.78739190,-0.96540624,-0.35799998,-2.87839866,0.264419,0.084014,0.099646,0.265938,0.082386,0.100000,-0.009298,-0.003681,0.000107,-0.00032078,-0.00054260,0.00086316,0.99999943,1
5.280000,-0.19778883,0.00811094,-0.59708822,1.78828335,-0.96911228,-0.36423019,-2.86836505,0.261831,0.082620,0.099178,0.263681,0.081281,0.100000,-0.008090,-0.005878,0.000055,-0.00051263,-0.00035571,0.00086768,0.99999943,1
5.300000,-0.20223857,0.01946701,-0.61078364,1.78699923,-0.97236043,-0.37159076,-2.85760713,0.259470,0.080962,0.098786,0.261460,0.080105,0.100000,-0.006374,-0.007705,0.000627,-0.00067228,-0.00014642,0.00081777,0.99999943,1
5.320000,-0.20457849,0.02866177,-0.62608236,1.78356552,-0.97415602,-0.37993744,-2.84688306,0.257438,0.079062,0.098493,0.259277,0.078859,0.100000,-0.004258,-0.009048,0.001789,-0.00078966,0.00007211,0.00071654,0.99999943,1
5.340000,-0.20443599,0.03543206,-0.64276671,1.77807009,-0.97402233,-0.38875186,-2.83726573,0.255740,0.076988,0.098293,0.257134,0.077546,0.100000,-0.001874,-0.009823,0.003466,-0.00085737,0.00028618,0.00057032,0.99999943,1
5.360000,-0.20173696,0.03978984,-0.66067809,1.77062678,-0.97216684,-0.39716008,-2.82983088,0.254229,0.074841,0.098153,0.255033,0.076166,0.100000,0.000628,-0.009980,0.005554,-0.00087113,0.00048230,0.00038827,0.99999943,1
5.380000,-0.19664872,0.04197356,-0.67961872,1.76144540,-0.96948195,-0.40381929,-2.82490468,0.252649,0.072757,0.098033,0.252977,0.074721,0.100000,0.003090,-0.009511,0.007921,-0.00083007,0.00064813,0.00018180,0.99999943,1
5.400000,-0.18939066,0.04224849,-0.69909340,1.75068867,-0.96698654,-0.40774822,-2.82206130,0.250775,0.070842,0.097921,0.250967,0.073212,0.100000,0.005358,-0.008443,0.010419,-0.00073679,0.00077323,-0.00003616,0.99999943,1
5.420000,-0.18009816,0.04100954,-0.71811229,1.73840523,-0.96498263,-0.40878832,-2.82071948,0.248594,0.069130,0.097864,0.249006,0.071641,0.100000,0.007290,-0.006845,0.012890,-0.00059717,0.00084968,-0.00025189,0.99999943,1
5.440000,-0.16873895,0.03904512,-0.73555171,1.72462189,-0.96302515,-0.40720797,-2.82056284,0.246262,0.067584,0.097958,0.247095,0.070009,0.100000,0.008763,-0.004818,0.015180,-0.00042001,0.00087267,-0.00045185,0.99999943,1
5.460000,-0.15507294,0.03736961,-0.75060719,1.70939052,-0.96020806,-0.40333486,-2.82160473,0.243990,0.066097,0.098254,0.245236,0.068317,0.100000,0.009686,-0.002487,0.017145,-0.00021650,0.00084075,-0.00062344,0.99999943,1
5.480000,-0.13893786,0.03691013,-0.76294637,1.69299722,-0.95602614,-0.39746231,-2.82398224,0.241884,0.064564,0.098730,0.243431,0.066569,0.100000,0.010000,0.000000,0.018660,0.00000057,0.00075592,-0.00075584,0.99999943,1
5.500000,-0.12047201,0.03818735,-0.77266026,1.67627788,-0.95028567,-0.38990816,-2.82766724,0.239976,0.062950,0.099279,0.241683,0.064764,0.100000,0.009686,0.002487,0.019632,0.00021755,0.00062355,-0.00084070,0.99999943,1
5.520000,-0.10063218,0.04128424,-0.78002954,1.66024411,-0.94353521,-0.38090974,-2.83241177,0.238183,0.061304,0.099748,0.239991,0.062905,0.100000,0.008763,0.004818,0.019998,0.00042080,0.00045199,-0.00087267,0.99999943,1
5.540000,-0.08084675,0.04619011,-0.78533334,1.64599741,-0.93686408,-0.37071118,-2.83762789,0.236361,0.059734,0.100038,0.238359,0.060994,0.100000,0.007290,0.006845,0.019736,0.00059759,0.00025205,-0.00084972,0.99999943,1
5.560000,-0.06245319,0.05273436,-0.78867400,1.63408279,-0.93132401,-0.35951093,-2.84262705,0.234424,0.058269,0.100118,0.236788,0.059033,0.100000,0.005358,0.008443,0.018862,0.00073684,0.00003632,-0.00077330,0.99999943,1
5.580000,-0.04603475,0.06064920,-0.78992254,1.62449884,-0.92736125,-0.34768045,-2.84688997,0.232436,0.056825,0.100036,0.235279,0.057023,0.100000,0.003090,0.009511,0.017431,0.00082984,-0.00018164,-0.00064824,0.99999943,1
5.600000,-0.03172087,0.06960477,-0.78880179,1.61701107,-0.92473972,-0.33568561,-2.85037470,0.230617,0.055279,0.099895,0.233834,0.054967,0.100000,0.000628,0.009980,0.015534,0.00087076,-0.00038813,-0.00048243,0.99999943,1
5.620000,-0.01943388,0.07926054,-0.78519493,1.61130071,-0.92290640,-0.32404113,-2.85310268,0.229206,0.053522,0.099802,0.232454,0.052866,0.100000,-0.001874,0.009823,0.013289,0.00085704,-0.00057020,-0.00028633,0.99999943,1
5.640000,-0.00915180,0.08945926,-0.77955794,1.60712719,-0.92138368,-0.31330463,-2.85499668,0.228298,0.051507,0.099831,0.231141,0.050723,0.100000,-0.004258,0.009048,0.010837,0.00078956,-0.00071645,-0.00007227,0.99999943,1
5.660000,-0.00094524,0.10002211,-0.77314740,1.60443890,-0.91997069,-0.30410311,-2.85576296,0.227765,0.049270,0.099944,0.229895,0.048540,0.100000,-0.006374,0.007705,0.008332,0.00067252,-0.00081771,0.00014626,0.99999943,1
5.680000,0.00494193,0.11072984,-0.76746839,1.60309064,-0.91900653,-0.29702619,-2.85489607,0.227328,0.046899,0.100033,0.228720,0.046319,0.100000,-0.008090,0.005878,0.005933,0.00051325,-0.00086767,0.00035556,0.99999943,1
5.700000,0.00834921,0.12131215,-0.76350653,1.60276854,-0.91902572,-0.29235837,-2.85198164,0.226785,0.044489,0.100032,0.227614,0.044062,0.100000,-0.009298,0.003681,0.003789,0.00032172,-0.00086318,0.00054247,0.99999943,1
5.720000,0.00956715,0.13161656,-0.76170504,1.60282075,-0.92045915,-0.29013276,-2.84685373,0.226048,0.042073,0.099950,0.226580,0.041772,0.100000,-0.009921,0.001253,0.002035,0.00010993,-0.00080453,0.00069530,0.99999943,1
5.740000,0.00920329,0.14127855,-0.76213944,1.60233688,-0.92335784,-0.29005137,-2.83972120,0.225145,0.039627,0.099812,0.225618,0.039450,0.100000,-0.009921,-0.001253,0.000781,-0.00010882,-0.00069540,0.00080447,0.99999943,1
5.760000,0.00851200,0.14977282,-0.76470965,1.60042799,-0.92731768,-0.29166690,-2.83092833,0.224192,0.037059,0.099654,0.224730,0.037099,0.100000,-0.009298,-0.003681,0.000107,-0.00032078,-0.00054260,0.00086316,0.99999943,1
5.780000,0.00863984,0.15674132,-0.76927328,1.59649444,-0.93146884,-0.29459083,-2.82098389,0.223347,0.034320,0.099527,0.223915,0.034721,0.100000,-0.008090,-0.005878,0.000055,-0.00051263,-0.00035570,0.00086768,0.99999943,1
5.800000,0.01041967,0.16176203,-0.77581948,1.59028113,-0.93501663,-0.29854703,-2.81040525,0.222690,0.031423,0.099426,0.223177,0.032319,0.100000,-0.006374,-0.007705,0.000627,-0.00067228,-0.00014642,0.00081777,0.99999943,1
5.820000,0.01424248,0.16459353,-0.78435719,1.58180189,-0.93757468,-0.30324525,-2.79972839,0.222186,0.028453,0.099319,0.222513,0.029895,0.100000,-0.004258,-0.009048,0.001789,-0.00078966,0.00007211,0.00071654,0.99999943,1
5.840000,0.02027171,0.16514133,-0.79490376,1.57118022,-0.93922138,-0.30822533,-2.78971720,0.221692,0.025515,0.099159,0.221927,0.027451,0.100000,-0.001874,-0.009823,0.003466,-0.00085737,0.00028618,0.00057032,0.99999943,1
5.860000,0.02844285,0.16322638,-0.80723339,1.55867624,-0.94054157,-0.31252748,-2.78108215,0.221026,0.022735,0.098894,0.221417,0.024991,0.100000,0.000628,-0.009980,0.005554,-0.00087113,0.00048230,0.00038827,0.99999943,1
5.880000,0.03858465,0.15877175,-0.82028192,1.54446578,-0.94206572,-0.31503180,-2.77404070,0.220187,0.020201,0.098587,0.220985,0.022515,0.100000,0.003090,-0.009511,0.007921,-0.00083007,0.00064813,0.00018179,0.99999943,1
5.900000,0.05053930,0.15215094,-0.83270264,1.52868199,-0.94377661,-0.31517914,-2.76857090,0.219311,0.017943,0.098348,0.220631,0.020027,0.100000,0.005358,-0.008443,0.010419,-0.00073679,0.00077323,-0.00003616,0.99999943,1
5.920000,0.06439514,0.14422055,-0.84325320,1.51126242,-0.94514000,-0.31294808,-2.76473522,0.218602,0.015889,0.098271,0.220355,0.017529,0.100000,0.007290,-0.006845,0.012890,-0.00059717,0.00084968,-0.00025190,0.99999943,1
5.940000,0.08033217,0.13637261,-0.85132492,1.49223125,-0.94556874,-0.30846354,-2.76270771,0.218161,0.013929,0.098377,0.220158,0.015023,0.100000,0.008763,-0.004818,0.015180,-0.00042001,0.00087267,-0.00045185,0.99999943,1
5.960000,0.09831361,0.12972470,-0.85664350,1.47173846,-0.94471663,-0.30189094,-2.76254177,0.218023,0.011959,0.098603,0.220039,0.012513,0.100000,0.009686,-0.002487,0.017145,-0.00021650,0.00084075,-0.00062344,0.99999943,1
5.980000,0.11811069,0.12498266,-0.85914057,1.45016599,-0.94249851,-0.29342738,-2.76420784,0.218180,0.009897,0.098852,0.220000,0.010000,0.100000,0.010000,0.000000,0.018660,0.00000057,0.00075592,-0.00075584,0.99999943,1
6.000000,0.13875139,0.12247329,-0.85910243,1.42833662,-0.93923771,-0.28332478,-2.76752949,0.218512,0.007769,0.099009,0.220039,0.007487,0.100000,0.009686,0.002487,0.019632,0.00021755,0.00062355,-0.00084070,0.99999943,1
6.020000,0.15901643,0.12235863,-0.85664594,1.40739262,-0.93571925,-0.27177268,-2.77208090,0.218897,0.005640,0.099058,0.220158,0.004977,0.100000,0.008763,0.004818,0.019998,0.00042080,0.00045199,-0.00087267,0.99999943,1
6.040000,0.17763138,0.12455505,-0.85200244,1.38825941,-0.93283099,-0.25902981,-2.77744913,0.219189,0.003547,0.099010,0.220355,0.002471,0.100000,0.007290,0.006845,0.019736,0.00059759,0.00025205,-0.00084972,0.99999943,1
6.060000,0.19383362,0.12885857,-0.84523231,1.37133038,-0.93111992,-0.24549365,-2.78320837,0.219352,0.001430,0.098923,0.220631,-0.000027,0.100000,0.005358,0.008443,0.018862,0.00073684,0.00003632,-0.00077330,0.99999943,1
6.080000,0.20737082,0.13466924,-0.83623916,1.35684776,-0.93059266,-0.23175876,-2.78911543,0.219493,-0.000791,0.098856,0.220985,-0.002515,0.100000,0.003090,0.009511,0.017431,0.00082984,-0.00018164,-0.00064824,0.99999943,1
6.100000,0.21831405,0.14120497,-0.82494819,1.34467804,-0.93072867,-0.21847893,-2.79491138,0.219822,-0.003211,0.098857,0.221417,-0.004991,0.100000,0.000628,0.009980,0.015534,0.00087076,-0.00038813,-0.00048244,0.99999943,1
6.120000,0.22684428,0.14782977,-0.81160921,1.33477831,-0.93081200,-0.20622121,-2.80032492,0.220519,-0.005858,0.098970,0.221927,-0.007451,0.100000,-0.001874,0.009823,0.013289,0.00085704,-0.00057020,-0.00028633,0.99999943,1
6.140000,0.23313479,0.15401274,-0.79701090,1.32712829,-0.93050438,-0.19542608,-2.80488634,0.221599,-0.008700,0.099185,0.222513,-0.009895,0.100000,-0.004258,0.009048,0.010837,0.00078956,-0.00071645,-0.00007228,0.99999943,1
6.160000,0.23721161,0.15935573,-0.78242630,1.32182872,-0.92999494,-0.18657926,-2.80808067,0.222885,-0.011619,0.099429,0.223177,-0.012319,0.100000,-0.006374,0.007705,0.008332,0.00067252,-0.00081771,0.00014627,0.99999943,1
6.180000,0.23914430,0.16365315,-0.76912314,1.31889367,-0.92979652,-0.18010853,-2.80948925,0.224147,-0.014482,0.099618,0.223915,-0.014721,0.100000,-0.008090,0.005878,0.005933,0.00051325,-0.00086767,0.00035556,0.99999943,1
6.200000,0.23907755,0.16688637,-0.75797027,1.31807792,-0.93043542,-0.17619953,-2.80880833,0.225236,-0.017182,0.099713,0.224730,-0.017099,0.100000,-0.009298,0.003681,0.003789,0.00032172,-0.00086318,0.00054248,0.99999943,1
6.220000,0.23756948,0.16905835,-0.74934924,1.31865251,-0.93224841,-0.17466100,-2.80602694,0.226118,-0.019715,0.099711,0.225618,-0.019450,0.100000,-0.009921,0.001253,0.002035,0.00010993,-0.00080453,0.00069530,0.99999943,1
6.240000,0.23555334,0.17018159,-0.74318099,1.31949019,-0.93528378,-0.17508085,-2.80137873,0.226872,-0.022172,0.099655,0.226580,-0.021772,0.100000,-0.009921,-0.001253,0.000781,-0.00010881,-0.00069540,0.00080447,0.99999943,1
6.260000,0.23425139,0.17023367,-0.73929954,1.31927776,-0.93921512,-0.17691374,-2.79526663,0.227618,-0.024698,0.099570,0.227614,-0.024062,0.100000,-0.009298,-0.003681,0.000107,-0.00032078,-0.00054260,0.00086316,0.99999943,1
6.280000,0.23446454,0.16906868,-0.73751760,1.31718957,-0.94350445,-0.17964873,-2.78828144,0.228472,-0.027330,0.099479,0.228720,-0.026319,0.100000,-0.008090,-0.005878,0.000055,-0.00051263,-0.00035570,0.00086768,0.99999943,1
6.300000,0.23659033,0.16659303,-0.73768616,1.31288028,-0.94788921,-0.18283829,-2.78091192,0.229453,-0.030020,0.099389,0.229895,-0.028540,0.100000,-0.006374,-0.007705,0.000627,-0.00067228,-0.00014642,0.00081777,0.99999943,1
6.320000,0.24077086,0.16255538,-0.73967648,1.30628824,-0.95231718,-0.18600245,-2.77363539,0.230507,-0.032664,0.099266,0.231141,-0.030723,0.100000,-0.004258,-0.009048,0.001789,-0.00078966,0.00007211,0.00071654,0.99999943,1
6.340000,0.24696973,0.15663725,-0.74289119,1.29769909,-0.95704955,-0.18864153,-2.76680517,0.231602,-0.035143,0.099123,0.232454,-0.032866,0.100000,-0.001874,-0.009823,0.003466,-0.00085737,0.00028617,0.00057032,0.99999943,1
6.360000,0.25502217,0.14853936,-0.74643856,1.28741038,-0.96241850,-0.19022287,-2.76076698,0.232740,-0.037365,0.098991,0.233834,-0.034967,0.100000,0.000628,-0.009980,0.005554,-0.00087113,0.00048230,0.00038827,0.99999943,1
6.380000,0.26479009,0.13819095,-0.74922717,1.27573550,-0.96843815,-0.19039096,-2.75586462,0.233999,-0.039283,0.098927,0.235279,-0.037023,0.100000,0.003090,-0.009511,0.007921,-0.00083007,0.00064813,0.00018180,0.99999943,1
6.400000,0.27627167,0.12610373,-0.75041240,1.26282692,-0.97480261,-0.18892628,-2.75241303,0.235448,-0.040927,0.098968,0.236788,-0.039033,0.100000,0.005358,-0.008443,0.010419,-0.00073679,0.00077323,-0.00003616,0.99999943,1
6.420000,0.28948364,0.11322486,-0.74951011,1.24867833,-0.98106110,-0.18562515,-2.75084329,0.237110,-0.042384,0.099112,0.238359,-0.040994,0.100000,0.007290,-0.006845,0.012890,-0.00059716,0.00084968,-0.00025190,0.99999943,1
6.440000,0.30433327,0.10078739,-0.74628276,1.23327720,-0.98661107,-0.18035866,-2.75142026,0.239002,-0.043766,0.099340,0.239991,-0.042905,0.100000,0.008763,-0.004818,0.015180,-0.00042001,0.00087267,-0.00045185,0.99999943,1
6.460000,0.32053149,0.08959752,-0.74069923,1.21666980,-0.99114990,-0.17316797,-2.75421238,0.241076,-0.045183,0.099576,0.241683,-0.044764,0.100000,0.009686,-0.002487,0.017145,-0.00021650,0.00084074,-0.00062344,0.99999943,1
6.480000,0.33732858,0.08019220,-0.73282266,1.19940341,-0.99450994,-0.16415401,-2.75911856,0.243276,-0.046654,0.099771,0.243431,-0.046569,0.100000,0.010000,0.000000,0.018660,0.00000057,0.00075592,-0.00075584,0.99999943,1
6.500000,0.35348132,0.07276517,-0.72283918,1.18244088,-0.99676371,-0.15354645,-2.76595449,0.245508,-0.048117,0.099915,0.245236,-0.048317,0.100000,0.009686,0.002487,0.019632,0.00021755,0.00062355,-0.00084070,0.99999943,1
6.520000,0.36784637,0.06721968,-0.71090329,1.16672993,-0.99812412,-0.14159758,-2.77458668,0.247697,-0.049520,0.100030,0.247095,-0.050009,0.100000,0.008763,0.004818,0.019998,0.00042080,0.00045199,-0.00087267,0.99999943,1
6.540000,0.37964746,0.06333441,-0.69729465,1.15303397,-0.99877816,-0.12869804,-2.78477883,0.249775,-0.050854,0.100141,0.249006,-0.051641,0.100000,0.007290,0.006845,0.019736,0.00059760,0.00025205,-0.00084972,0.99999943,1
6.560000,0.38863143,0.06059703,-0.68219626,1.14165461,-0.99874502,-0.11539809,-2.79616046,0.251767,-0.052173,0.100247,0.250967,-0.053212,0.100000,0.005358,0.008443,0.018862,0.00073684,0.00003632,-0.00077330,0.99999943,1
6.580000,0.39482108,0.05848219,-0.66572624,1.13262510,-0.99789751,-0.10236725,-2.80804944,0.253763,-0.053557,0.100360,0.252977,-0.054721,0.100000,0.003090,0.009511,0.017431,0.00082984,-0.00018164,-0.00064824,0.99999943,1
6.600000,0.39845467,0.05638778,-0.64807701,1.12585390,-0.99619299,-0.09012516,-2.81957412,0.255867,-0.055069,0.100478,0.255033,-0.056166,0.100000,0.000628,0.009980,0.015534,0.00087076,-0.00038813,-0.00048244,0.99999943,1
6.620000,0.39980686,0.05382135,-0.62980950,1.12131822,-0.99363726,-0.07910978,-2.82991672,0.258111,-0.056700,0.100567,0.257134,-0.057546,0.100000,-0.001874,0.009823,0.013289,0.00085704,-0.00057020,-0.00028633,0.99999943,1
6.640000,0.39906040,0.05050110,-0.61162758,1.11898911,-0.99050629,-0.06972300,-2.83855891,0.260459,-0.058404,0.100604,0.259277,-0.058859,0.100000,-0.004258,0.009048,0.010837,0.00078956,-0.00071645,-0.00007228,0.99999943,1
6.660000,0.39631304,0.04630905,-0.59440923,1.11887860,-0.98717302,-0.06223653,-2.84519124,0.262829,-0.060075,0.100558,0.261460,-0.060105,0.100000,-0.006374,0.007705,0.008332,0.00067252,-0.00081771,0.00014626,0.99999943,1
6.680000,0.39170951,0.04124189,-0.57896012,1.12107944,-0.98409456,-0.05692620,-2.84955001,0.265119,-0.061583,0.100408,0.263681,-0.061281,0.100000,-0.008090,0.005878,0.005933,0.00051325,-0.00086767,0.00035556,0.99999943,1
6.700000,0.38552544,0.03548473,-0.56575584,1.12539828,-0.98177868,-0.05386182,-2.85154986,0.267266,-0.062855,0.100183,0.265938,-0.062386,0.100000,-0.009298,0.003681,0.003788,0.00032172,-0.00086318,0.00054248,0.99999943,1
6.720000,0.37819698,0.02917789,-0.55497706,1.13151240,-0.98061287,-0.05295827,-2.85123086,0.269261,-0.063854,0.099928,0.268228,-0.063420,0.100000,-0.009921,0.001253,0.002035,0.00010993,-0.00080453,0.00069530,0.99999943,1
6.740000,0.37063941,0.02246564,-0.54659379,1.13839495,-0.98088753,-0.05394235,-2.84877801,0.271124,-0.064686,0.099662,0.270550,-0.064382,0.100000,-0.009921,-0.001253,0.000781,-0.00010882,-0.00069540,0.00080447,0.99999943,1
6.760000,0.36394221,0.01536082,-0.54044795,1.14471543,-0.98254734,-0.05640293,-2.84452558,0.272924,-0.065512,0.099382,0.272901,-0.065270,0.100000,-0.009298,-0.003681,0.000107,-0.00032078,-0.00054260,0.00086315,0.99999943,1
6.780000,0.35889739,0.00788304,-0.53623867,1.14949667,-0.98516113,-0.05986780,-2.83905721,0.274775,-0.066411,0.099123,0.275279,-0.066085,0.100000,-0.008090,-0.005878,0.000055,-0.00051263,-0.00035570,0.00086768,0.99999943,1
6.800000,0.35594222,-0.00011688,-0.53360212,1.15220070,-0.98843634,-0.06393062,-2.83295417,0.276738,-0.067378,0.098907,0.277681,-0.066824,0.100000,-0.006374,-0.007705,0.000627,-0.00067228,-0.00014642,0.00081777,0.99999943,1
6.820000,0.35506225,-0.00896551,-0.53194827,1.15277755,-0.99232996,-0.06803787,-2.82678342,0.278861,-0.068316,0.098767,0.280105,-0.067487,0.100000,-0.004258,-0.009048,0.001789,-0.00078966,0.00007211,0.00071654,0.99999943,1
6.840000,0.35621461,-0.01895772,-0.53050864,1.15146124,-0.99699432,-0.07175038,-2.82116294,0.281154,-0.069130,0.098733,0.282549,-0.068073,0.100000,-0.001874,-0.009823,0.003466,-0.00085737,0.00028618,0.00057032,0.99999943,1
6.860000,0.35924703,-0.03035069,-0.52852958,1.14864445,-1.00258291,-0.07469413,-2.81648088,0.283611,-0.069720,0.098814,0.285010,-0.068583,0.100000,0.000628,-0.009980,0.005554,-0.00087113,0.00048230,0.00038827,0.99999943,1
6.880000,0.36410236,-0.04314794,-0.52539188,1.14450395,-1.00900435,-0.07659248,-2.81310344,0.286221,-0.070058,0.098990,0.287485,-0.069015,0.100000,0.003090,-0.009511,0.007921,-0.00083007,0.00064814,0.00018180,0.99999943,1
6.900000,0.37072659,-0.05697671,-0.52065384,1.13921106,-1.01592696,-0.07717860,-2.81144643,0.288966,-0.070159,0.099246,0.289973,-0.069369,0.100000,0.005358,-0.008443,0.010419,-0.00073679,0.00077323,-0.00003616,0.99999943,1
6.920000,0.37904453,-0.07116149,-0.51403749,1.13270831,-1.02279747,-0.07623604,-2.81182361,0.291840,-0.070107,0.099568,0.292471,-0.069645,0.100000,0.007290,-0.006845,0.012890,-0.00059717,0.00084968,-0.00025189,0.99999943,1
6.940000,0.38882238,-0.08499922,-0.50542659,1.12494993,-1.02906919,-0.07355513,-2.81445336,0.294821,-0.069998,0.099923,0.294977,-0.069842,0.100000,0.008763,-0.004818,0.015180,-0.00042001,0.00087267,-0.00045185,0.99999943,1
6.960000,0.39945102,-0.09805980,-0.49485749,1.11621952,-1.03424764,-0.06910437,-2.81939530,0.297879,-0.069864,0.100259,0.297487,-0.069961,0.100000,0.009686,-0.002487,0.017145,-0.00021650,0.00084075,-0.00062344,0.99999943,1
6.980000,0.41001534,-0.11000706,-0.48243204,1.10718739,-1.03802359,-0.06293640,-2.82660508,0.300963,-0.069682,0.100565,0.300000,-0.070000,0.100000,0.010000,0.000000,0.018660,0.00000057,0.00075592,-0.00075584,0.99999943,1
7.000000,0.41943714,-0.12076022,-0.46841538,1.09884763,-1.04028523,-0.05521642,-2.83593678,0.303989,-0.069368,0.100834,0.302513,-0.069961,0.100000,0.009686,0.002487,0.019632,0.00021755,0.00062355,-0.00084070,0.99999943,1
7.020000,0.42675591,-0.13034274,-0.45301718,1.09207284,-1.04105771,-0.04628030,-2.84719253,0.306899,-0.068876,0.101091,0.305023,-0.069842,0.100000,0.008763,0.004818,0.019998,0.00042080,0.00045199,-0.00087267,0.99999943,1
7.040000,0.43153369,-0.13908270,-0.43657750,1.08730805,-1.04051161,-0.03650593,-2.86003852,0.309640,-0.068228,0.101280,0.307529,-0.069645,0.100000,0.007290,0.006845,0.019736,0.00059759,0.00025205,-0.00084972,0.99999943,1
7.060000,0.43364426,-0.14719200,-0.41930759,1.08473277,-1.03877926,-0.02635066,-2.87391400,0.312222,-0.067500,0.101389,0.310027,-0.069369,0.100000,0.005358,0.008443,0.018862,0.00073684,0.00003632,-0.00077330,0.99999943,1
7.080000,0.43325126,-0.15494207,-0.40130588,1.08427835,-1.03611314,-0.01636845,-2.88786292,0.314697,-0.066808,0.101411,0.312515,-0.069015,0.100000,0.003090,0.009511,0.017431,0.00082984,-0.00018164,-0.00064824,0.99999943,1
7.100000,0.43051180,-0.16252781,-0.38281885,1.08577681,-1.03270233,-0.00693746,-2.90086913,0.317124,-0.066230,0.101352,0.314990,-0.068583,0.100000,0.000628,0.009980,0.015534,0.00087076,-0.00038813,-0.00048243,0.99999943,1
7.120000,0.42568153,-0.17007238,-0.36425471,1.08908761,-1.02871501,0.00138499,-2.91208625,0.319537,-0.065808,0.101213,0.317451,-0.068073,0.100000,-0.001874,0.009823,0.013289,0.00085704,-0.00057020,-0.00028633,0.99999943,1
7.140000,0.41896176,-0.17749456,-0.34624988,1.09412169,-1.02433860,0.00815802,-2.92099452,0.321922,-0.065529,0.101019,0.319895,-0.067487,0.100000,-0.004258,0.009048,0.010837,0.00078956,-0.00071645,-0.00007227,0.99999943,1
7.160000,0.41039625,-0.18482287,-0.32948580,1.10092676,-1.01989233,0.01310302,-2.92741942,0.324240,-0.065300,0.100778,0.322319,-0.066823,0.100000,-0.006374,0.007705,0.008332,0.00067252,-0.00081771,0.00014626,0.99999943,1
7.180000,0.40002307,-0.19205883,-0.31470630,1.10960460,-1.01580000,0.01602495,-2.93127513,0.326410,-0.064989,0.100485,0.324721,-0.066085,0.100000,-0.008090,0.005878,0.005933,0.00051325,-0.00086767,0.00035555,0.99999943,1
7.200000,0.38795069,-0.19927894,-0.30226636,1.12024605,-1.01236618,0.01678998,-2.93268132,0.328429,-0.064461,0.100166,0.327099,-0.065270,0.100000,-0.009298,0.003681,0.003788,0.00032172,-0.00086318,0.00054247,0.99999943,1
7.220000,0.37451911,-0.20642474,-0.29234269,1.13266838,-1.00993621,0.01536267,-2.93171954,0.330289,-0.063653,0.099866,0.329450,-0.064382,0.100000,-0.009921,0.001253,0.002035,0.00010993,-0.00080453,0.00069530,0.99999943,1
7.240000,0.36039045,-0.21353683,-0.28498062,1.14627719,-1.00880814,0.01188005,-2.92857528,0.331991,-0.062583,0.099587,0.331772,-0.063420,0.100000,-0.009921,-0.001253,0.000781,-0.00010882,-0.00069540,0.00080447,0.99999943,1
7.260000,0.34664646,-0.22067016,-0.27999428,1.15997589,-1.00892031,0.00663730,-2.92357707,0.333605,-0.061382,0.099322,0.334062,-0.062386,0.100000,-0.009298,-0.003681,0.000107,-0.00032078,-0.00054260,0.00086316,0.99999943,1
7.280000,0.33427340,-0.22791114,-0.27710900,1.17254007,-1.00985003,0.00007065,-2.91734004,0.335240,-0.060187,0.099072,0.336319,-0.061281,0.100000,-0.008090,-0.005878,0.000055,-0.00051263,-0.00035570,0.00086768,0.99999943,1
7.300000,0.32398769,-0.23539345,-0.27594268,1.18312728,-1.01116526,-0.00725242,-2.91054034,0.336988,-0.059066,0.098850,0.338540,-0.060105,0.100000,-0.006374,-0.007705,0.000627,-0.00067228,-0.00014642,0.00081777,0.99999943,1
7.320000,0.31595939,-0.24327569,-0.27592936,1.19153845,-1.01276684,-0.01470756,-2.90394950,0.338886,-0.057975,0.098705,0.340723,-0.058859,0.100000,-0.004258,-0.009048,0.001789,-0.00078966,0.00007212,0.00071654,0.99999943,1
7.340000,0.31013066,-0.25187054,-0.27631000,1.19783592,-1.01486778,-0.02166426,-2.89815974,0.340939,-0.056834,0.098660,0.342866,-0.057546,0.100000,-0.001874,-0.009823,0.003466,-0.00085737,0.00028618,0.00057033,0.99999943,1
7.360000,0.30637863,-0.26140016,-0.27629492,1.20227158,-1.01766872,-0.02773393,-2.89348912,0.343133,-0.055565,0.098728,0.344967,-0.056166,0.100000,0.000628,-0.009980,0.005554,-0.00087113,0.00048230,0.00038828,0.99999943,1
7.380000,0.30465525,-0.27186558,-0.27530849,1.20509601,-1.02116346,-0.03265992,-2.89018369,0.345428,-0.054127,0.098902,0.347023,-0.054721,0.100000,0.003090,-0.009511,0.007921,-0.00083007,0.00064813,0.00018180,0.99999943,1
7.400000,0.30480260,-0.28305086,-0.27295581,1.20649016,-1.02512777,-0.03636485,-2.88846755,0.347778,-0.052515,0.099168,0.349033,-0.053212,0.100000,0.005358,-0.008443,0.010419,-0.00073679,0.00077323,-0.00003615,0.99999943,1
7.420000,0.30676249,-0.29462135,-0.26891792,1.20653510,-1.02912700,-0.03871503,-2.88856959,0.350174,-0.050778,0.099501,0.350994,-0.051641,0.100000,0.007290,-0.006845,0.012890,-0.00059717,0.00084968,-0.00025189,0.99999943,1
7.440000,0.31018677,-0.30616143,-0.26305163,1.20534253,-1.03262246,-0.03957873,-2.89074111,0.352608,-0.048966,0.099870,0.352905,-0.050009,0.100000,0.008763,-0.004818,0.015180,-0.00042001,0.00087267,-0.00045185,0.99999943,1
7.460000,0.31454638,-0.31732005,-0.25527909,1.20330918,-1.03528428,-0.03893829,-2.89506698,0.355051,-0.047105,0.100247,0.354764,-0.048317,0.100000,0.009686,-0.002487,0.017145,-0.00021650,0.00084074,-0.00062344,0.99999943,1
7.480000,0.31889522,-0.32791096,-0.24575521,1.20120788,-1.03689969,-0.03679956,-2.90156054,0.357442,-0.045138,0.100584,0.356569,-0.046569,0.100000,0.010000,0.000000,0.018660,0.00000057,0.00075592,-0.00075584,0.99999943,1
7.500000,0.32216808,-0.33783874,-0.23454559,1.20003700,-1.03758144,-0.03325313,-2.91000056,0.359716,-0.042995,0.100874,0.358317,-0.044764,0.100000,0.009686,0.002487,0.019632,0.00021755,0.00062355,-0.00084070,0.99999943,1
7.520000,0.32356438,-0.34707105,-0.22200263,1.20048845,-1.03752851,-0.02856501,-2.92006040,0.361774,-0.040662,0.101073,0.360009,-0.042905,0.100000,0.008763,0.004818,0.019998,0.00042080,0.00045199,-0.00087267,0.99999943,1
7.540000,0.32259974,-0.35565552,-0.20832291,1.20293832,-1.03692162,-0.02304622,-2.93115449,0.363591,-0.038188,0.101156,0.361641,-0.040994,0.100000,0.007290,0.006845,0.019736,0.00059759,0.00025205,-0.00084972,0.99999943,1
7.560000,0.31924385,-0.36357522,-0.19378796,1.20739233,-1.03577542,-0.01712183,-2.94246602,0.365183,-0.035689,0.101104,0.363212,-0.039033,0.100000,0.005358,0.008443,0.018862,0.00073684,0.00003632,-0.00077330,0.99999943,1
7.580000,0.31370157,-0.37060237,-0.17851828,1.21375060,-1.03397655,-0.01128781,-2.95305276,0.366646,-0.033310,0.100998,0.364721,-0.037023,0.100000,0.003090,0.009511,0.017431,0.00082984,-0.00018164,-0.00064824,0.99999943,1
7.600000,0.30616277,-0.37651649,-0.16296928,1.22177768,-1.03139305,-0.00615524,-2.96203971,0.368024,-0.031159,0.100891,0.366166,-0.034967,0.100000,0.000628,0.009980,0.015534,0.00087076,-0.00038813,-0.00048244,0.99999943,1
7.620000,0.29674751,-0.38126153,-0.14773490,1.23136580,-1.02803349,-0.00226481,-2.96899819,0.369332,-0.029263,0.100811,0.367546,-0.032866,0.100000,-0.001874,0.009823,0.013289,0.00085704,-0.00057020,-0.00028633,0.99999943,1
7.640000,0.28553885,-0.38487557,-0.13350128,1.24247897,-1.02420282,-0.00000357,-2.97378516,0.370530,-0.027595,0.100758,0.368859,-0.030723,0.100000,-0.004258,0.009048,0.010837,0.00078956,-0.00071645,-0.00007228,0.99999943,1
7.660000,0.27243355,-0.38763747,-0.12089229,1.25517631,-1.02035546,0.00034401,-2.97648740,0.371572,-0.026045,0.100687,0.370105,-0.028540,0.100000,-0.006374,0.007705,0.008332,0.00067252,-0.00081771,0.00014626,0.99999943,1
7.680000,0.25742137,-0.38988665,-0.11045512,1.26951802,-1.01697826,-0.00130398,-2.97728896,0.372422,-0.024480,0.100533,0.371281,-0.026319,0.100000,-0.008090,0.005878,0.005933,0.00051325,-0.00086767,0.00035556,0.99999943,1
7.700000,0.24057472,-0.39177147,-0.10240766,1.28555489,-1.01445150,-0.00504529,-2.97628522,0.373095,-0.022780,0.100320,0.372386,-0.024062,0.100000,-0.009298,0.003681,0.003789,0.00032172,-0.00086318,0.00054247,0.99999943,1
7.720000,0.22208901,-0.39337617,-0.09690949,1.30315566,-1.01303780,-0.01094185,-2.97364688,0.373607,-0.020852,0.100078,0.373420,-0.021772,0.100000,-0.009921,0.001253,0.002035,0.00010993,-0.00080453,0.00069530,0.99999943,1
7.740000,0.20253880,-0.39488247,-0.09387001,1.32198632,-1.01295602,-0.01894664,-2.96944833,0.373993,-0.018664,0.099827,0.374382,-0.019450,0.100000,-0.009921,-0.001253,0.000781,-0.00010881,-0.00069540,0.00080447,0.99999943,1
7.760000,0.18282962,-0.39637789,-0.09327102,1.34108245,-1.01416624,-0.02886640,-2.96382165,0.374279,-0.016308,0.099571,0.375270,-0.017099,0.100000,-0.009298,-0.003681,0.000107,-0.00032078,-0.00054260,0.00086316,0.99999943,1
7.780000,0.16402620,-0.39799431,-0.09492227,1.35947561,-1.01605988,-0.04042616,-2.95707488,0.374575,-0.013895,0.099329,0.376085,-0.014721,0.100000,-0.008090,-0.005878,0.000055,-0.00051263,-0.00035570,0.00086768,0.99999943,1
7.800000,0.14700714,-0.39980844,-0.09864145,1.37627125,-1.01785719,-0.05323364,-2.94979405,0.374974,-0.011521,0.099127,0.376823,-0.012319,0.100000,-0.006374,-0.007705,0.000627,-0.00067228,-0.00014642,0.00081777,0.99999943,1
7.820000,0.13225129,-0.40192890,-0.10419866,1.39087379,-1.01897633,-0.06658858,-2.94284177,0.375524,-0.009216,0.098973,0.377487,-0.009895,0.100000,-0.004258,-0.009048,0.001789,-0.00078966,0.00007212,0.00071654,0.99999943,1
7.840000,0.11983812,-0.40447631,-0.11122102,1.40314329,-1.01936793,-0.07955065,-2.93697810,0.376192,-0.006936,0.098871,0.378073,-0.007451,0.100000,-0.001874,-0.009823,0.003466,-0.00085737,0.00028618,0.00057032,0.99999943,1
7.860000,0.10973916,-0.40762311,-0.11908723,1.41319561,-1.01940084,-0.09117205,-2.93258119,0.376912,-0.004619,0.098820,0.378583,-0.004991,0.100000,0.000628,-0.009980,0.005554,-0.00087113,0.00048230,0.00038827,0.99999943,1
7.880000,0.10177832,-0.41149420,-0.12700115,1.42123342,-1.01952457,-0.10103348,-2.92967057,0.377615,-0.002208,0.098832,0.379015,-0.002515,0.100000,0.003090,-0.009511,0.007921,-0.00083007,0.00064814,0.00018180,0.99999943,1
7.900000,0.09573896,-0.41619161,-0.13422289,1.42750204,-1.01985037,-0.10909581,-2.92818952,0.378274,0.000331,0.098885,0.379369,-0.000027,0.100000,0.005358,-0.008443,0.010419,-0.00073679,0.00077323,-0.00003616,0.99999943,1
7.920000,0.09154099,-0.42145035,-0.14021443,1.43208277,-1.02031970,-0.11543566,-2.92810941,0.378853,0.002962,0.098994,0.379645,0.002471,0.100000,0.007290,-0.006845,0.012890,-0.00059717,0.00084968,-0.00025189,0.99999943,1
7.940000,0.08897896,-0.42700344,-0.14455789,1.43518388,-1.02076674,-0.12014452,-2.92948985,0.379338,0.005646,0.099149,0.379842,0.004977,0.100000,0.008763,-0.004818,0.015180,-0.00042002,0.00087267,-0.00045185,0.99999943,1
7.960000,0.08779781,-0.43246397,-0.14701895,1.43706298,-1.02098024,-0.12323205,-2.93231893,0.379721,0.008331,0.099341,0.379961,0.007487,0.100000,0.009686,-0.002487,0.017145,-0.00021650,0.00084074,-0.00062344,0.99999943,1
7.980000,0.08747086,-0.43754894,-0.14754125,1.43835819,-1.02084994,-0.12476967,-2.93648386,0.379979,0.011018,0.099527,0.380000,0.010000,0.100000,0.010000,0.000000,0.018660,0.00000057,0.00075592,-0.00075584,0.99999943,1
