# rollout meta: {"joint_names": ["joint1", "joint2", "joint3", "joint4", "joint5", "joint6", "joint7"], "dt": 0.02, "n": 400, "has_base": true, "source": "phase1_diffusion_selected", "note": "condition=medium; checkpoint=policy_precision.pt; gain=0.9; q_noise=0.002"}
t,q1,q2,q3,q4,q5,q6,q7,ee_x,ee_y,ee_z,tgt_x,tgt_y,tgt_z,bx,by,bz,bqx,bqy,bqz,bqw,drawing
0.000000,0.11099412,-0.36365122,-0.31699845,1.41850126,-0.89593577,0.08572181,-3.12861061,0.380095,0.012271,0.100060,0.379961,0.012513,0.100000,0.019842,0.002507,0.028437,0.00010993,0.00069522,-0.00080462,0.99999943,1
0.020000,0.10950631,-0.36823860,-0.31418571,1.41890931,-0.89668310,0.08055753,-3.12240553,0.379977,0.014920,0.100232,0.379842,0.015023,0.100000,0.019372,0.004974,0.029263,0.00021755,0.00062355,-0.00084070,0.99999943,1
0.040000,0.10785548,-0.37373254,-0.30972588,1.42022800,-0.89798605,0.07313633,-3.11477089,0.379765,0.017614,0.100169,0.379645,0.017529,0.100000,0.018596,0.007362,0.029785,0.00032172,0.00054205,-0.00086350,0.99999943,1
0.060000,0.10591034,-0.37927726,-0.30355108,1.42258132,-0.90002805,0.06371670,-3.10643458,0.379462,0.020315,0.100087,0.379369,0.020027,0.100000,0.017526,0.009635,0.029996,0.00042080,0.00045199,-0.00087267,0.99999943,1
0.080000,0.10338462,-0.38449255,-0.29558718,1.42607141,-0.90292615,0.05272827,-3.09793258,0.379097,0.023009,0.100091,0.379015,0.022515,0.100000,0.016180,0.011756,0.029890,0.00051325,0.00035481,-0.00086805,0.99999943,1
0.100000,0.10012207,-0.38928863,-0.28601792,1.43065703,-0.90674973,0.04076505,-3.08973336,0.378655,0.025674,0.100173,0.378583,0.024991,0.100000,0.014579,0.013691,0.029472,0.00059759,0.00025205,-0.00084972,0.99999943,1
0.120000,0.09598371,-0.39372355,-0.27496287,1.43629956,-0.91141856,0.02844900,-3.08213210,0.378167,0.028296,0.100301,0.378073,0.027451,0.100000,0.012748,0.015410,0.028746,0.00067252,0.00014532,-0.00081797,0.99999943,1
0.140000,0.09090049,-0.39788961,-0.26281610,1.44305813,-0.91689211,0.01620469,-3.07535434,0.377590,0.030880,0.100398,0.377487,0.029895,0.100000,0.010717,0.016887,0.027724,0.00073684,0.00003632,-0.00077330,0.99999943,1
0.160000,0.08492448,-0.40172607,-0.24978586,1.45086098,-0.92300081,0.00439445,-3.06943107,0.376947,0.033406,0.100462,0.376823,0.032319,0.100000,0.008516,0.018097,0.026423,0.00078956,-0.00007324,-0.00071643,0.99999943,1
0.180000,0.07794838,-0.40512753,-0.23618460,1.45977426,-0.92957795,-0.00683243,-3.06436133,0.376231,0.035885,0.100486,0.376085,0.034721,0.100000,0.006180,0.019021,0.024863,0.00082984,-0.00018164,-0.00064824,0.99999943,1
0.200000,0.07001781,-0.40799394,-0.22233029,1.46976840,-0.93649638,-0.01736777,-3.06014514,0.375431,0.038313,0.100467,0.375270,0.037099,0.100000,0.003748,0.019646,0.023068,0.00085704,-0.00028715,-0.00056983,0.99999943,1
0.220000,0.06103158,-0.41016665,-0.20843224,1.48086095,-0.94364208,-0.02716272,-3.05677485,0.374557,0.040703,0.100435,0.374382,0.039450,0.100000,0.001256,0.019961,0.021068,0.00087076,-0.00038813,-0.00048243,0.99999943,1
0.240000,0.05112521,-0.41155964,-0.19476089,1.49306178,-0.95087254,-0.03623198,-3.05414653,0.373609,0.043056,0.100400,0.373420,0.041772,0.100000,-0.001256,0.019961,0.018893,0.00087076,-0.00048298,-0.00038743,0.99999943,1
0.260000,0.04032583,-0.41207504,-0.18164599,1.50630367,-0.95808005,-0.04460460,-3.05222058,0.372570,0.045373,0.100359,0.372386,0.044062,0.100000,-0.003748,0.019646,0.016577,0.00085704,-0.00057020,-0.00028633,0.99999943,1
0.280000,0.02871191,-0.41161060,-0.16925253,1.52044261,-0.96519148,-0.05227546,-3.05090547,0.371453,0.047647,0.100339,0.371281,0.046319,0.100000,-0.006180,0.019021,0.014158,0.00082984,-0.00064844,-0.00018072,0.99999943,1
0.300000,0.01636663,-0.41020790,-0.15787098,1.53541255,-0.97210771,-0.05934868,-3.05013633,0.370249,0.049880,0.100311,0.370104,0.048540,0.100000,-0.008516,0.018097,0.011674,0.00078956,-0.00071645,-0.00007227,0.99999943,1
0.320000,0.00339156,-0.40778840,-0.14767675,1.55107427,-0.97875333,-0.06598924,-3.04974771,0.368964,0.052066,0.100293,0.368859,0.050723,0.100000,-0.010717,0.016887,0.009162,0.00073684,-0.00077317,0.00003730,0.99999943,1
0.340000,-0.01013555,-0.40433401,-0.13883248,1.56730723,-0.98510450,-0.07230601,-3.04966044,0.367598,0.054205,0.100292,0.367546,0.052866,0.100000,-0.012748,0.015410,0.006665,0.00067252,-0.00081771,0.00014626,0.99999943,1
0.360000,-0.02412712,-0.39987957,-0.13150930,1.58402324,-0.99111396,-0.07844437,-3.04980636,0.366154,0.056301,0.100296,0.366166,0.054967,0.100000,-0.014579,0.013691,0.004219,0.00059759,-0.00084938,0.00025291,0.99999943,1
0.380000,-0.03842731,-0.39445606,-0.12589970,1.60098398,-0.99675757,-0.08459632,-3.05003190,0.364621,0.058329,0.100289,0.364721,0.057023,0.100000,-0.016180,0.011756,0.001865,0.00051325,-0.00086767,0.00035556,0.99999943,1
0.400000,-0.05301763,-0.38815245,-0.12206842,1.61809647,-1.00199175,-0.09087091,-3.05014491,0.363021,0.060299,0.100259,0.363212,0.059033,0.100000,-0.017526,0.009635,-0.000361,0.00042080,-0.00087229,0.00045259,0.99999943,1
0.420000,-0.06776701,-0.38088804,-0.12009315,1.63523757,-1.00686598,-0.09744736,-3.05008340,0.361344,0.062208,0.100240,0.361641,0.060994,0.100000,-0.018596,0.007362,-0.002423,0.00032172,-0.00086318,0.00054247,0.99999943,1
0.440000,-0.08257666,-0.37274945,-0.11998761,1.65225482,-1.01137590,-0.10448224,-3.04971099,0.359604,0.064050,0.100228,0.360009,0.062905,0.100000,-0.019372,0.004974,-0.004289,0.00021755,-0.00084047,0.00062381,0.99999943,1
0.460000,-0.09732300,-0.36381090,-0.12181561,1.66905940,-1.01555192,-0.11205973,-3.04889178,0.357798,0.065823,0.100217,0.358317,0.064764,0.100000,-0.019842,0.002507,-0.005931,0.00010993,-0.00080453,0.00069530,0.99999943,1
0.480000,-0.11196172,-0.35413623,-0.12560676,1.68546164,-1.01939797,-0.12034320,-3.04749513,0.355926,0.067521,0.100200,0.356569,0.066569,0.100000,-0.020000,-0.000000,-0.007321,0.00000057,-0.00075592,0.00075584,0.99999943,1
0.500000,-0.12645388,-0.34390387,-0.13133094,1.70145357,-1.02294624,-0.12933044,-3.04544806,0.354002,0.069157,0.100154,0.354764,0.068317,0.100000,-0.019842,-0.002507,-0.008437,-0.00010881,-0.00069540,0.00080447,0.99999943,1
0.520000,-0.14075236,-0.33310878,-0.13898744,1.71684432,-1.02626765,-0.13909476,-3.04268384,0.352009,0.070727,0.100093,0.352905,0.070009,0.100000,-0.019372,-0.004974,-0.009263,-0.00021650,-0.00062392,0.00084043,0.99999943,1
0.540000,-0.15475354,-0.32189682,-0.14849342,1.73157978,-1.02933872,-0.14964679,-3.03916717,0.349966,0.072229,0.100013,0.350994,0.071641,0.100000,-0.018596,-0.007362,-0.009785,-0.00032078,-0.00054260,0.00086316,0.99999943,1
0.560000,-0.16845155,-0.31027752,-0.15970623,1.74558330,-1.03221989,-0.16092710,-3.03491902,0.347879,0.073681,0.099948,0.349033,0.073212,0.100000,-0.017526,-0.009635,-0.009996,-0.00042001,-0.00045273,0.00087229,0.99999943,1
0.580000,-0.18179004,-0.29843545,-0.17256390,1.75874555,-1.03491354,-0.17283121,-3.03000665,0.345755,0.075076,0.099871,0.347023,0.074721,0.100000,-0.016180,-0.011756,-0.009890,-0.00051263,-0.00035570,0.00086768,0.99999943,1
0.600000,-0.19465573,-0.28651589,-0.18688671,1.77095890,-1.03747058,-0.18525842,-3.02438903,0.343603,0.076406,0.099793,0.344967,0.076166,0.100000,-0.014579,-0.013691,-0.009472,-0.00059717,-0.00025306,0.00084941,0.99999943,1
0.620000,-0.20704170,-0.27463090,-0.20251732,1.78211904,-1.03992498,-0.19801952,-3.01818109,0.341429,0.077677,0.099718,0.342866,0.077546,0.100000,-0.012748,-0.015410,-0.008746,-0.00067228,-0.00014642,0.00081777,0.99999943,1
0.640000,-0.21893668,-0.26290455,-0.21927041,1.79213870,-1.04226077,-0.21101591,-3.01143861,0.339246,0.078892,0.099651,0.340723,0.078859,0.100000,-0.010717,-0.016887,-0.007724,-0.00073679,-0.00003746,0.00077325,0.99999943,1
0.660000,-0.23029234,-0.25146496,-0.23701432,1.80091870,-1.04452229,-0.22413780,-3.00421548,0.337043,0.080046,0.099587,0.338540,0.080105,0.100000,-0.008516,-0.018097,-0.006423,-0.00078966,0.00007211,0.00071654,0.99999943,1
0.680000,-0.24107665,-0.24043356,-0.25556555,1.80834830,-1.04671085,-0.23725849,-2.99656892,0.334820,0.081134,0.099529,0.336319,0.081281,0.100000,-0.006180,-0.019021,-0.004863,-0.00083007,0.00018056,0.00064854,0.99999943,1
0.700000,-0.25118849,-0.22992450,-0.27475497,1.81429338,-1.04869699,-0.25031975,-2.98844838,0.332591,0.082136,0.099482,0.334062,0.082386,0.100000,-0.003748,-0.019646,-0.003068,-0.00085737,0.00028618,0.00057032,0.99999943,1
0.720000,-0.26056117,-0.22008584,-0.29444245,1.81878006,-1.05036366,-0.26325071,-2.97981858,0.330368,0.083053,0.099437,0.331772,0.083420,0.100000,-0.001256,-0.019961,-0.001068,-0.00087113,0.00038729,0.00048311,0.99999943,1
0.740000,-0.26908427,-0.21103717,-0.31453797,1.82182467,-1.05159616,-0.27603099,-2.97072530,0.328147,0.083875,0.099386,0.329450,0.084382,0.100000,0.001256,-0.019961,0.001107,-0.00087113,0.00048230,0.00038827,0.99999943,1
0.760000,-0.27659079,-0.20285386,-0.33491778,1.82348144,-1.05216885,-0.28865722,-2.96109128,0.325947,0.084595,0.099335,0.327099,0.085270,0.100000,0.003748,-0.019646,0.003423,-0.00085737,0.00056971,0.00028731,0.99999943,1
0.780000,-0.28289920,-0.19551560,-0.35547352,1.82387340,-1.05195534,-0.30124363,-2.95084310,0.323760,0.085216,0.099309,0.324721,0.086085,0.100000,0.006180,-0.019021,0.005842,-0.00083007,0.00064813,0.00018180,0.99999943,1
0.800000,-0.28790575,-0.18909979,-0.37611139,1.82307851,-1.05079806,-0.31386620,-2.93995881,0.321587,0.085734,0.099294,0.322319,0.086823,0.100000,0.008516,-0.018097,0.008326,-0.00078966,0.00071633,0.00007341,0.99999943,1
0.820000,-0.29143149,-0.18355915,-0.39674079,1.82122803,-1.04861784,-0.32665280,-2.92839217,0.319410,0.086154,0.099304,0.319895,0.087487,0.100000,0.010717,-0.016887,0.010838,-0.00073679,0.00077323,-0.00003616,0.99999943,1
0.840000,-0.29347250,-0.17891963,-0.41727179,1.81850290,-1.04535031,-0.33968785,-2.91627479,0.317220,0.086495,0.099318,0.317451,0.088073,0.100000,0.012748,-0.015410,0.013335,-0.00067228,0.00081791,-0.00014516,0.99999943,1
0.860000,-0.29400125,-0.17505725,-0.43758360,1.81508934,-1.04102266,-0.35308984,-2.90374398,0.314994,0.086784,0.099345,0.314990,0.088583,0.100000,0.014579,-0.013691,0.015781,-0.00059717,0.00084968,-0.00025190,0.99999943,1
0.880000,-0.29305413,-0.17182279,-0.45764220,1.81111789,-1.03555346,-0.36679426,-2.89104438,0.312719,0.087038,0.099373,0.312515,0.089015,0.100000,0.016180,-0.011756,0.018135,-0.00051263,0.00086803,-0.00035467,0.99999943,1
0.900000,-0.29071209,-0.16893923,-0.47729284,1.80664277,-1.02902770,-0.38076046,-2.87842250,0.310375,0.087277,0.099422,0.310027,0.089369,0.100000,0.017526,-0.009635,0.020361,-0.00042001,0.00087267,-0.00045185,0.99999943,1
0.920000,-0.28705451,-0.16621099,-0.49648613,1.80174530,-1.02157223,-0.39461806,-2.86637092,0.307939,0.087513,0.099483,0.307529,0.089645,0.100000,0.018596,-0.007362,0.022423,-0.00032078,0.00086353,-0.00054192,0.99999943,1
0.940000,-0.28213921,-0.16332765,-0.51513326,1.79644871,-1.01329577,-0.40785247,-2.85527635,0.305406,0.087753,0.099571,0.305023,0.089842,0.100000,0.019372,-0.004974,0.024289,-0.00021650,0.00084075,-0.00062344,0.99999943,1
0.960000,-0.27599382,-0.16017175,-0.53298074,1.79074275,-1.00443864,-0.41991493,-2.84543395,0.302796,0.087990,0.099696,0.302513,0.089961,0.100000,0.019842,-0.002507,0.025931,-0.00010881,0.00080469,-0.00069513,0.99999943,1
0.980000,-0.26857531,-0.15670851,-0.54990047,1.78466833,-0.99519390,-0.43041623,-2.83697104,0.300122,0.088209,0.099845,0.300000,0.090000,0.100000,0.020000,0.000000,0.027321,0.00000057,0.00075592,-0.00075584,0.99999943,1
1.000000,-0.25989214,-0.15296958,-0.56553411,1.77817059,-0.98583466,-0.43904534,-2.82997537,0.297431,0.088385,0.100027,0.297487,0.089961,0.100000,0.019842,0.002507,0.028437,0.00010993,0.00069522,-0.00080462,0.99999943,1
1.020000,-0.25001487,-0.14907996,-0.57957685,1.77127433,-0.97663540,-0.44567403,-2.82444167,0.294769,0.088498,0.100229,0.294977,0.089842,0.100000,0.019372,0.004974,0.029263,0.00021755,0.00062355,-0.00084070,0.99999943,1
1.040000,-0.23906179,-0.14513417,-0.59177274,1.76396894,-0.96787602,-0.45034704,-2.82029748,0.292163,0.088526,0.100442,0.292471,0.089645,0.100000,0.018596,0.007362,0.029785,0.00032172,0.00054205,-0.00086350,0.99999943,1
1.060000,-0.22730786,-0.14108716,-0.60199285,1.75628006,-0.95983118,-0.45307374,-2.81750560,0.289622,0.088459,0.100660,0.289973,0.089369,0.100000,0.017526,0.009635,0.029996,0.00042080,0.00045199,-0.00087267,0.99999943,1
1.080000,-0.21509933,-0.13701174,-0.61028808,1.74835455,-0.95268875,-0.45402709,-2.81596112,0.287130,0.088296,0.100835,0.287485,0.089015,0.100000,0.016180,0.011756,0.029890,0.00051325,0.00035481,-0.00086805,0.99999943,1
1.100000,-0.20276819,-0.13279839,-0.61665380,1.74032295,-0.94668114,-0.45340750,-2.81552100,0.284675,0.088042,0.100971,0.285010,0.088583,0.100000,0.014579,0.013691,0.029472,0.00059759,0.00025205,-0.00084972,0.99999943,1
1.120000,-0.19058472,-0.12837818,-0.62124103,1.73238301,-0.94188720,-0.45133576,-2.81609273,0.282242,0.087702,0.101054,0.282549,0.088073,0.100000,0.012748,0.015410,0.028746,0.00067252,0.00014532,-0.00081797,0.99999943,1
1.140000,-0.17883655,-0.12356210,-0.62417656,1.72475600,-0.93840128,-0.44798672,-2.81755471,0.279817,0.087291,0.101098,0.280105,0.087487,0.100000,0.010717,0.016887,0.027724,0.00073684,0.00003632,-0.00077330,0.99999943,1
1.160000,-0.16765352,-0.11829549,-0.62559086,1.71751297,-0.93616265,-0.44350293,-2.81975770,0.277409,0.086789,0.101108,0.277681,0.086823,0.100000,0.008516,0.018097,0.026423,0.00078956,-0.00007324,-0.00071643,0.99999943,1
1.180000,-0.15717390,-0.11253373,-0.62563133,1.71079600,-0.93509507,-0.43802983,-2.82260275,0.275027,0.086194,0.101091,0.275279,0.086085,0.100000,0.006180,0.019021,0.024863,0.00082984,-0.00018164,-0.00064824,0.99999943,1
1.200000,-0.14749192,-0.10622867,-0.62449527,1.70475399,-0.93516892,-0.43176579,-2.82594490,0.272662,0.085504,0.101056,0.272901,0.085270,0.100000,0.003748,0.019646,0.023068,0.00085704,-0.00028715,-0.00056983,0.99999943,1
1.220000,-0.13860692,-0.09934057,-0.62240791,1.69946837,-0.93620175,-0.42484429,-2.82969427,0.270323,0.084708,0.101012,0.270550,0.084382,0.100000,0.001256,0.019961,0.021068,0.00087076,-0.00038813,-0.00048243,0.99999943,1
1.240000,-0.13062072,-0.09185575,-0.61957663,1.69504702,-0.93806773,-0.41740045,-2.83382893,0.268016,0.083814,0.100963,0.268228,0.083420,0.100000,-0.001256,0.019961,0.018893,0.00087076,-0.00048298,-0.00038743,0.99999943,1
1.260000,-0.12358519,-0.08379577,-0.61628908,1.69156432,-0.94056940,-0.40956405,-2.83822107,0.265740,0.082826,0.100899,0.265938,0.082386,0.100000,-0.003748,0.019646,0.016577,0.00085704,-0.00057020,-0.00028633,0.99999943,1
1.280000,-0.11747751,-0.07512277,-0.61280167,1.68902338,-0.94361681,-0.40149286,-2.84279585,0.263479,0.081742,0.100830,0.263681,0.081281,0.100000,-0.006180,0.019021,0.014158,0.00082984,-0.00064844,-0.00018072,0.99999943,1
1.300000,-0.11231279,-0.06584904,-0.60934657,1.68743670,-0.94705915,-0.39332259,-2.84749365,0.261238,0.080571,0.100758,0.261460,0.080105,0.100000,-0.008516,0.018097,0.011674,0.00078956,-0.00071645,-0.00007227,0.99999943,1
1.320000,-0.10802274,-0.05598492,-0.60614336,1.68678808,-0.95071018,-0.38520381,-2.85223198,0.259026,0.079314,0.100687,0.259277,0.078859,0.100000,-0.010717,0.016887,0.009162,0.00073684,-0.00077317,0.00003730,0.99999943,1
1.340000,-0.10457775,-0.04558464,-0.60342538,1.68702698,-0.95448887,-0.37726152,-2.85690594,0.256834,0.077979,0.100612,0.257134,0.077546,0.100000,-0.012748,0.015410,0.006665,0.00067252,-0.00081771,0.00014626,0.99999943,1
1.360000,-0.10193836,-0.03461377,-0.60137331,1.68806958,-0.95829046,-0.36961281,-2.86144018,0.254666,0.076573,0.100545,0.255033,0.076166,0.100000,-0.014579,0.013691,0.004219,0.00059759,-0.00084938,0.00025291,0.99999943,1
1.380000,-0.10004386,-0.02318878,-0.60020030,1.68980408,-0.96195966,-0.36235487,-2.86574316,0.252529,0.075097,0.100466,0.252977,0.074721,0.100000,-0.016180,0.011756,0.001865,0.00051325,-0.00086767,0.00035556,0.99999943,1
1.400000,-0.09879307,-0.01130312,-0.60005409,1.69216084,-0.96548337,-0.35561079,-2.86974335,0.250416,0.073562,0.100387,0.250967,0.073212,0.100000,-0.017526,0.009635,-0.000361,0.00042080,-0.00087229,0.00045259,0.99999943,1
1.420000,-0.09807298,0.00095720,-0.60107940,1.69497693,-0.96874863,-0.34948349,-2.87332439,0.248337,0.071965,0.100300,0.249006,0.071641,0.100000,-0.018596,0.007362,-0.002423,0.00032172,-0.00086318,0.00054247,0.99999943,1
1.440000,-0.09775684,0.01353630,-0.60337102,1.69805717,-0.97172695,-0.34408084,-2.87638712,0.246292,0.070297,0.100207,0.247095,0.070009,0.100000,-0.019372,0.004974,-0.004289,0.00021755,-0.00084048,0.00062381,0.99999943,1
1.460000,-0.09775328,0.02639926,-0.60698086,1.70128322,-0.97440141,-0.33944526,-2.87885284,0.244289,0.068569,0.100119,0.245236,0.068317,0.100000,-0.019842,0.002507,-0.005931,0.00010993,-0.00080453,0.00069530,0.99999943,1
1.480000,-0.09792192,0.03942006,-0.61197579,1.70446110,-0.97670442,-0.33558378,-2.88064623,0.242339,0.066773,0.100026,0.243431,0.066569,0.100000,-0.020000,-0.000000,-0.007321,0.00000057,-0.00075592,0.00075584,0.99999943,1
1.500000,-0.09818565,0.05250984,-0.61839455,1.70742059,-0.97865540,-0.33249894,-2.88168812,0.240439,0.064912,0.099924,0.241682,0.064764,0.100000,-0.019842,-0.002507,-0.008437,-0.00010881,-0.00069540,0.00080447,0.99999943,1
1.520000,-0.09845042,0.06558751,-0.62625784,1.71003306,-0.98016459,-0.33018222,-2.88200140,0.238604,0.062994,0.099811,0.239991,0.062905,0.100000,-0.019372,-0.004974,-0.009263,-0.00021650,-0.00062392,0.00084043,0.99999943,1
1.540000,-0.09853391,0.07854202,-0.63549376,1.71208394,-0.98124135,-0.32859859,-2.88153791,0.236845,0.061006,0.099699,0.238359,0.060994,0.100000,-0.018596,-0.007362,-0.009785,-0.00032078,-0.00054260,0.00086316,0.99999943,1
1.560000,-0.09835838,0.09132695,-0.64613324,1.71341360,-0.98184687,-0.32763097,-2.88034821,0.235155,0.058952,0.099584,0.236788,0.059033,0.100000,-0.017526,-0.009635,-0.009996,-0.00042001,-0.00045273,0.00087229,0.99999943,1
1.580000,-0.09782054,0.10385072,-0.65801620,1.71389246,-0.98197782,-0.32716832,-2.87848854,0.233556,0.056841,0.099486,0.235279,0.057023,0.100000,-0.016180,-0.011756,-0.009890,-0.00051263,-0.00035571,0.00086768,0.99999943,1
1.600000,-0.09682473,0.11595388,-0.67109334,1.71336138,-0.98161739,-0.32706228,-2.87597752,0.232048,0.054672,0.099394,0.233834,0.054967,0.100000,-0.014579,-0.013691,-0.009472,-0.00059717,-0.00025307,0.00084941,0.99999943,1
1.620000,-0.09528866,0.12746522,-0.68526506,1.71167397,-0.98076367,-0.32718110,-2.87291002,0.230633,0.052450,0.099301,0.232454,0.052866,0.100000,-0.012748,-0.015410,-0.008746,-0.00067228,-0.00014642,0.00081777,0.99999943,1
1.640000,-0.09311917,0.13824604,-0.70032340,1.70871878,-0.97942090,-0.32735741,-2.86937618,0.229327,0.050182,0.099223,0.231141,0.050723,0.100000,-0.010717,-0.016887,-0.007724,-0.00073679,-0.00003746,0.00077325,0.99999943,1
1.660000,-0.09019990,0.14813164,-0.71612924,1.70433116,-0.97758722,-0.32748988,-2.86538601,0.228130,0.047863,0.099154,0.229895,0.048540,0.100000,-0.008516,-0.018097,-0.006423,-0.00078966,0.00007211,0.00071654,0.99999943,1
1.680000,-0.08648959,0.15703529,-0.73256928,1.69840837,-0.97528791,-0.32752109,-2.86094570,0.227018,0.045502,0.099094,0.228719,0.046319,0.100000,-0.006180,-0.019021,-0.004863,-0.00083007,0.00018056,0.00064854,0.99999943,1
1.700000,-0.08190867,0.16477863,-0.74937952,1.69087446,-0.97252274,-0.32740626,-2.85602283,0.226009,0.043105,0.099051,0.227614,0.044062,0.100000,-0.003748,-0.019646,-0.003068,-0.00085737,0.00028618,0.00057032,0.99999943,1
1.720000,-0.07642397,0.17120901,-0.76641101,1.68156755,-0.96928835,-0.32726187,-2.85045910,0.225083,0.040667,0.099011,0.226580,0.041772,0.100000,-0.001256,-0.019961,-0.001068,-0.00087113,0.00038729,0.00048311,0.99999943,1
1.740000,-0.06995485,0.17612663,-0.78344041,1.67053640,-0.96559733,-0.32724014,-2.84411478,0.224238,0.038203,0.098972,0.225618,0.039450,0.100000,0.001256,-0.019961,0.001107,-0.00087113,0.00048230,0.00038827,0.99999943,1
1.760000,-0.06237529,0.17941894,-0.80016756,1.65776312,-0.96153319,-0.32759064,-2.83677530,0.223470,0.035712,0.098954,0.224730,0.037099,0.100000,0.003748,-0.019646,0.003423,-0.00085737,0.00056971,0.00028731,0.99999943,1
1.780000,-0.05346122,0.18093191,-0.81641793,1.64348197,-0.95708734,-0.32857639,-2.82828760,0.222771,0.033215,0.098955,0.223915,0.034721,0.100000,0.006180,-0.019021,0.005842,-0.00083007,0.00064813,0.00018180,0.99999943,1
1.800000,-0.04305091,0.18051578,-0.83189046,1.62787127,-0.95236892,-0.33042189,-2.81854773,0.222144,0.030726,0.098986,0.223176,0.032319,0.100000,0.008516,-0.018097,0.008326,-0.00078966,0.00071633,0.00007341,0.99999943,1
1.820000,-0.03103039,0.17813592,-0.84641033,1.61124849,-0.94742209,-0.33326718,-2.80750418,0.221582,0.028281,0.099043,0.222513,0.029895,0.100000,0.010717,-0.016887,0.010838,-0.00073679,0.00077323,-0.00003616,0.99999943,1
1.840000,-0.01749092,0.17396586,-0.85976779,1.59384716,-0.94236451,-0.33715260,-2.79531574,0.221072,0.025918,0.099132,0.221927,0.027451,0.100000,0.012748,-0.015410,0.013335,-0.00067228,0.00081791,-0.00014516,0.99999943,1
1.860000,-0.00240592,0.16815779,-0.87176454,1.57585871,-0.93725902,-0.34212589,-2.78208494,0.220619,0.023649,0.099253,0.221417,0.024991,0.100000,0.014579,-0.013691,0.015781,-0.00059717,0.00084968,-0.00025190,0.99999943,1
1.880000,0.01406076,0.16104731,-0.88230872,1.55731761,-0.93212181,-0.34814218,-2.76796389,0.220212,0.021472,0.099387,0.220985,0.022515,0.100000,0.016180,-0.011756,0.018135,-0.00051263,0.00086803,-0.00035467,0.99999943,1
1.900000,0.03173139,0.15309203,-0.89124167,1.53823841,-0.92699212,-0.35498244,-2.75339127,0.219865,0.019377,0.099538,0.220631,0.020027,0.100000,0.017526,-0.009635,0.020361,-0.00042001,0.00087267,-0.00045185,0.99999943,1
1.920000,0.05043098,0.14497203,-0.89846522,1.51870036,-0.92198968,-0.36227557,-2.73885632,0.219579,0.017357,0.099722,0.220355,0.017529,0.100000,0.018596,-0.007362,0.022423,-0.00032078,0.00086353,-0.00054192,0.99999943,1
1.940000,0.07003353,0.13706537,-0.90390319,1.49867558,-0.91719574,-0.36956000,-2.72479725,0.219369,0.015377,0.099921,0.220158,0.015023,0.100000,0.019372,-0.004974,0.024289,-0.00021650,0.00084075,-0.00062344,0.99999943,1
1.960000,0.09035294,0.12981249,-0.90748316,1.47811007,-0.91275513,-0.37612122,-2.71173048,0.219254,0.013402,0.100126,0.220040,0.012513,0.100000,0.019842,-0.002507,0.025931,-0.00010882,0.00080469,-0.00069513,0.99999943,1
1.980000,0.11124013,0.12348936,-0.90911210,1.45707953,-0.90884477,-0.38146940,-2.70002413,0.219251,0.011402,0.100329,0.220000,0.010000,0.100000,0.020000,0.000000,0.027321,0.00000057,0.00075592,-0.00075584,0.99999943,1
2.000000,0.13258322,0.11816190,-0.90873581,1.43562794,-0.90563166,-0.38520542,-2.68993711,0.219371,0.009338,0.100506,0.220039,0.007487,0.100000,0.019842,0.002507,0.028437,0.00010993,0.00069522,-0.00080462,0.99999943,1
2.020000,0.15411706,0.11382797,-0.90630084,1.41382313,-0.90338200,-0.38715884,-2.68155146,0.219601,0.007178,0.100640,0.220158,0.004977,0.100000,0.019372,0.004974,0.029263,0.00021755,0.00062355,-0.00084070,0.99999943,1
2.040000,0.17551562,0.11038636,-0.90180981,1.39178300,-0.90217501,-0.38731864,-2.67488337,0.219945,0.004898,0.100709,0.220355,0.002471,0.100000,0.018596,0.007362,0.029785,0.00032172,0.00054205,-0.00086350,0.99999943,1
2.060000,0.19656058,0.10777248,-0.89525259,1.36974669,-0.90202415,-0.38574380,-2.66992283,0.220414,0.002486,0.100710,0.220631,-0.000027,0.100000,0.017526,0.009635,0.029996,0.00042080,0.00045199,-0.00087267,0.99999943,1
2.080000,0.21683104,0.10593571,-0.88680661,1.34804988,-0.90298390,-0.38255671,-2.66664553,0.220969,-0.000040,0.100639,0.220985,-0.002515,0.100000,0.016180,0.011756,0.029890,0.00051325,0.00035481,-0.00086805,0.99999943,1
2.100000,0.23589237,0.10481571,-0.87652433,1.32704508,-0.90498978,-0.37791124,-2.66498184,0.221613,-0.002657,0.100519,0.221417,-0.004991,0.100000,0.014579,0.013691,0.029472,0.00059759,0.00025205,-0.00084972,0.99999943,1
2.120000,0.25357535,0.10436513,-0.86458415,1.30703926,-0.90784192,-0.37192094,-2.66490173,0.222346,-0.005352,0.100362,0.221927,-0.007451,0.100000,0.012748,0.015410,0.028746,0.00067252,0.00014532,-0.00081797,0.99999943,1
2.140000,0.26960757,0.10449262,-0.85120946,1.28838718,-0.91139138,-0.36472517,-2.66629410,0.223144,-0.008090,0.100186,0.222513,-0.009895,0.100000,0.010717,0.016887,0.027724,0.00073684,0.00003632,-0.00077330,0.99999943,1
2.160000,0.28382984,0.10506644,-0.83659762,1.27130353,-0.91544384,-0.35647753,-2.66904116,0.224001,-0.010850,0.100007,0.223177,-0.012319,0.100000,0.008516,0.018097,0.026423,0.00078956,-0.00007325,-0.00071643,0.99999943,1
2.180000,0.29615614,0.10600252,-0.82096797,1.25607121,-0.91976142,-0.34723863,-2.67312813,0.224919,-0.013597,0.099848,0.223915,-0.014721,0.100000,0.006180,0.019021,0.024863,0.00082984,-0.00018164,-0.00064824,0.99999943,1
2.200000,0.30649874,0.10713983,-0.80465025,1.24276507,-0.92420506,-0.33715543,-2.67843246,0.225861,-0.016308,0.099703,0.224730,-0.017099,0.100000,0.003748,0.019646,0.023068,0.00085704,-0.00028715,-0.00056983,0.99999943,1
2.220000,0.31489655,0.10826972,-0.78781611,1.23145688,-0.92864251,-0.32636833,-2.68482542,0.226833,-0.018966,0.099579,0.225618,-0.019450,0.100000,0.001256,0.019961,0.021068,0.00087076,-0.00038813,-0.00048243,0.99999943,1
2.240000,0.32140854,0.10923968,-0.77063739,1.22222888,-0.93297184,-0.31499895,-2.69217300,0.227842,-0.021547,0.099484,0.226580,-0.021772,0.100000,-0.001256,0.019961,0.018893,0.00087076,-0.00048298,-0.00038743,0.99999943,1
2.260000,0.32612899,0.10994468,-0.75337505,1.21504724,-0.93715441,-0.30315742,-2.70031047,0.228872,-0.024036,0.099413,0.227614,-0.024062,0.100000,-0.003748,0.019646,0.016577,0.00085704,-0.00057020,-0.00028633,0.99999943,1
2.280000,0.32913688,0.11026622,-0.73613113,1.20981610,-0.94122082,-0.29103878,-2.70908189,0.229930,-0.026430,0.099372,0.228719,-0.026319,0.100000,-0.006180,0.019021,0.014158,0.00082984,-0.00064844,-0.00018072,0.99999943,1
2.300000,0.33060828,0.11009017,-0.71900749,1.20641398,-0.94513357,-0.27875400,-2.71826863,0.231043,-0.028729,0.099361,0.229896,-0.028540,0.100000,-0.008516,0.018097,0.011674,0.00078956,-0.00071645,-0.00007227,0.99999943,1
2.320000,0.33076388,0.10940691,-0.70220327,1.20474422,-0.94897258,-0.26648417,-2.72769856,0.232192,-0.030932,0.099371,0.231141,-0.030723,0.100000,-0.010717,0.016887,0.009162,0.00073684,-0.00077317,0.00003730,0.99999943,1
2.340000,0.32982907,0.10814026,-0.68577170,1.20461619,-0.95277888,-0.25438952,-2.73713899,0.233401,-0.033053,0.099400,0.232454,-0.032866,0.100000,-0.012748,0.015410,0.006665,0.00067252,-0.00081771,0.00014626,0.99999943,1
2.360000,0.32798454,0.10633349,-0.66993111,1.20581794,-0.95658094,-0.24267212,-2.74637866,0.234654,-0.035098,0.099433,0.233834,-0.034967,0.100000,-0.014579,0.013691,0.004219,0.00059759,-0.00084938,0.00025291,0.99999943,1
2.380000,0.32546741,0.10399736,-0.65480220,1.20816815,-0.96034247,-0.23152861,-2.75518584,0.235965,-0.037076,0.099460,0.235279,-0.037023,0.100000,-0.016180,0.011756,0.001865,0.00051325,-0.00086767,0.00035556,0.99999943,1
2.400000,0.32245386,0.10120397,-0.64048749,1.21147931,-0.96402591,-0.22112288,-2.76344180,0.237345,-0.038993,0.099488,0.236788,-0.039033,0.100000,-0.017526,0.009635,-0.000361,0.00042080,-0.00087229,0.00045259,0.99999943,1
2.420000,0.31914878,0.09807752,-0.62720966,1.21552575,-0.96758276,-0.21158795,-2.77092385,0.238780,-0.040856,0.099503,0.238359,-0.040994,0.100000,-0.018596,0.007362,-0.002423,0.00032172,-0.00086318,0.00054248,0.99999943,1
2.440000,0.31573316,0.09474708,-0.61515594,1.22004962,-0.97094476,-0.20303030,-2.77750945,0.240261,-0.042679,0.099501,0.239991,-0.042905,0.100000,-0.019372,0.004974,-0.004289,0.00021755,-0.00084047,0.00062381,0.99999943,1
2.460000,0.31236535,0.09127954,-0.60439932,1.22485077,-0.97401863,-0.19546084,-2.78319907,0.241804,-0.044466,0.099487,0.241682,-0.044764,0.100000,-0.019842,0.002507,-0.005931,0.00010993,-0.00080453,0.00069530,0.99999943,1
2.480000,0.30913422,0.08770896,-0.59507453,1.22976625,-0.97673213,-0.18888852,-2.78790545,0.243407,-0.046206,0.099456,0.243431,-0.046569,0.100000,-0.020000,-0.000000,-0.007321,0.00000057,-0.00075592,0.00075584,0.99999943,1
2.500000,0.30611923,0.08409225,-0.58719832,1.23458767,-0.97910517,-0.18325897,-2.79161000,0.245070,-0.047901,0.099420,0.245236,-0.048317,0.100000,-0.019842,-0.002507,-0.008437,-0.00010882,-0.00069540,0.00080447,0.99999943,1
2.520000,0.30346647,0.08041916,-0.58082819,1.23911226,-0.98108679,-0.17852312,-2.79433322,0.246793,-0.049555,0.099371,0.247095,-0.050009,0.100000,-0.019372,-0.004974,-0.009263,-0.00021650,-0.00062392,0.00084043,0.99999943,1
2.540000,0.30125049,0.07666604,-0.57590288,1.24317622,-0.98269373,-0.17452611,-2.79612565,0.248588,-0.051164,0.099319,0.249006,-0.051641,0.100000,-0.018596,-0.007363,-0.009785,-0.00032078,-0.00054260,0.00086316,0.99999943,1
2.560000,0.29954407,0.07282131,-0.57237375,1.24664223,-0.98394179,-0.17113489,-2.79705453,0.250454,-0.052724,0.099272,0.250967,-0.053212,0.100000,-0.017526,-0.009635,-0.009996,-0.00042002,-0.00045272,0.00087229,0.99999943,1
2.580000,0.29843736,0.06886523,-0.57016551,1.24936759,-0.98485768,-0.16824012,-2.79716563,0.252389,-0.054232,0.099236,0.252977,-0.054721,0.100000,-0.016180,-0.011756,-0.009890,-0.00051263,-0.00035571,0.00086768,0.99999943,1
2.600000,0.29804721,0.06472357,-0.56915706,1.25115407,-0.98546183,-0.16569892,-2.79654574,0.254399,-0.055700,0.099210,0.255033,-0.056166,0.100000,-0.014579,-0.013691,-0.009472,-0.00059716,-0.00025307,0.00084942,0.99999943,1
2.620000,0.29840386,0.06033126,-0.56921834,1.25187469,-0.98582011,-0.16338594,-2.79530931,0.256479,-0.057124,0.099196,0.257134,-0.057546,0.100000,-0.012748,-0.015410,-0.008746,-0.00067228,-0.00014642,0.00081777,0.99999943,1
2.640000,0.29959971,0.05558445,-0.57021433,1.25144410,-0.98597813,-0.16121590,-2.79350686,0.258623,-0.058500,0.099186,0.259277,-0.058859,0.100000,-0.010717,-0.016887,-0.007724,-0.00073679,-0.00003746,0.00077325,0.99999943,1
2.660000,0.30165258,0.05042503,-0.57194537,1.24979067,-0.98603565,-0.15905650,-2.79126954,0.260827,-0.059821,0.099187,0.261460,-0.060105,0.100000,-0.008516,-0.018097,-0.006423,-0.00078966,0.00007211,0.00071654,0.99999943,1
2.680000,0.30456841,0.04474609,-0.57419217,1.24686980,-0.98606896,-0.15683840,-2.78867030,0.263092,-0.061079,0.099201,0.263681,-0.061281,0.100000,-0.006180,-0.019021,-0.004863,-0.00083007,0.00018056,0.00064854,0.99999943,1
2.700000,0.30839545,0.03851320,-0.57676202,1.24268961,-0.98614210,-0.15455191,-2.78578210,0.265405,-0.062268,0.099230,0.265938,-0.062386,0.100000,-0.003748,-0.019646,-0.003068,-0.00085737,0.00028618,0.00057032,0.99999943,1
2.720000,0.31314570,0.03160069,-0.57941502,1.23726964,-0.98634821,-0.15221336,-2.78269792,0.267766,-0.063380,0.099266,0.268228,-0.063420,0.100000,-0.001256,-0.019961,-0.001068,-0.00087113,0.00038729,0.00048311,0.99999943,1
2.740000,0.31881979,0.02398170,-0.58196533,1.23061776,-0.98675907,-0.14984086,-2.77943087,0.270159,-0.064411,0.099304,0.270550,-0.064382,0.100000,0.001256,-0.019961,0.001107,-0.00087113,0.00048230,0.00038827,0.99999943,1
2.760000,0.32537165,0.01566534,-0.58418351,1.22287810,-0.98742241,-0.14747114,-2.77608871,0.272582,-0.065344,0.099352,0.272901,-0.065270,0.100000,0.003748,-0.019646,0.003423,-0.00085737,0.00056971,0.00028731,0.99999943,1
2.780000,0.33280933,0.00665773,-0.58583879,1.21405888,-0.98842436,-0.14514317,-2.77269745,0.275028,-0.066190,0.099410,0.275279,-0.066085,0.100000,0.006180,-0.019021,0.005842,-0.00083007,0.00064813,0.00018180,0.99999943,1
2.800000,0.34107816,-0.00303319,-0.58671951,1.20430744,-0.98980319,-0.14288501,-2.76931858,0.277497,-0.066940,0.099475,0.277681,-0.066823,0.100000,0.008516,-0.018097,0.008326,-0.00078966,0.00071633,0.00007341,0.99999943,1
2.820000,0.35014006,-0.01330704,-0.58662844,1.19373226,-0.99158734,-0.14076796,-2.76602268,0.279986,-0.067601,0.099552,0.280105,-0.067487,0.100000,0.010717,-0.016887,0.010838,-0.00073679,0.00077323,-0.00003616,0.99999943,1
2.840000,0.35994178,-0.02414549,-0.58537799,1.18242538,-0.99372494,-0.13879566,-2.76288509,0.282512,-0.068177,0.099628,0.282549,-0.068073,0.100000,0.012748,-0.015410,0.013335,-0.00067228,0.00081791,-0.00014516,0.99999943,1
2.860000,0.37032008,-0.03539627,-0.58286667,1.17050815,-0.99623567,-0.13698409,-2.76004219,0.285059,-0.068672,0.099705,0.285010,-0.068583,0.100000,0.014579,-0.013691,0.015781,-0.00059717,0.00084968,-0.00025189,0.99999943,1
2.880000,0.38122374,-0.04703134,-0.57886493,1.15815473,-0.99915010,-0.13525401,-2.75758505,0.287650,-0.069095,0.099779,0.287485,-0.069015,0.100000,0.016180,-0.011756,0.018135,-0.00051263,0.00086803,-0.00035467,0.99999943,1
2.900000,0.39246765,-0.05886532,-0.57333702,1.14555061,-1.00246513,-0.13355669,-2.75570822,0.290265,-0.069447,0.099852,0.289973,-0.069369,0.100000,0.017526,-0.009635,0.020361,-0.00042001,0.00087267,-0.00045185,0.99999943,1
2.920000,0.40386388,-0.07078099,-0.56620991,1.13284802,-1.00620782,-0.13170803,-2.75452662,0.292897,-0.069736,0.099924,0.292471,-0.069645,0.100000,0.018596,-0.007362,0.022423,-0.00032078,0.00086353,-0.00054192,0.99999943,1
2.940000,0.41513813,-0.08268995,-0.55738574,1.12030566,-1.01028740,-0.12955923,-2.75428486,0.295568,-0.069950,0.100007,0.294977,-0.069842,0.100000,0.019372,-0.004974,0.024289,-0.00021650,0.00084075,-0.00062344,0.99999943,1
2.960000,0.42608398,-0.09448048,-0.54697794,1.10803986,-1.01467693,-0.12694429,-2.75519180,0.298244,-0.070097,0.100085,0.297487,-0.069961,0.100000,0.019842,-0.002507,0.025931,-0.00010881,0.00080469,-0.00069513,0.99999943,1
2.980000,0.43652704,-0.10604889,-0.53505838,1.09629035,-1.01925480,-0.12367725,-2.75741482,0.300919,-0.070171,0.100157,0.300000,-0.070000,0.100000,0.020000,0.000000,0.027321,0.00000057,0.00075592,-0.00075584,0.99999943,1
3.000000,0.44618157,-0.11733526,-0.52177048,1.08522630,-1.02384472,-0.11959069,-2.76103830,0.303584,-0.070159,0.100218,0.302513,-0.069961,0.100000,0.019842,0.002507,0.028437,0.00010993,0.00069522,-0.00080462,0.99999943,1
3.020000,0.45485860,-0.12824513,-0.50728554,1.07507551,-1.02819872,-0.11455223,-2.76617622,0.306235,-0.070044,0.100269,0.305023,-0.069842,0.100000,0.019372,0.004974,0.029263,0.00021755,0.00062355,-0.00084070,0.99999943,1
3.040000,0.46238375,-0.13868694,-0.49182123,1.06599796,-1.03210545,-0.10861021,-2.77284288,0.308853,-0.069823,0.100311,0.307529,-0.069645,0.100000,0.018596,0.007362,0.029785,0.00032172,0.00054205,-0.00086350,0.99999943,1
3.060000,0.46859813,-0.14857708,-0.47567639,1.05813730,-1.03532279,-0.10176033,-2.78095436,0.311414,-0.069482,0.100336,0.310027,-0.069369,0.100000,0.017526,0.009635,0.029996,0.00042080,0.00045199,-0.00087267,0.99999943,1
3.080000,0.47336847,-0.15784973,-0.45899752,1.05162382,-1.03762627,-0.09412736,-2.79043198,0.313924,-0.069023,0.100364,0.312515,-0.069015,0.100000,0.016180,0.011756,0.029890,0.00051325,0.00035481,-0.00086805,0.99999943,1
3.100000,0.47667044,-0.16657262,-0.44190386,1.04657304,-1.03881657,-0.08587102,-2.80110979,0.316400,-0.068444,0.100389,0.314991,-0.068583,0.100000,0.014579,0.013691,0.029472,0.00059759,0.00025205,-0.00084972,0.99999943,1
3.120000,0.47848624,-0.17477606,-0.42452472,1.04307353,-1.03884828,-0.07722480,-2.81277943,0.318837,-0.067757,0.100416,0.317451,-0.068073,0.100000,0.012748,0.015410,0.028746,0.00067252,0.00014532,-0.00081797,0.99999943,1
3.140000,0.47886220,-0.18257985,-0.40688741,1.04118526,-1.03784263,-0.06833129,-2.82526445,0.321234,-0.066979,0.100444,0.319895,-0.067487,0.100000,0.010717,0.016887,0.027724,0.00073684,0.00003632,-0.00077330,0.99999943,1
3.160000,0.47775388,-0.19007610,-0.38914394,1.04097140,-1.03592598,-0.05931100,-2.83839655,0.323568,-0.066110,0.100470,0.322319,-0.066823,0.100000,0.008516,0.018097,0.026423,0.00078956,-0.00007324,-0.00071643,0.99999943,1
3.180000,0.47519448,-0.19741435,-0.37124711,1.04248810,-1.03325284,-0.05024205,-2.85190248,0.325862,-0.065160,0.100499,0.324721,-0.066085,0.100000,0.006180,0.019021,0.024863,0.00082984,-0.00018164,-0.00064824,0.99999943,1
3.200000,0.47122782,-0.20477423,-0.35323241,1.04570127,-1.03016257,-0.04125371,-2.86558342,0.328095,-0.064145,0.100513,0.327099,-0.065270,0.100000,0.003748,0.019646,0.023068,0.00085704,-0.00028715,-0.00056983,0.99999943,1
3.220000,0.46590173,-0.21228968,-0.33503899,1.05059552,-1.02695370,-0.03233860,-2.87938595,0.330280,-0.063081,0.100516,0.329450,-0.064382,0.100000,0.001256,0.019961,0.021068,0.00087076,-0.00038813,-0.00048243,0.99999943,1
3.240000,0.45928800,-0.22006352,-0.31661937,1.05710042,-1.02383959,-0.02351398,-2.89303589,0.332437,-0.061982,0.100508,0.331772,-0.063420,0.100000,-0.001256,0.019961,0.018893,0.00087076,-0.00048298,-0.00038743,0.99999943,1
3.260000,0.45128143,-0.22817184,-0.29803798,1.06523955,-1.02111483,-0.01478614,-2.90651464,0.334552,-0.060830,0.100494,0.334062,-0.062386,0.100000,-0.003748,0.019646,0.016577,0.00085704,-0.00057020,-0.00028633,0.99999943,1
3.280000,0.44202906,-0.23670259,-0.27917692,1.07486951,-1.01891601,-0.00617936,-2.91968155,0.336676,-0.059648,0.100478,0.336319,-0.061281,0.100000,-0.006180,0.019021,0.014158,0.00082984,-0.00064844,-0.00018072,0.99999943,1
3.300000,0.43144828,-0.24565315,-0.26020092,1.08599818,-1.01737106,0.00218880,-2.93248177,0.338791,-0.058401,0.100458,0.338540,-0.060105,0.100000,-0.008516,0.018097,0.011674,0.00078956,-0.00071645,-0.00007227,0.99999943,1
3.320000,0.41969377,-0.25506768,-0.24120215,1.09854853,-1.01657426,0.01024786,-2.94471693,0.340909,-0.057080,0.100415,0.340723,-0.058859,0.100000,-0.010717,0.016887,0.009162,0.00073684,-0.00077317,0.00003730,0.99999943,1
3.340000,0.40691504,-0.26477104,-0.22232729,1.11238062,-1.01658618,0.01773691,-2.95626307,0.343014,-0.055702,0.100362,0.342866,-0.057546,0.100000,-0.012748,0.015410,0.006665,0.00067252,-0.00081771,0.00014626,0.99999943,1
3.360000,0.39323184,-0.27464527,-0.20381171,1.12742567,-1.01738465,0.02444635,-2.96694040,0.345088,-0.054252,0.100296,0.344967,-0.056166,0.100000,-0.014579,0.013691,0.004219,0.00059759,-0.00084938,0.00025291,0.99999943,1
3.380000,0.37880620,-0.28454059,-0.18583579,1.14351261,-1.01892626,0.03006118,-2.97652960,0.347123,-0.052737,0.100226,0.347023,-0.054721,0.100000,-0.016180,0.011756,0.001865,0.00051325,-0.00086767,0.00035556,0.99999943,1
3.400000,0.36383229,-0.29423782,-0.16871297,1.16041040,-1.02100372,0.03424126,-2.98484135,0.349101,-0.051172,0.100154,0.349033,-0.053212,0.100000,-0.017526,0.009635,-0.000361,0.00042080,-0.00087229,0.00045259,0.99999943,1
3.420000,0.34856230,-0.30359390,-0.15273619,1.17792225,-1.02340436,0.03680707,-2.99177074,0.351018,-0.049563,0.100071,0.350994,-0.051641,0.100000,-0.018596,0.007363,-0.002423,0.00032172,-0.00086318,0.00054247,0.99999943,1
3.440000,0.33318737,-0.31239423,-0.13823739,1.19584119,-1.02591503,0.03768388,-2.99729729,0.352855,-0.047921,0.099984,0.352905,-0.050009,0.100000,-0.019372,0.004974,-0.004289,0.00021755,-0.00084047,0.00062381,0.99999943,1
3.460000,0.31777674,-0.32057276,-0.12548883,1.21394670,-1.02834022,0.03686916,-3.00132370,0.354609,-0.046239,0.099882,0.354764,-0.048317,0.100000,-0.019842,0.002507,-0.005931,0.00010993,-0.00080453,0.00069530,0.99999943,1
3.480000,0.30251980,-0.32794905,-0.11454877,1.23204160,-1.03048635,0.03441945,-3.00395536,0.356304,-0.044542,0.099814,0.356569,-0.046569,0.100000,-0.020000,-0.000000,-0.007321,0.00000057,-0.00075592,0.00075584,0.99999943,1
3.500000,0.28748429,-0.33458540,-0.10559757,1.24993443,-1.03227389,0.03040548,-3.00522470,0.357933,-0.042821,0.099749,0.358317,-0.044764,0.100000,-0.019842,-0.002507,-0.008437,-0.00010882,-0.00069540,0.00080447,0.99999943,1
3.520000,0.27270776,-0.34054026,-0.09869801,1.26748538,-1.03362179,0.02500989,-3.00518322,0.359506,-0.041064,0.099680,0.360009,-0.042905,0.100000,-0.019372,-0.004974,-0.009263,-0.00021650,-0.00062392,0.00084043,0.99999943,1
3.540000,0.25830585,-0.34579673,-0.09386397,1.28456247,-1.03447008,0.01832131,-3.00391388,0.361025,-0.039277,0.099617,0.361641,-0.040994,0.100000,-0.018596,-0.007362,-0.009785,-0.00032078,-0.00054260,0.00086316,0.99999943,1
3.560000,0.24425866,-0.35042292,-0.09103383,1.30107570,-1.03479576,0.01056037,-3.00157928,0.362503,-0.037445,0.099570,0.363212,-0.039033,0.100000,-0.017526,-0.009635,-0.009996,-0.00042001,-0.00045273,0.00087229,0.99999943,1
3.580000,0.23070453,-0.35448503,-0.09017883,1.31690562,-1.03455687,0.00190550,-2.99826956,0.363943,-0.035574,0.099529,0.364721,-0.037023,0.100000,-0.016180,-0.011756,-0.009890,-0.00051263,-0.00035570,0.00086768,0.99999943,1
3.600000,0.21770564,-0.35800377,-0.09122675,1.33194327,-1.03378534,-0.00737887,-2.99416351,0.365339,-0.033667,0.099505,0.366166,-0.034967,0.100000,-0.014579,-0.013691,-0.009472,-0.00059717,-0.00025307,0.00084941,0.99999943,1
3.620000,0.20524761,-0.36103532,-0.09406485,1.34607315,-1.03249395,-0.01714230,-2.98941278,0.366686,-0.031721,0.099504,0.367546,-0.032866,0.100000,-0.012748,-0.015410,-0.008746,-0.00067228,-0.00014642,0.00081777,0.99999943,1
3.640000,0.19349700,-0.36373916,-0.09860148,1.35919821,-1.03066838,-0.02713819,-2.98421907,0.367985,-0.029745,0.099494,0.368859,-0.030723,0.100000,-0.010717,-0.016887,-0.007724,-0.00073679,-0.00003746,0.00077325,0.99999943,1
3.660000,0.18243584,-0.36618370,-0.10463421,1.37125778,-1.02834511,-0.03705288,-2.97876978,0.369243,-0.027732,0.099488,0.370105,-0.028540,0.100000,-0.008516,-0.018097,-0.006423,-0.00078966,0.00007211,0.00071654,0.99999943,1
3.680000,0.17211382,-0.36845753,-0.11199656,1.38226402,-1.02557635,-0.04667676,-2.97317457,0.370451,-0.025674,0.099484,0.371281,-0.026319,0.100000,-0.006180,-0.019021,-0.004863,-0.00083007,0.00018056,0.00064854,0.99999943,1
3.700000,0.16255565,-0.37062344,-0.12046100,1.39210594,-1.02240002,-0.05587372,-2.96756697,0.371609,-0.023581,0.099488,0.372386,-0.024062,0.100000,-0.003748,-0.019646,-0.003068,-0.00085737,0.00028618,0.00057032,0.99999943,1
3.720000,0.15374523,-0.37282610,-0.12981696,1.40079057,-1.01893294,-0.06447846,-2.96205664,0.372704,-0.021442,0.099482,0.373420,-0.021772,0.100000,-0.001256,-0.019961,-0.001068,-0.00087113,0.00038729,0.00048311,0.99999943,1
3.740000,0.14572030,-0.37514752,-0.13982725,1.40830493,-1.01524115,-0.07238880,-2.95670462,0.373729,-0.019260,0.099465,0.374382,-0.019450,0.100000,0.001256,-0.019961,0.001107,-0.00087113,0.00048230,0.00038827,0.99999943,1
3.760000,0.13842675,-0.37765664,-0.15019442,1.41470611,-1.01147997,-0.07960281,-2.95152760,0.374676,-0.017025,0.099448,0.375270,-0.017099,0.100000,0.003748,-0.019646,0.003423,-0.00085737,0.00056971,0.00028730,0.99999943,1
3.780000,0.13186020,-0.38046527,-0.16060604,1.41998208,-1.00777519,-0.08614963,-2.94649982,0.375542,-0.014743,0.099425,0.376085,-0.014721,0.100000,0.006180,-0.019021,0.005842,-0.00083007,0.00064813,0.00018179,0.99999943,1
3.800000,0.12601218,-0.38358060,-0.17082858,1.42420769,-1.00422323,-0.09215737,-2.94163179,0.376313,-0.012415,0.099408,0.376823,-0.012319,0.100000,0.008516,-0.018097,0.008326,-0.00078966,0.00071633,0.00007340,0.99999943,1
3.820000,0.12085549,-0.38707417,-0.18059386,1.42739964,-1.00087726,-0.09768689,-2.93693972,0.376996,-0.010045,0.099390,0.377487,-0.009895,0.100000,0.010717,-0.016887,0.010838,-0.00073679,0.00077323,-0.00003616,0.99999943,1
3.840000,0.11638657,-0.39092293,-0.18966229,1.42964935,-0.99778843,-0.10283532,-2.93241930,0.377595,-0.007639,0.099382,0.378073,-0.007451,0.100000,0.012748,-0.015410,0.013335,-0.00067228,0.00081791,-0.00014516,0.99999943,1
3.860000,0.11256791,-0.39513215,-0.19784781,1.43108833,-0.99501646,-0.10770401,-2.92807198,0.378104,-0.005196,0.099382,0.378583,-0.004991,0.100000,0.014579,-0.013691,0.015781,-0.00059717,0.00084968,-0.00025190,0.99999943,1
3.880000,0.10935907,-0.39967591,-0.20497411,1.43181109,-0.99257439,-0.11238192,-2.92393303,0.378530,-0.002721,0.099389,0.379015,-0.002515,0.100000,0.016180,-0.011756,0.018135,-0.00051263,0.00086803,-0.00035467,0.99999943,1
3.900000,0.10670879,-0.40447241,-0.21091774,1.43197763,-0.99045503,-0.11691209,-2.92005825,0.378879,-0.000215,0.099407,0.379369,-0.000027,0.100000,0.017526,-0.009635,0.020361,-0.00042001,0.00087267,-0.00045185,0.99999943,1
3.920000,0.10455596,-0.40940732,-0.21555197,1.43171906,-0.98865324,-0.12135309,-2.91652679,0.379159,0.002313,0.099450,0.379645,0.002471,0.100000,0.018596,-0.007363,0.022423,-0.00032078,0.00086353,-0.00054192,0.99999943,1
3.940000,0.10283183,-0.41440415,-0.21877475,1.43118894,-0.98718154,-0.12571351,-2.91339588,0.379380,0.004856,0.099521,0.379842,0.004977,0.100000,0.019372,-0.004974,0.024289,-0.00021650,0.00084075,-0.00062344,0.99999943,1
3.960000,0.10138224,-0.41937312,-0.22051704,1.43057883,-0.98608166,-0.12995951,-2.91078711,0.379545,0.007417,0.099622,0.379961,0.007487,0.100000,0.019842,-0.002507,0.025931,-0.00010881,0.00080469,-0.00069513,0.99999943,1
3.980000,0.10010549,-0.42430267,-0.22081922,1.43007076,-0.98535895,-0.13406530,-2.90878201,0.379644,0.009995,0.099722,0.380000,0.010000,0.100000,0.020000,0.000000,0.027321,0.00000057,0.00075592,-0.00075584,0.99999943,1
4.000000,0.09889292,-0.42907435,-0.21968825,1.42982316,-0.98500258,-0.13796403,-2.90743399,0.379683,0.012582,0.099827,0.379961,0.012513,0.100000,0.019842,0.002507,0.028437,0.00010993,0.00069522,-0.00080462,0.99999943,1
4.020000,0.09751846,-0.43358034,-0.21719450,1.43002498,-0.98502433,-0.14157619,-2.90682745,0.379653,0.015182,0.099935,0.379842,0.015023,0.100000,0.019372,0.004974,0.029263,0.00021755,0.00062355,-0.00084070,0.99999943,1
4.040000,0.09588869,-0.43777919,-0.21342212,1.43082821,-0.98540908,-0.14482200,-2.90701485,0.379552,0.017788,0.100031,0.379645,0.017529,0.100000,0.018596,0.007362,0.029785,0.00032172,0.00054205,-0.00086350,0.99999943,1
4.060000,0.09380339,-0.44155025,-0.20847110,1.43241501,-0.98613590,-0.14763123,-2.90800047,0.379377,0.020404,0.100124,0.379369,0.020027,0.100000,0.017526,0.009635,0.029996,0.00042080,0.00045199,-0.00087267,0.99999943,1
4.080000,0.09115803,-0.44484964,-0.20247297,1.43487263,-0.98720652,-0.14998271,-2.90977573,0.379118,0.023016,0.100203,0.379015,0.022515,0.100000,0.016180,0.011756,0.029890,0.00051325,0.00035481,-0.00086805,0.99999943,1
4.100000,0.08789887,-0.44762221,-0.19557092,1.43830478,-0.98859674,-0.15187511,-2.91228437,0.378768,0.025616,0.100265,0.378583,0.024991,0.100000,0.014579,0.013691,0.029472,0.00059759,0.00025205,-0.00084972,0.99999943,1
4.120000,0.08387022,-0.44980472,-0.18793720,1.44286942,-0.99025905,-0.15327626,-2.91548967,0.378324,0.028210,0.100308,0.378073,0.027451,0.100000,0.012748,0.015410,0.028746,0.00067252,0.00014532,-0.00081797,0.99999943,1
4.140000,0.07901914,-0.45135832,-0.17965463,1.44861484,-0.99217182,-0.15421462,-2.91928625,0.377796,0.030789,0.100345,0.377487,0.029895,0.100000,0.010717,0.016887,0.027724,0.00073684,0.00003632,-0.00077330,0.99999943,1
4.160000,0.07332695,-0.45226982,-0.17091742,1.45559323,-0.99432611,-0.15475963,-2.92363930,0.377171,0.033347,0.100365,0.376823,0.032319,0.100000,0.008516,0.018097,0.026423,0.00078956,-0.00007324,-0.00071643,0.99999943,1
4.180000,0.06678490,-0.45252705,-0.16185156,1.46378922,-0.99670029,-0.15493506,-2.92839813,0.376458,0.035871,0.100374,0.376085,0.034721,0.100000,0.006180,0.019021,0.024863,0.00082984,-0.00018164,-0.00064824,0.99999943,1
4.200000,0.05930090,-0.45213291,-0.15259998,1.47321749,-0.99930179,-0.15480772,-2.93351078,0.375656,0.038366,0.100370,0.375270,0.037099,0.100000,0.003748,0.019646,0.023068,0.00085704,-0.00028715,-0.00056983,0.99999943,1
4.220000,0.05092784,-0.45103982,-0.14333706,1.48381484,-1.00212061,-0.15440707,-2.93884373,0.374764,0.040818,0.100364,0.374382,0.039450,0.100000,0.001256,0.019961,0.021068,0.00087076,-0.00038813,-0.00048243,0.99999943,1
4.240000,0.04173249,-0.44924805,-0.13424726,1.49558461,-1.00510788,-0.15386170,-2.94431782,0.373784,0.043229,0.100355,0.373420,0.041772,0.100000,-0.001256,0.019961,0.018893,0.00087076,-0.00048298,-0.00038743,0.99999943,1
4.260000,0.03170452,-0.44676653,-0.12548329,1.50838268,-1.00822318,-0.15323479,-2.94983912,0.372725,0.045588,0.100339,0.372386,0.044062,0.100000,-0.003748,0.019646,0.016577,0.00085704,-0.00057020,-0.00028633,0.99999943,1
4.280000,0.02090008,-0.44356403,-0.11723613,1.52221704,-1.01144147,-0.15262136,-2.95532846,0.371587,0.047907,0.100325,0.371281,0.046319,0.100000,-0.006180,0.019021,0.014158,0.00082984,-0.00064844,-0.00018072,0.99999943,1
4.300000,0.00938513,-0.43957734,-0.10969574,1.53693533,-1.01475286,-0.15213370,-2.96073246,0.370363,0.050177,0.100325,0.370104,0.048540,0.100000,-0.008516,0.018097,0.011674,0.00078956,-0.00071645,-0.00007227,0.99999943,1
4.320000,-0.00279000,-0.43482813,-0.10310899,1.55237031,-1.01807821,-0.15190992,-2.96596813,0.369047,0.052389,0.100318,0.368859,0.050723,0.100000,-0.010717,0.016887,0.009162,0.00073684,-0.00077317,0.00003730,0.99999943,1
4.340000,-0.01551751,-0.42925233,-0.09755897,1.56844103,-1.02136791,-0.15206097,-2.97094774,0.367660,0.054546,0.100336,0.367546,0.052866,0.100000,-0.012748,0.015410,0.006665,0.00067252,-0.00081771,0.00014626,0.99999943,1
4.360000,-0.02873749,-0.42288274,-0.09329260,1.58494914,-1.02454078,-0.15270889,-2.97557688,0.366193,0.056639,0.100352,0.366166,0.054967,0.100000,-0.014579,0.013691,0.004219,0.00059759,-0.00084938,0.00025291,0.99999943,1
4.380000,-0.04236135,-0.41579312,-0.09039762,1.60178864,-1.02756548,-0.15391767,-2.97982645,0.364664,0.058670,0.100355,0.364721,0.057023,0.100000,-0.016180,0.011756,0.001865,0.00051325,-0.00086767,0.00035556,0.99999943,1
4.400000,-0.05631348,-0.40795529,-0.08905479,1.61877465,-1.03043151,-0.15582518,-2.98356199,0.363060,0.060632,0.100344,0.363212,0.059033,0.100000,-0.017526,0.009635,-0.000361,0.00042080,-0.00087229,0.00045259,0.99999943,1
4.420000,-0.07052406,-0.39932808,-0.08933525,1.63582575,-1.03315067,-0.15852746,-2.98666859,0.361384,0.062534,0.100342,0.361641,0.060994,0.100000,-0.018596,0.007362,-0.002423,0.00032172,-0.00086318,0.00054247,0.99999943,1
4.440000,-0.08488514,-0.38999599,-0.09134430,1.65277338,-1.03573680,-0.16212347,-2.98910379,0.359628,0.064367,0.100327,0.360009,0.062905,0.100000,-0.019372,0.004974,-0.004289,0.00021755,-0.00084047,0.00062381,0.99999943,1
4.460000,-0.09928626,-0.38001111,-0.09505936,1.66949868,-1.03818989,-0.16668944,-2.99076271,0.357813,0.066131,0.100311,0.358317,0.064764,0.100000,-0.019842,0.002507,-0.005931,0.00010993,-0.00080453,0.00069530,0.99999943,1
4.480000,-0.11360104,-0.36946940,-0.10057430,1.68581831,-1.04048765,-0.17229888,-2.99154711,0.355931,0.067809,0.100273,0.356569,0.066569,0.100000,-0.020000,-0.000000,-0.007321,0.00000057,-0.00075592,0.00075584,0.99999943,1
4.500000,-0.12784509,-0.35843253,-0.10789556,1.70169759,-1.04262733,-0.17899580,-2.99137068,0.353990,0.069422,0.100208,0.354764,0.068317,0.100000,-0.019842,-0.002507,-0.008437,-0.00010881,-0.00069540,0.00080447,0.99999943,1
4.520000,-0.14196689,-0.34691641,-0.11696214,1.71702552,-1.04463530,-0.18680802,-2.99020910,0.351994,0.070975,0.100139,0.352905,0.070009,0.100000,-0.019372,-0.004974,-0.009263,-0.00021650,-0.00062392,0.00084043,0.99999943,1
4.540000,-0.15585725,-0.33501548,-0.12773015,1.73168862,-1.04655802,-0.19569020,-2.98810196,0.349942,0.072465,0.100064,0.350994,0.071641,0.100000,-0.018596,-0.007362,-0.009785,-0.00032078,-0.00054260,0.00086316,0.99999943,1
4.560000,-0.16939020,-0.32278800,-0.14015323,1.74554694,-1.04841161,-0.20552555,-2.98507166,0.347831,0.073880,0.099995,0.349033,0.073212,0.100000,-0.017526,-0.009635,-0.009996,-0.00042001,-0.00045273,0.00087229,0.99999943,1
4.580000,-0.18257441,-0.31038240,-0.15406469,1.75854063,-1.05014682,-0.21619491,-2.98113203,0.345693,0.075234,0.099931,0.347023,0.074721,0.100000,-0.016180,-0.011756,-0.009890,-0.00051263,-0.00035570,0.00086768,0.99999943,1
4.600000,-0.19546117,-0.29798976,-0.16937703,1.77062070,-1.05185103,-0.22758663,-2.97636986,0.343522,0.076542,0.099840,0.344967,0.076166,0.100000,-0.014579,-0.013691,-0.009472,-0.00059717,-0.00025306,0.00084941,0.99999943,1
4.620000,-0.20788686,-0.28563270,-0.18588342,1.78167403,-1.05355895,-0.23951234,-2.97089958,0.341326,0.077796,0.099770,0.342866,0.077546,0.100000,-0.012748,-0.015410,-0.008746,-0.00067228,-0.00014642,0.00081777,0.99999943,1
4.640000,-0.21980821,-0.27350134,-0.20349286,1.79155374,-1.05524671,-0.25180346,-2.96479940,0.339106,0.078983,0.099695,0.340723,0.078859,0.100000,-0.010717,-0.016887,-0.007724,-0.00073679,-0.00003746,0.00077325,0.99999943,1
4.660000,-0.23125266,-0.26166540,-0.22201420,1.80023229,-1.05687273,-0.26432323,-2.95815277,0.336876,0.080121,0.099629,0.338540,0.080105,0.100000,-0.008516,-0.018097,-0.006423,-0.00078966,0.00007211,0.00071654,0.99999943,1
4.680000,-0.24212696,-0.25025669,-0.24132574,1.80757153,-1.05840194,-0.27689576,-2.95099878,0.334632,0.081190,0.099567,0.336319,0.081281,0.100000,-0.006180,-0.019021,-0.004863,-0.00083007,0.00018056,0.00064854,0.99999943,1
4.700000,-0.25231653,-0.23943728,-0.26125252,1.81350791,-1.05973053,-0.28946605,-2.94334841,0.332391,0.082178,0.099507,0.334062,0.082386,0.100000,-0.003748,-0.019646,-0.003068,-0.00085737,0.00028618,0.00057032,0.99999943,1
4.720000,-0.26174599,-0.22929583,-0.28159341,1.81797755,-1.06072795,-0.30199984,-2.93520403,0.330169,0.083075,0.099461,0.331772,0.083420,0.100000,-0.001256,-0.019961,-0.001068,-0.00087113,0.00038729,0.00048311,0.99999943,1
4.740000,-0.27034366,-0.21996647,-0.30223504,1.82101846,-1.06131446,-0.31439933,-2.92660713,0.327965,0.083884,0.099418,0.329450,0.084382,0.100000,0.001256,-0.019961,0.001107,-0.00087113,0.00048230,0.00038827,0.99999943,1
4.760000,-0.27793932,-0.21144798,-0.32312527,1.82264864,-1.06131327,-0.32667506,-2.91744232,0.325772,0.084591,0.099389,0.327099,0.085270,0.100000,0.003748,-0.019646,0.003423,-0.00085737,0.00056971,0.00028731,0.99999943,1
4.780000,-0.28428406,-0.20378067,-0.34415185,1.82298803,-1.06049979,-0.33888119,-2.90769911,0.323603,0.085189,0.099390,0.324721,0.086085,0.100000,0.006180,-0.019021,0.005842,-0.00083007,0.00064813,0.00018180,0.99999943,1
4.800000,-0.28933227,-0.19704497,-0.36525342,1.82215297,-1.05875254,-0.35108781,-2.89739704,0.321450,0.085685,0.099397,0.322319,0.086823,0.100000,0.008516,-0.018097,0.008326,-0.00078966,0.00071633,0.00007341,0.99999943,1
4.820000,-0.29287514,-0.19125344,-0.38634136,1.82028520,-1.05590117,-0.36334386,-2.88659954,0.319315,0.086076,0.099413,0.319895,0.087487,0.100000,0.010717,-0.016887,0.010838,-0.00073679,0.00077323,-0.00003616,0.99999943,1
4.840000,-0.29496741,-0.18631861,-0.40734452,1.81760836,-1.05194092,-0.37566736,-2.87549400,0.317173,0.086402,0.099431,0.317451,0.088073,0.100000,0.012748,-0.015410,0.013335,-0.00067228,0.00081791,-0.00014516,0.99999943,1
4.860000,-0.29554543,-0.18210858,-0.42820746,1.81424367,-1.04689097,-0.38816974,-2.86415625,0.314988,0.086675,0.099455,0.314990,0.088583,0.100000,0.014579,-0.013691,0.015781,-0.00059717,0.00084968,-0.00025190,0.99999943,1
4.880000,-0.29464772,-0.17848179,-0.44884321,1.81030512,-1.04074574,-0.40078825,-2.85280848,0.312742,0.086913,0.099478,0.312515,0.089015,0.100000,0.016180,-0.011756,0.018135,-0.00051263,0.00086803,-0.00035467,0.99999943,1
4.900000,-0.29236692,-0.17518635,-0.46910197,1.80584240,-1.03358459,-0.41336963,-2.84181118,0.310422,0.087135,0.099515,0.310027,0.089369,0.100000,0.017526,-0.009635,0.020361,-0.00042001,0.00087267,-0.00045185,0.99999943,1
4.920000,-0.28872961,-0.17200375,-0.48890266,1.80096245,-1.02554119,-0.42562115,-2.83156395,0.308007,0.087358,0.099571,0.307529,0.089645,0.100000,0.018596,-0.007362,0.022423,-0.00032078,0.00086353,-0.00054192,0.99999943,1
4.940000,-0.28380111,-0.16872640,-0.50811106,1.79567742,-1.01682389,-0.43707624,-2.82233524,0.305485,0.087587,0.099652,0.305023,0.089842,0.100000,0.019372,-0.004974,0.024289,-0.00021650,0.00084075,-0.00062344,0.99999943,1
4.960000,-0.27755550,-0.16524975,-0.52654392,1.78994393,-1.00756216,-0.44730186,-2.81431770,0.302877,0.087800,0.099757,0.302513,0.089961,0.100000,0.019842,-0.002507,0.025931,-0.00010881,0.00080469,-0.00069513,0.99999943,1
4.980000,-0.27002963,-0.16150689,-0.54389209,1.78381991,-0.99800682,-0.45596913,-2.80759716,0.300219,0.088000,0.099901,0.300000,0.090000,0.100000,0.020000,0.000000,0.027321,0.00000057,0.00075592,-0.00075584,0.99999943,1
5.000000,-0.26123014,-0.15759091,-0.55988997,1.77725768,-0.98837727,-0.46282217,-2.80222178,0.297551,0.088155,0.100067,0.297487,0.089961,0.100000,0.019842,0.002507,0.028437,0.00010993,0.00069522,-0.00080462,0.99999943,1
5.020000,-0.25127736,-0.15352194,-0.57425755,1.77030170,-0.97900993,-0.46780530,-2.79820728,0.294897,0.088257,0.100257,0.294977,0.089842,0.100000,0.019372,0.004974,0.029263,0.00021755,0.00062355,-0.00084070,0.99999943,1
5.040000,-0.24032144,-0.14938578,-0.58675796,1.76293933,-0.97008389,-0.47090822,-2.79550552,0.292300,0.088281,0.100454,0.292471,0.089645,0.100000,0.018596,0.007362,0.029785,0.00032172,0.00054205,-0.00086350,0.99999943,1
5.060000,-0.22862516,-0.14514485,-0.59732074,1.75531209,-0.96192038,-0.47220254,-2.79404831,0.289750,0.088233,0.100649,0.289973,0.089369,0.100000,0.017526,0.009635,0.029996,0.00042080,0.00045199,-0.00087267,0.99999943,1
5.080000,-0.21648614,-0.14083102,-0.60589212,1.74743307,-0.95466805,-0.47186127,-2.79376936,0.287256,0.088091,0.100816,0.287485,0.089015,0.100000,0.016180,0.011756,0.029890,0.00051325,0.00035481,-0.00086805,0.99999943,1
5.100000,-0.20420462,-0.13636921,-0.61253703,1.73945296,-0.94855464,-0.47001633,-2.79453564,0.284794,0.087859,0.100947,0.285010,0.088583,0.100000,0.014579,0.013691,0.029472,0.00059759,0.00025205,-0.00084972,0.99999943,1
5.120000,-0.19211970,-0.13165624,-0.61734343,1.73156416,-0.94371194,-0.46681628,-2.79623032,0.282354,0.087547,0.101037,0.282549,0.088073,0.100000,0.012748,0.015410,0.028746,0.00067252,0.00014532,-0.00081797,0.99999943,1
5.140000,-0.18039528,-0.12662028,-0.62045115,1.72389925,-0.94018996,-0.46237075,-2.79879093,0.279927,0.087147,0.101088,0.280105,0.087487,0.100000,0.010717,0.016887,0.027724,0.00073684,0.00003632,-0.00077330,0.99999943,1
5.160000,-0.16925985,-0.12114397,-0.62202716,1.71664500,-0.93793607,-0.45682216,-2.80204439,0.277514,0.086662,0.101104,0.277681,0.086823,0.100000,0.008516,0.018097,0.026423,0.00078956,-0.00007324,-0.00071643,0.99999943,1
5.180000,-0.15882894,-0.11518881,-0.62221342,1.70994842,-0.93686682,-0.45037344,-2.80591822,0.275128,0.086087,0.101093,0.275279,0.086085,0.100000,0.006180,0.019021,0.024863,0.00082984,-0.00018164,-0.00064824,0.99999943,1
5.200000,-0.14917366,-0.10869356,-0.62124091,1.70392001,-0.93690026,-0.44312644,-2.81025028,0.272761,0.085416,0.101062,0.272901,0.085270,0.100000,0.003748,0.019646,0.023068,0.00085704,-0.00028715,-0.00056983,0.99999943,1
5.220000,-0.14035890,-0.10164144,-0.61930048,1.69868267,-0.93791819,-0.43529636,-2.81497955,0.270419,0.084646,0.101019,0.270550,0.084382,0.100000,0.001256,0.019961,0.021068,0.00087076,-0.00038813,-0.00048243,0.99999943,1
5.240000,-0.13241671,-0.09394790,-0.61665636,1.69429910,-0.93976241,-0.42700180,-2.81999493,0.268096,0.083776,0.100973,0.268228,0.083420,0.100000,-0.001256,0.019961,0.018893,0.00087076,-0.00048298,-0.00038743,0.99999943,1
5.260000,-0.12539986,-0.08570602,-0.61355233,1.69081843,-0.94227588,-0.41842437,-2.82520056,0.265795,0.082803,0.100911,0.265938,0.082386,0.100000,-0.003748,0.019646,0.016577,0.00085704,-0.00057020,-0.00028633,0.99999943,1
5.280000,-0.11928495,-0.07689900,-0.61020970,1.68828559,-0.94530994,-0.40968564,-2.83054924,0.263522,0.081732,0.100842,0.263681,0.081281,0.100000,-0.006180,0.019021,0.014158,0.00082984,-0.00064844,-0.00018072,0.99999943,1
5.300000,-0.11405142,-0.06750744,-0.60687703,1.68668711,-0.94871652,-0.40089533,-2.83596420,0.261275,0.080565,0.100773,0.261460,0.080105,0.100000,-0.008516,0.018097,0.011674,0.00078956,-0.00071645,-0.00007227,0.99999943,1
5.320000,-0.10971819,-0.05755881,-0.60380310,1.68603015,-0.95234364,-0.39217466,-2.84136105,0.259054,0.079314,0.100699,0.259277,0.078859,0.100000,-0.010717,0.016887,0.009162,0.00073684,-0.00077317,0.00003730,0.99999943,1
5.340000,-0.10622527,-0.04704162,-0.60117811,1.68629479,-0.95607179,-0.38369489,-2.84667826,0.256864,0.077989,0.100630,0.257134,0.077546,0.100000,-0.012748,0.015410,0.006665,0.00067252,-0.00081771,0.00014626,0.99999943,1
5.360000,-0.10352774,-0.03601011,-0.59921807,1.68735003,-0.95981508,-0.37553114,-2.85182810,0.254699,0.076589,0.100561,0.255033,0.076166,0.100000,-0.014579,0.013691,0.004219,0.00059759,-0.00084938,0.00025291,0.99999943,1
5.380000,-0.10157345,-0.02451409,-0.59813797,1.68913305,-0.96347314,-0.36784342,-2.85669136,0.252555,0.075123,0.100483,0.252977,0.074721,0.100000,-0.016180,0.011756,0.001865,0.00051325,-0.00086767,0.00035556,0.99999943,1
5.400000,-0.10025219,-0.01259804,-0.59809178,1.69149661,-0.96693856,-0.36071631,-2.86117649,0.250442,0.073590,0.100397,0.250967,0.073212,0.100000,-0.017526,0.009635,-0.000361,0.00042080,-0.00087229,0.00045259,0.99999943,1
5.420000,-0.09945932,-0.00028451,-0.59919727,1.69428682,-0.97015727,-0.35426503,-2.86518335,0.248360,0.071988,0.100309,0.249006,0.071641,0.100000,-0.018596,0.007362,-0.002423,0.00032172,-0.00086318,0.00054247,0.99999943,1
5.440000,-0.09908076,0.01239695,-0.60157657,1.69737279,-0.97309232,-0.34854850,-2.86863279,0.246309,0.070321,0.100223,0.247095,0.070009,0.100000,-0.019372,0.004974,-0.004289,0.00021755,-0.00084048,0.00062381,0.99999943,1
5.460000,-0.09900621,0.02531945,-0.60526121,1.70057929,-0.97570676,-0.34364921,-2.87145376,0.244305,0.068588,0.100137,0.245236,0.068317,0.100000,-0.019842,0.002507,-0.005931,0.00010993,-0.00080453,0.00069530,0.99999943,1
5.480000,-0.09912821,0.03840412,-0.61032987,1.70375395,-0.97795641,-0.33955812,-2.87357616,0.242353,0.066790,0.100045,0.243431,0.066569,0.100000,-0.020000,-0.000000,-0.007321,0.00000057,-0.00075592,0.00075584,0.99999943,1
5.500000,-0.09932330,0.05153355,-0.61682844,1.70671380,-0.97981459,-0.33633378,-2.87494230,0.240454,0.064924,0.099941,0.241682,0.064764,0.100000,-0.019842,-0.002507,-0.008437,-0.00010881,-0.00069540,0.00080447,0.99999943,1
5.520000,-0.09950813,0.06464912,-0.62473565,1.70929778,-0.98129010,-0.33389789,-2.87550449,0.238616,0.062995,0.099832,0.239991,0.062905,0.100000,-0.019372,-0.004974,-0.009263,-0.00021650,-0.00062392,0.00084043,0.99999943,1
5.540000,-0.09954546,0.07764257,-0.63404447,1.71133983,-0.98231387,-0.33223075,-2.87527895,0.236852,0.061002,0.099718,0.238359,0.060994,0.100000,-0.018596,-0.007362,-0.009785,-0.00032078,-0.00054260,0.00086316,0.99999943,1
5.560000,-0.09932659,0.09047408,-0.64471537,1.71269143,-0.98287332,-0.33118394,-2.87428236,0.235163,0.058947,0.099610,0.236788,0.059033,0.100000,-0.017526,-0.009635,-0.009996,-0.00042001,-0.00045273,0.00087229,0.99999943,1
5.580000,-0.09875344,0.10301007,-0.65666640,1.71318746,-0.98294395,-0.33063155,-2.87259626,0.233563,0.056834,0.099507,0.235279,0.057023,0.100000,-0.016180,-0.011756,-0.009890,-0.00051263,-0.00035571,0.00086768,0.99999943,1
5.600000,-0.09774049,0.11506975,-0.66979605,1.71267402,-0.98253709,-0.33046675,-2.87026167,0.232058,0.054664,0.099405,0.233834,0.054967,0.100000,-0.014579,-0.013691,-0.009472,-0.00059717,-0.00025307,0.00084941,0.99999943,1
5.620000,-0.09618697,0.12657306,-0.68399000,1.71101534,-0.98162651,-0.33052030,-2.86737204,0.230651,0.052443,0.099312,0.232454,0.052866,0.100000,-0.012748,-0.015410,-0.008746,-0.00067228,-0.00014642,0.00081777,0.99999943,1
5.640000,-0.09399956,0.13738890,-0.69910711,1.70809388,-0.98026460,-0.33064997,-2.86400318,0.229339,0.050177,0.099234,0.231141,0.050723,0.100000,-0.010717,-0.016887,-0.007724,-0.00073679,-0.00003746,0.00077325,0.99999943,1
5.660000,-0.09104855,0.14733015,-0.71501631,1.70373774,-0.97837281,-0.33070433,-2.86021471,0.228131,0.047856,0.099163,0.229895,0.048540,0.100000,-0.008516,-0.018097,-0.006423,-0.00078966,0.00007211,0.00071654,0.99999943,1
5.680000,-0.08729795,0.15630135,-0.73150861,1.69784427,-0.97601163,-0.33063012,-2.85602427,0.227021,0.045493,0.099110,0.228719,0.046319,0.100000,-0.006180,-0.019021,-0.004863,-0.00083007,0.00018056,0.00064854,0.99999943,1
5.700000,-0.08270111,0.16413309,-0.74840826,1.69033313,-0.97315389,-0.33039966,-2.85132980,0.226011,0.043095,0.099068,0.227614,0.044062,0.100000,-0.003748,-0.019646,-0.003068,-0.00085737,0.00028618,0.00057032,0.99999943,1
5.720000,-0.07720532,0.17066558,-0.76554877,1.68109000,-0.96985883,-0.33012179,-2.84600782,0.225075,0.040662,0.099029,0.226580,0.041772,0.100000,-0.001256,-0.019961,-0.001068,-0.00087113,0.00038729,0.00048311,0.99999943,1
5.740000,-0.07072256,0.17569713,-0.78269124,1.67003739,-0.96610075,-0.32995328,-2.83986759,0.224220,0.038191,0.098989,0.225618,0.039450,0.100000,0.001256,-0.019961,0.001107,-0.00087113,0.00048230,0.00038827,0.99999943,1
5.760000,-0.06309988,0.17906484,-0.79949409,1.65730643,-0.96195060,-0.33015969,-2.83277130,0.223454,0.035699,0.098973,0.224730,0.037099,0.100000,0.003748,-0.019646,0.003423,-0.00085737,0.00056971,0.00028731,0.99999943,1
5.780000,-0.05417238,0.18063104,-0.81577820,1.64300096,-0.95742124,-0.33100024,-2.82449818,0.222767,0.033194,0.098978,0.223915,0.034721,0.100000,0.006180,-0.019021,0.005842,-0.00083007,0.00064813,0.00018180,0.99999943,1
5.800000,-0.04379674,0.18027183,-0.83139455,1.62740231,-0.95259506,-0.33268541,-2.81499577,0.222132,0.030707,0.098993,0.223176,0.032319,0.100000,0.008516,-0.018097,0.008326,-0.00078966,0.00071633,0.00007341,0.99999943,1
5.820000,-0.03179262,0.17804259,-0.84596705,1.61078835,-0.94756263,-0.33538038,-2.80421305,0.221576,0.028263,0.099059,0.222513,0.029895,0.100000,0.010717,-0.016887,0.010838,-0.00073679,0.00077323,-0.00003616,0.99999943,1
5.840000,-0.01821819,0.17392987,-0.85939443,1.59334600,-0.94241345,-0.33915904,-2.79216909,0.221070,0.025888,0.099145,0.221927,0.027451,0.100000,0.012748,-0.015410,0.013335,-0.00067228,0.00081791,-0.00014516,0.99999943,1
5.860000,-0.00311056,0.16816317,-0.87148845,1.57525086,-0.93722939,-0.34408039,-2.77909708,0.220608,0.023599,0.099254,0.221417,0.024991,0.100000,0.014579,-0.013691,0.015781,-0.00059717,0.00084968,-0.00025190,0.99999943,1
5.880000,0.01339730,0.16109060,-0.88207394,1.55664182,-0.93201035,-0.35000667,-2.76521444,0.220208,0.021407,0.099387,0.220985,0.022515,0.100000,0.016180,-0.011756,0.018135,-0.00051263,0.00086803,-0.00035467,0.99999943,1
5.900000,0.03106752,0.15322118,-0.89105481,1.53756368,-0.92683154,-0.35676163,-2.75088882,0.219861,0.019311,0.099540,0.220631,0.020027,0.100000,0.017526,-0.009635,0.020361,-0.00042001,0.00087267,-0.00045185,0.99999943,1
5.920000,0.04974274,0.14508395,-0.89834261,1.51800120,-0.92179239,-0.36395907,-2.73653889,0.219572,0.017288,0.099713,0.220355,0.017529,0.100000,0.018596,-0.007362,0.022423,-0.00032078,0.00086353,-0.00054192,0.99999943,1
5.940000,0.06929909,0.13722682,-0.90379745,1.49799156,-0.91696447,-0.37110153,-2.72269464,0.219370,0.015314,0.099914,0.220158,0.015023,0.100000,0.019372,-0.004974,0.024289,-0.00021650,0.00084075,-0.00062344,0.99999943,1
5.960000,0.08959345,0.13001986,-0.90741026,1.47750366,-0.91246992,-0.37756577,-2.70981860,0.219262,0.013351,0.100122,0.220040,0.012513,0.100000,0.019842,-0.002507,0.025931,-0.00010882,0.00080469,-0.00069513,0.99999943,1
5.980000,0.11044097,0.12366520,-0.90908176,1.45648766,-0.90854174,-0.38278699,-2.69825578,0.219258,0.011358,0.100318,0.220000,0.010000,0.100000,0.020000,0.000000,0.027321,0.00000057,0.00075592,-0.00075584,0.99999943,1
6.000000,0.13174282,0.11835142,-0.90869546,1.43507266,-0.90536815,-0.38639849,-2.68826413,0.219380,0.009303,0.100502,0.220039,0.007487,0.100000,0.019842,0.002507,0.028437,0.00010993,0.00069522,-0.00080462,0.99999943,1
6.020000,0.15327922,0.11401358,-0.90625411,1.41328287,-0.90311295,-0.38823879,-2.67994714,0.219618,0.007145,0.100640,0.220158,0.004977,0.100000,0.019372,0.004974,0.029263,0.00021755,0.00062355,-0.00084070,0.99999943,1
6.040000,0.17476390,0.11058283,-0.90179127,1.39129460,-0.90188831,-0.38832292,-2.67337346,0.219961,0.004868,0.100710,0.220355,0.002471,0.100000,0.018596,0.007362,0.029785,0.00032172,0.00054205,-0.00086350,0.99999943,1
6.060000,0.19580774,0.10799581,-0.89529866,1.36935818,-0.90173793,-0.38663703,-2.66853786,0.220420,0.002473,0.100712,0.220631,-0.000027,0.100000,0.017526,0.009635,0.029996,0.00042080,0.00045199,-0.00087267,0.99999943,1
6.080000,0.21603374,0.10619769,-0.88687736,1.34765887,-0.90271592,-0.38333800,-2.66537976,0.220970,-0.000049,0.100647,0.220985,-0.002515,0.100000,0.016180,0.011756,0.029890,0.00051325,0.00035481,-0.00086805,0.99999943,1
6.100000,0.23511632,0.10506824,-0.87663358,1.32668293,-0.90471351,-0.37861800,-2.66379476,0.221610,-0.002660,0.100525,0.221417,-0.004991,0.100000,0.014579,0.013691,0.029472,0.00059759,0.00025205,-0.00084972,0.99999943,1
6.120000,0.25279924,0.10457898,-0.86469769,1.30670702,-0.90759391,-0.37254417,-2.66379714,0.222340,-0.005349,0.100369,0.221927,-0.007451,0.100000,0.012748,0.015410,0.028746,0.00067252,0.00014532,-0.00081797,0.99999943,1
6.140000,0.26882887,0.10466822,-0.85131508,1.28808844,-0.91118038,-0.36528829,-2.66525817,0.223136,-0.008080,0.100196,0.222513,-0.009895,0.100000,0.010717,0.016887,0.027724,0.00073684,0.00003632,-0.00077330,0.99999943,1
6.160000,0.28305358,0.10521676,-0.83672780,1.27100682,-0.91525191,-0.35695860,-2.66808724,0.223988,-0.010837,0.100015,0.223177,-0.012319,0.100000,0.008516,0.018097,0.026423,0.00078956,-0.00007325,-0.00071643,0.99999943,1
6.180000,0.29540959,0.10612945,-0.82114202,1.25570512,-0.91959512,-0.34767693,-2.67223239,0.224894,-0.013592,0.099847,0.223915,-0.014721,0.100000,0.006180,0.019021,0.024863,0.00082984,-0.00018164,-0.00064824,0.99999943,1
6.200000,0.30578175,0.10723508,-0.80483431,1.24238253,-0.92403722,-0.33755925,-2.67757416,0.225836,-0.016304,0.099698,0.224730,-0.017099,0.100000,0.003748,0.019646,0.023068,0.00085704,-0.00028715,-0.00056983,0.99999943,1
6.220000,0.31419262,0.10836884,-0.78803086,1.23109961,-0.92843437,-0.32674500,-2.68400812,0.226809,-0.018954,0.099572,0.225618,-0.019450,0.100000,0.001256,0.019961,0.021068,0.00087076,-0.00038813,-0.00048243,0.99999943,1
6.240000,0.32071370,0.10937459,-0.77090472,1.22185659,-0.93271190,-0.31537363,-2.69140148,0.227815,-0.021533,0.099475,0.226580,-0.021772,0.100000,-0.001256,0.019961,0.018893,0.00087076,-0.00048298,-0.00038743,0.99999943,1
6.260000,0.32542974,0.11012700,-0.75364459,1.21464491,-0.93688887,-0.30352283,-2.69960546,0.228844,-0.024026,0.099410,0.227614,-0.024062,0.100000,-0.003748,0.019646,0.016577,0.00085704,-0.00057020,-0.00028633,0.99999943,1
6.280000,0.32845750,0.11046366,-0.73637819,1.20941281,-0.94093913,-0.29140577,-2.70843124,0.229910,-0.026421,0.099375,0.228719,-0.026319,0.100000,-0.006180,0.019021,0.014158,0.00082984,-0.00064844,-0.00018072,0.99999943,1
6.300000,0.32994461,0.11027445,-0.71920854,1.20603359,-0.94486266,-0.27910709,-2.71766281,0.231031,-0.028719,0.099371,0.229896,-0.028540,0.100000,-0.008516,0.018097,0.011674,0.00078956,-0.00071645,-0.00007227,0.99999943,1
6.320000,0.33011758,0.10953268,-0.70234388,1.20436370,-0.94871634,-0.26684690,-2.72709036,0.232193,-0.030923,0.099384,0.231141,-0.030723,0.100000,-0.010717,0.016887,0.009162,0.00073684,-0.00077317,0.00003730,0.99999943,1
6.340000,0.32919675,0.10823194,-0.68597305,1.20423472,-0.95257664,-0.25478208,-2.73654270,0.233381,-0.033041,0.099398,0.232454,-0.032866,0.100000,-0.012748,0.015410,0.006665,0.00067252,-0.00081771,0.00014626,0.99999943,1
6.360000,0.32735744,0.10642035,-0.67010540,1.20545137,-0.95642102,-0.24309404,-2.74579811,0.234631,-0.035087,0.099435,0.233834,-0.034967,0.100000,-0.014579,0.013691,0.004219,0.00059759,-0.00084938,0.00025291,0.99999943,1
6.380000,0.32484874,0.10406967,-0.65492558,1.20779979,-0.96019268,-0.23196468,-2.75461864,0.235950,-0.037067,0.099468,0.235279,-0.037023,0.100000,-0.016180,0.011756,0.001865,0.00051325,-0.00086767,0.00035556,0.99999943,1
6.400000,0.32186082,0.10128337,-0.64061666,1.21109474,-0.96388721,-0.22154224,-2.76285028,0.237328,-0.038987,0.099494,0.236788,-0.039033,0.100000,-0.017526,0.009635,-0.000361,0.00042080,-0.00087229,0.00045259,0.99999943,1
6.420000,0.31860763,0.09814586,-0.62731618,1.21510911,-0.96746749,-0.21199474,-2.77032757,0.238765,-0.040860,0.099508,0.238359,-0.040994,0.100000,-0.018596,0.007362,-0.002423,0.00032172,-0.00086318,0.00054248,0.99999943,1
6.440000,0.31525475,0.09476144,-0.61521417,1.21962178,-0.97084039,-0.20339851,-2.77697325,0.240257,-0.042690,0.099502,0.239991,-0.042905,0.100000,-0.019372,0.004974,-0.004289,0.00021755,-0.00084047,0.00062381,0.99999943,1
6.460000,0.31189108,0.09125261,-0.60443115,1.22442162,-0.97393620,-0.19582532,-2.78266144,0.241804,-0.044477,0.099485,0.241682,-0.044764,0.100000,-0.019842,0.002507,-0.005931,0.00010993,-0.00080453,0.00069530,0.99999943,1
6.480000,0.30866942,0.08763052,-0.59506065,1.22935617,-0.97669888,-0.18922721,-2.78739071,0.243411,-0.046216,0.099453,0.243431,-0.046569,0.100000,-0.020000,-0.000000,-0.007321,0.00000057,-0.00075592,0.00075584,0.99999943,1
6.500000,0.30568847,0.08398782,-0.58715093,1.23419440,-0.97909546,-0.18357114,-2.79110718,0.245078,-0.047912,0.099418,0.245236,-0.048317,0.100000,-0.019842,-0.002507,-0.008437,-0.00010882,-0.00069540,0.00080447,0.99999943,1
6.520000,0.30302384,0.08026798,-0.58071035,1.23878777,-0.98112053,-0.17879723,-2.79385042,0.246812,-0.049557,0.099375,0.247095,-0.050009,0.100000,-0.019372,-0.004974,-0.009263,-0.00021650,-0.00062392,0.00084043,0.99999943,1
6.540000,0.30081752,0.07650653,-0.57574522,1.24287665,-0.98276544,-0.17477956,-2.79565716,0.248609,-0.051166,0.099329,0.249006,-0.051641,0.100000,-0.018596,-0.007363,-0.009785,-0.00032078,-0.00054260,0.00086316,0.99999943,1
6.560000,0.29914051,0.07266036,-0.57221603,1.24635673,-0.98404121,-0.17139022,-2.79659081,0.250470,-0.052727,0.099280,0.250967,-0.053212,0.100000,-0.017526,-0.009635,-0.009996,-0.00042002,-0.00045272,0.00087229,0.99999943,1
6.580000,0.29805973,0.06868679,-0.57001364,1.24906421,-0.98498309,-0.16849488,-2.79669809,0.252400,-0.054240,0.099238,0.252977,-0.054721,0.100000,-0.016180,-0.011756,-0.009890,-0.00051263,-0.00035571,0.00086768,0.99999943,1
6.600000,0.29768458,0.06453881,-0.56902891,1.25084722,-0.98560768,-0.16597062,-2.79606247,0.254402,-0.055710,0.099205,0.255033,-0.056166,0.100000,-0.014579,-0.013691,-0.009472,-0.00059716,-0.00025307,0.00084942,0.99999943,1
6.620000,0.29805741,0.06016746,-0.56910366,1.25161219,-0.98600423,-0.16367278,-2.79481745,0.256471,-0.057131,0.099193,0.257134,-0.057546,0.100000,-0.012748,-0.015410,-0.008746,-0.00067228,-0.00014642,0.00081777,0.99999943,1
6.640000,0.29923654,0.05543320,-0.57009959,1.25119650,-0.98614967,-0.16148582,-2.79303169,0.258618,-0.058502,0.099186,0.259277,-0.058859,0.100000,-0.010717,-0.016887,-0.007724,-0.00073679,-0.00003746,0.00077325,0.99999943,1
6.660000,0.30129987,0.05025773,-0.57183176,1.24955833,-0.98618752,-0.15931068,-2.79081392,0.260826,-0.059821,0.099185,0.261460,-0.060105,0.100000,-0.008516,-0.018097,-0.006423,-0.00078966,0.00007211,0.00071654,0.99999943,1
6.680000,0.30424508,0.04457403,-0.57408530,1.24663961,-0.98619741,-0.15710457,-2.78821945,0.263092,-0.061082,0.099196,0.263681,-0.061281,0.100000,-0.006180,-0.019021,-0.004863,-0.00083007,0.00018056,0.00064854,0.99999943,1
6.700000,0.30810958,0.03831919,-0.57664484,1.24246621,-0.98626053,-0.15483840,-2.78532124,0.265410,-0.062274,0.099222,0.265938,-0.062386,0.100000,-0.003748,-0.019646,-0.003068,-0.00085737,0.00028618,0.00057032,0.99999943,1
6.720000,0.31288362,0.03141606,-0.57932413,1.23704660,-0.98646241,-0.15253638,-2.78224039,0.267765,-0.063388,0.099254,0.268228,-0.063420,0.100000,-0.001256,-0.019961,-0.001068,-0.00087113,0.00038729,0.00048311,0.99999943,1
6.740000,0.31855354,0.02379876,-0.58187485,1.23040354,-0.98687500,-0.15016465,-2.77897644,0.270158,-0.064418,0.099293,0.270550,-0.064382,0.100000,0.001256,-0.019961,0.001107,-0.00087113,0.00048230,0.00038827,0.99999943,1
6.760000,0.32509923,0.01546633,-0.58408308,1.22264993,-0.98754984,-0.14779826,-2.77561235,0.272581,-0.065353,0.099341,0.272901,-0.065270,0.100000,0.003748,-0.019646,0.003423,-0.00085737,0.00056971,0.00028731,0.99999943,1
6.780000,0.33255601,0.00640981,-0.58573794,1.21385789,-0.98852748,-0.14546528,-2.77221203,0.275033,-0.066194,0.099392,0.275279,-0.066085,0.100000,0.006180,-0.019021,0.005842,-0.00083007,0.00064813,0.00018180,0.99999943,1
6.800000,0.34083104,-0.00330893,-0.58663011,1.20412946,-0.98989397,-0.14323136,-2.76882887,0.277502,-0.066940,0.099451,0.277681,-0.066823,0.100000,0.008516,-0.018097,0.008326,-0.00078966,0.00071633,0.00007341,0.99999943,1
6.820000,0.34993669,-0.01356603,-0.58653980,1.19358230,-0.99167365,-0.14112246,-2.76552916,0.279990,-0.067602,0.099530,0.280105,-0.067487,0.100000,0.010717,-0.016887,0.010838,-0.00073679,0.00077323,-0.00003616,0.99999943,1
6.840000,0.35972738,-0.02439525,-0.58526969,1.18230760,-0.99382132,-0.13916820,-2.76238632,0.282517,-0.068175,0.099613,0.282549,-0.068073,0.100000,0.012748,-0.015410,0.013335,-0.00067228,0.00081791,-0.00014516,0.99999943,1
6.860000,0.37012565,-0.03562074,-0.58270836,1.17038822,-0.99636400,-0.13735257,-2.75954628,0.285070,-0.068678,0.099700,0.285010,-0.068583,0.100000,0.014579,-0.013691,0.015781,-0.00059717,0.00084968,-0.00025189,0.99999943,1
6.880000,0.38103116,-0.04717969,-0.57871687,1.15807092,-0.99932587,-0.13562027,-2.75710440,0.287647,-0.069102,0.099786,0.287485,-0.069015,0.100000,0.016180,-0.011756,0.018135,-0.00051263,0.00086803,-0.00035467,0.99999943,1
6.900000,0.39230147,-0.05896784,-0.57320207,1.14545584,-1.00270379,-0.13391665,-2.75518322,0.290248,-0.069463,0.099864,0.289973,-0.069369,0.100000,0.017526,-0.009635,0.020361,-0.00042001,0.00087267,-0.00045185,0.99999943,1
6.920000,0.40368333,-0.07088371,-0.56605190,1.13278532,-1.00643897,-0.13207084,-2.75403452,0.292887,-0.069748,0.099941,0.292471,-0.069645,0.100000,0.018596,-0.007362,0.022423,-0.00032078,0.00086353,-0.00054192,0.99999943,1
6.940000,0.41497079,-0.08280022,-0.55729008,1.12016737,-1.01049650,-0.12994589,-2.75383139,0.295548,-0.069969,0.100010,0.294977,-0.069842,0.100000,0.019372,-0.004974,0.024289,-0.00021650,0.00084075,-0.00062344,0.99999943,1
6.960000,0.42596704,-0.09465915,-0.54684114,1.10781384,-1.01486373,-0.12733169,-2.75474072,0.298241,-0.070130,0.100077,0.297487,-0.069961,0.100000,0.019842,-0.002507,0.025931,-0.00010881,0.00080469,-0.00069513,0.99999943,1
6.980000,0.43634966,-0.10631412,-0.53492504,1.09600115,-1.01941228,-0.12407565,-2.75693560,0.300924,-0.070201,0.100136,0.300000,-0.070000,0.100000,0.020000,0.000000,0.027321,0.00000057,0.00075592,-0.00075584,0.99999943,1
7.000000,0.44594991,-0.11761796,-0.52163988,1.08494544,-1.02398074,-0.12002490,-2.76055288,0.303591,-0.070181,0.100198,0.302513,-0.069961,0.100000,0.019842,0.002507,0.028437,0.00010993,0.00069522,-0.00080462,0.99999943,1
7.020000,0.45458183,-0.12852025,-0.50719267,1.07483542,-1.02832639,-0.11502270,-2.76567173,0.306233,-0.070056,0.100250,0.305023,-0.069842,0.100000,0.019372,0.004974,0.029263,0.00021755,0.00062355,-0.00084070,0.99999943,1
7.040000,0.46207914,-0.13896236,-0.49171516,1.06579041,-1.03226209,-0.10902855,-2.77234983,0.308851,-0.069828,0.100296,0.307529,-0.069645,0.100000,0.018596,0.007362,0.029785,0.00032172,0.00054205,-0.00086350,0.99999943,1
7.060000,0.46826321,-0.14879726,-0.47549960,1.05793726,-1.03551185,-0.10216211,-2.78048038,0.311420,-0.069495,0.100344,0.310027,-0.069369,0.100000,0.017526,0.009635,0.029996,0.00042080,0.00045199,-0.00087267,0.99999943,1
7.080000,0.47306308,-0.15810712,-0.45875582,1.05144560,-1.03784513,-0.09450971,-2.78993607,0.313940,-0.069037,0.100372,0.312515,-0.069015,0.100000,0.016180,0.011756,0.029890,0.00051325,0.00035481,-0.00086805,0.99999943,1
7.100000,0.47639856,-0.16687025,-0.44165698,1.04639244,-1.03906834,-0.08621395,-2.80063677,0.316415,-0.068458,0.100387,0.314991,-0.068583,0.100000,0.014579,0.013691,0.029472,0.00059759,0.00025205,-0.00084972,0.99999943,1
7.120000,0.47821707,-0.17508163,-0.42435306,1.04286218,-1.03915763,-0.07756525,-2.81231642,0.318828,-0.067771,0.100400,0.317451,-0.068073,0.100000,0.012748,0.015410,0.028746,0.00067252,0.00014532,-0.00081797,0.99999943,1
7.140000,0.47854343,-0.18281984,-0.40687388,1.04099309,-1.03814805,-0.06864731,-2.82478309,0.321191,-0.066980,0.100422,0.319895,-0.067487,0.100000,0.010717,0.016887,0.027724,0.00073684,0.00003632,-0.00077330,0.99999943,1
7.160000,0.47743633,-0.19023931,-0.38920748,1.04074311,-1.03612781,-0.05958651,-2.83790135,0.323525,-0.066111,0.100448,0.322319,-0.066823,0.100000,0.008516,0.018097,0.026423,0.00078956,-0.00007324,-0.00071643,0.99999943,1
7.180000,0.47492066,-0.19749060,-0.37139133,1.04224682,-1.03336799,-0.05050349,-2.85142922,0.325814,-0.065164,0.100476,0.324721,-0.066085,0.100000,0.006180,0.019021,0.024863,0.00082984,-0.00018164,-0.00064824,0.99999943,1
7.200000,0.47097036,-0.20479846,-0.35345367,1.04546833,-1.03020084,-0.04147940,-2.86513066,0.328043,-0.064144,0.100488,0.327099,-0.065270,0.100000,0.003748,0.019646,0.023068,0.00085704,-0.00028715,-0.00056983,0.99999943,1
7.220000,0.46565932,-0.21225758,-0.33529806,1.05034626,-1.02689970,-0.03253033,-2.87890649,0.330234,-0.063080,0.100494,0.329450,-0.064382,0.100000,0.001256,0.019961,0.021068,0.00087076,-0.00038813,-0.00048243,0.99999943,1
7.240000,0.45898238,-0.21999206,-0.31692970,1.05686533,-1.02373421,-0.02365520,-2.89264846,0.332389,-0.061971,0.100492,0.331772,-0.063420,0.100000,-0.001256,0.019961,0.018893,0.00087076,-0.00048298,-0.00038743,0.99999943,1
7.260000,0.45099047,-0.22807807,-0.29830799,1.06496668,-1.02094817,-0.01489674,-2.90621543,0.334523,-0.060828,0.100487,0.334062,-0.062386,0.100000,-0.003748,0.019646,0.016577,0.00085704,-0.00057020,-0.00028633,0.99999943,1
7.280000,0.44173071,-0.23659188,-0.27947193,1.07460642,-1.01865435,-0.00625433,-2.91947865,0.336658,-0.059639,0.100472,0.336319,-0.061281,0.100000,-0.006180,0.019021,0.014158,0.00082984,-0.00064844,-0.00018072,0.99999943,1
7.300000,0.43120390,-0.24556151,-0.26048180,1.08574367,-1.01703572,0.00214705,-2.93236947,0.338790,-0.058391,0.100448,0.338540,-0.060105,0.100000,-0.008516,0.018097,0.011674,0.00078956,-0.00071645,-0.00007227,0.99999943,1
7.320000,0.41943324,-0.25494227,-0.24149500,1.09827220,-1.01621962,0.01019165,-2.94467998,0.340907,-0.057074,0.100410,0.340723,-0.058859,0.100000,-0.010717,0.016887,0.009162,0.00073684,-0.00077317,0.00003730,0.99999943,1
7.340000,0.40663764,-0.26466390,-0.22265689,1.11209393,-1.01623797,0.01771458,-2.95630002,0.343006,-0.055692,0.100347,0.342866,-0.057546,0.100000,-0.012748,0.015410,0.006665,0.00067252,-0.00081771,0.00014626,0.99999943,1
7.360000,0.39298213,-0.27452704,-0.20414795,1.12707365,-1.01706815,0.02442267,-2.96702647,0.345074,-0.054255,0.100277,0.344967,-0.056166,0.100000,-0.014579,0.013691,0.004219,0.00059759,-0.00084938,0.00025291,0.99999943,1
7.380000,0.37859076,-0.28441870,-0.18615167,1.14309478,-1.01863647,0.03006400,-2.97665000,0.347110,-0.052757,0.100206,0.347023,-0.054721,0.100000,-0.016180,0.011756,0.001865,0.00051325,-0.00086767,0.00035556,0.99999943,1
7.400000,0.36365342,-0.29413915,-0.16905497,1.15998924,-1.02072382,0.03427360,-2.98501754,0.349084,-0.051192,0.100121,0.349033,-0.053212,0.100000,-0.017526,0.009635,-0.000361,0.00042080,-0.00087229,0.00045259,0.99999943,1
7.420000,0.34839311,-0.30347314,-0.15309660,1.17752540,-1.02310872,0.03688844,-2.99196792,0.351000,-0.049581,0.100040,0.350994,-0.051641,0.100000,-0.018596,0.007363,-0.002423,0.00032172,-0.00086318,0.00054247,0.99999943,1
7.440000,0.33298936,-0.31221136,-0.13858770,1.19545937,-1.02561474,0.03778679,-2.99747920,0.352837,-0.047941,0.099972,0.352905,-0.050009,0.100000,-0.019372,0.004974,-0.004289,0.00021755,-0.00084047,0.00062381,0.99999943,1
7.460000,0.31762016,-0.32035285,-0.12576528,1.21363604,-1.02802193,0.03696011,-3.00153422,0.354604,-0.046261,0.099893,0.354764,-0.048317,0.100000,-0.019842,0.002507,-0.005931,0.00010993,-0.00080453,0.00069530,0.99999943,1
7.480000,0.30235586,-0.32778305,-0.11480134,1.23173714,-1.03016186,0.03450957,-3.00418305,0.356307,-0.044560,0.099816,0.356569,-0.046569,0.100000,-0.020000,-0.000000,-0.007321,0.00000057,-0.00075592,0.00075584,0.99999943,1
7.500000,0.28728306,-0.33445725,-0.10584417,1.24965906,-1.03192306,0.03050716,-3.00543571,0.357944,-0.042828,0.099745,0.358317,-0.044764,0.100000,-0.019842,-0.002507,-0.008437,-0.00010882,-0.00069540,0.00080447,0.99999943,1
7.520000,0.27248809,-0.34043214,-0.09893181,1.26725590,-1.03327334,0.02508752,-3.00541902,0.359518,-0.041062,0.099673,0.360009,-0.042905,0.100000,-0.019372,-0.004974,-0.009263,-0.00021650,-0.00062392,0.00084043,0.99999943,1
7.540000,0.25808847,-0.34567878,-0.09409534,1.28436112,-1.03414917,0.01838658,-3.00417018,0.361032,-0.039273,0.099613,0.361641,-0.040994,0.100000,-0.018596,-0.007362,-0.009785,-0.00032078,-0.00054260,0.00086316,0.99999943,1
7.560000,0.24405265,-0.35026190,-0.09130188,1.30087161,-1.03450155,0.01064785,-3.00184178,0.362498,-0.037445,0.099568,0.363212,-0.039033,0.100000,-0.017526,-0.009635,-0.009996,-0.00042001,-0.00045273,0.00087229,0.99999943,1
7.580000,0.23048329,-0.35428748,-0.09044879,1.31667113,-1.03428328,0.00201438,-2.99854684,0.363933,-0.035579,0.099535,0.364721,-0.037023,0.100000,-0.016180,-0.011756,-0.009890,-0.00051263,-0.00035570,0.00086768,0.99999943,1
7.600000,0.21749879,-0.35782203,-0.09149151,1.33169627,-1.03352237,-0.00730351,-2.99446750,0.365327,-0.033676,0.099506,0.366166,-0.034967,0.100000,-0.014579,-0.013691,-0.009472,-0.00059717,-0.00025307,0.00084941,0.99999943,1
7.620000,0.20507012,-0.36089617,-0.09432342,1.34582019,-1.03224111,-0.01705146,-2.98974872,0.366676,-0.031732,0.099493,0.367546,-0.032866,0.100000,-0.012748,-0.015410,-0.008746,-0.00067228,-0.00014642,0.00081777,0.99999943,1
7.640000,0.19332176,-0.36362475,-0.09886272,1.35893130,-1.03041184,-0.02701732,-2.98454165,0.367977,-0.029757,0.099475,0.368859,-0.030723,0.100000,-0.010717,-0.016887,-0.007724,-0.00073679,-0.00003746,0.00077325,0.99999943,1
7.660000,0.18229058,-0.36606979,-0.10488725,1.37101543,-1.02806282,-0.03687560,-2.97905755,0.369242,-0.027744,0.099470,0.370105,-0.028540,0.100000,-0.008516,-0.018097,-0.006423,-0.00078966,0.00007211,0.00071654,0.99999943,1
7.680000,0.17197540,-0.36833146,-0.11225763,1.38204825,-1.02527714,-0.04650626,-2.97345281,0.370451,-0.025683,0.099468,0.371281,-0.026319,0.100000,-0.006180,-0.019021,-0.004863,-0.00083007,0.00018056,0.00064854,0.99999943,1
7.700000,0.16240008,-0.37049481,-0.12071269,1.39195716,-1.02210116,-0.05566423,-2.96785140,0.371612,-0.023579,0.099476,0.372386,-0.024062,0.100000,-0.003748,-0.019646,-0.003068,-0.00085737,0.00028618,0.00057032,0.99999943,1
7.720000,0.15360494,-0.37268302,-0.13005605,1.40067065,-1.01864564,-0.06421264,-2.96234775,0.372708,-0.021439,0.099477,0.373420,-0.021772,0.100000,-0.001256,-0.019961,-0.001068,-0.00087113,0.00038729,0.00048311,0.99999943,1
7.740000,0.14558880,-0.37500003,-0.14006336,1.40818512,-1.01498556,-0.07207253,-2.95695615,0.373731,-0.019259,0.099461,0.374382,-0.019450,0.100000,0.001256,-0.019961,0.001107,-0.00087113,0.00048230,0.00038827,0.99999943,1
7.760000,0.13828187,-0.37751976,-0.15041910,1.41458583,-1.01125526,-0.07928537,-2.95175195,0.374674,-0.017023,0.099442,0.375270,-0.017099,0.100000,0.003748,-0.019646,0.003423,-0.00085737,0.00056971,0.00028730,0.99999943,1
7.780000,0.13170804,-0.38034272,-0.16081566,1.41986549,-1.00755870,-0.08585492,-2.94668460,0.375541,-0.014741,0.099418,0.376085,-0.014721,0.100000,0.006180,-0.019021,0.005842,-0.00083007,0.00064813,0.00018179,0.99999943,1
7.800000,0.12586635,-0.38346770,-0.17102656,1.42407107,-1.00401509,-0.09186825,-2.94179511,0.376313,-0.012416,0.099399,0.376823,-0.012319,0.100000,0.008516,-0.018097,0.008326,-0.00078966,0.00071633,0.00007340,0.99999943,1
7.820000,0.12069702,-0.38695553,-0.18080047,1.42727768,-1.00067592,-0.09740860,-2.93706584,0.376993,-0.010044,0.099381,0.377487,-0.009895,0.100000,0.010717,-0.016887,0.010838,-0.00073679,0.00077323,-0.00003616,0.99999943,1
7.840000,0.11621260,-0.39082560,-0.18985459,1.42954695,-0.99760699,-0.10257667,-2.93252540,0.377591,-0.007634,0.099370,0.378073,-0.007451,0.100000,0.012748,-0.015410,0.013335,-0.00067228,0.00081791,-0.00014516,0.99999943,1
7.860000,0.11239471,-0.39504525,-0.19803977,1.43098330,-0.99484348,-0.10745819,-2.92816615,0.378098,-0.005191,0.099368,0.378583,-0.004991,0.100000,0.014579,-0.013691,0.015781,-0.00059717,0.00084968,-0.00025190,0.99999943,1
7.880000,0.10918802,-0.39955029,-0.20517267,1.43170404,-0.99240500,-0.11213917,-2.92403722,0.378522,-0.002718,0.099383,0.379015,-0.002515,0.100000,0.016180,-0.011756,0.018135,-0.00051263,0.00086803,-0.00035467,0.99999943,1
7.900000,0.10654574,-0.40430766,-0.21111916,1.43184769,-0.99027479,-0.11665905,-2.92015290,0.378871,-0.000218,0.099410,0.379369,-0.000027,0.100000,0.017526,-0.009635,0.020361,-0.00042001,0.00087267,-0.00045185,0.99999943,1
7.920000,0.10441120,-0.40920791,-0.21572143,1.43158567,-0.98845905,-0.12111442,-2.91660047,0.379160,0.002306,0.099467,0.379645,0.002471,0.100000,0.018596,-0.007363,0.022423,-0.00032078,0.00086353,-0.00054192,0.99999943,1
7.940000,0.10269815,-0.41426271,-0.21894458,1.43107569,-0.98697388,-0.12549543,-2.91347575,0.379383,0.004853,0.099523,0.379842,0.004977,0.100000,0.019372,-0.004974,0.024289,-0.00021650,0.00084075,-0.00062344,0.99999943,1
7.960000,0.10127207,-0.41931227,-0.22068730,1.43049979,-0.98586196,-0.12977751,-2.91089368,0.379549,0.007419,0.099605,0.379961,0.007487,0.100000,0.019842,-0.002507,0.025931,-0.00010881,0.00080469,-0.00069513,0.99999943,1
7.980000,0.10000777,-0.42426118,-0.22102121,1.43001747,-0.98510927,-0.13390353,-2.90889907,0.379646,0.010001,0.099695,0.380000,0.010000,0.100000,0.020000,0.000000,0.027321,0.00000057,0.00075592,-0.00075584,0.99999943,1
