# rollout meta: {"joint_names": ["joint1", "joint2", "joint3", "joint4", "joint5", "joint6", "joint7"], "dt": 0.02, "n": 400, "has_base": true, "source": "phase1_diffusion_selected", "note": "condition=easy; checkpoint=policy_precision.pt; gain=0.87; q_noise=0.002"}
t,q1,q2,q3,q4,q5,q6,q7,ee_x,ee_y,ee_z,tgt_x,tgt_y,tgt_z,bx,by,bz,bqx,bqy,bqz,bqw,drawing
0.000000,0.10493723,-0.33926690,-0.24531414,1.44098115,-0.98369074,0.07872981,-3.13610458,0.380642,0.012583,0.100282,0.379961,0.012513,0.100000,0.019842,0.002507,0.010000,0.00010993,0.00069522,-0.00080462,0.99999943,1
0.020000,0.10367221,-0.34335610,-0.24192971,1.44077778,-0.98567069,0.07224710,-3.12945366,0.380408,0.015116,0.099848,0.379842,0.015023,0.100000,0.019372,0.004974,0.010000,0.00021755,0.00062355,-0.00084070,0.99999943,1
0.040000,0.10220267,-0.34783190,-0.23679033,1.44097936,-0.98790938,0.06342209,-3.12112093,0.380122,0.017628,0.099630,0.379645,0.017529,0.100000,0.018596,0.007362,0.010000,0.00032172,0.00054205,-0.00086350,0.99999943,1
0.060000,0.10033367,-0.35265061,-0.23025152,1.44177485,-0.99003750,0.05293813,-3.11187315,0.379808,0.020136,0.099580,0.379369,0.020027,0.100000,0.017526,0.009635,0.010000,0.00042080,0.00045199,-0.00087267,0.99999943,1
0.080000,0.09797354,-0.35792705,-0.22263873,1.44332862,-0.99191105,0.04134834,-3.10233784,0.379460,0.022647,0.099612,0.379015,0.022515,0.100000,0.016180,0.011756,0.010000,0.00051325,0.00035481,-0.00086805,0.99999943,1
0.100000,0.09501459,-0.36370188,-0.21437041,1.44573021,-0.99347162,0.02916222,-3.09297800,0.379042,0.025159,0.099642,0.378583,0.024991,0.100000,0.014579,0.013691,0.010000,0.00059759,0.00025205,-0.00084972,0.99999943,1
0.120000,0.09135847,-0.36981329,-0.20577312,1.44904006,-0.99458760,0.01685087,-3.08413696,0.378545,0.027662,0.099652,0.378073,0.027451,0.100000,0.012748,0.015410,0.010000,0.00067252,0.00014532,-0.00081797,0.99999943,1
0.140000,0.08689370,-0.37602651,-0.19711180,1.45337510,-0.99520689,0.00471335,-3.07604218,0.377959,0.030157,0.099656,0.377487,0.029895,0.100000,0.010717,0.016887,0.010000,0.00073684,0.00003632,-0.00077330,0.99999943,1
0.160000,0.08160893,-0.38217267,-0.18855634,1.45873737,-0.99526393,-0.00702651,-3.06877565,0.377296,0.032619,0.099664,0.376823,0.032319,0.100000,0.008516,0.018097,0.010000,0.00078956,-0.00007324,-0.00071643,0.99999943,1
0.180000,0.07541964,-0.38816205,-0.18030849,1.46519625,-0.99478006,-0.01823277,-3.06239510,0.376552,0.035050,0.099662,0.376085,0.034721,0.100000,0.006180,0.019021,0.010000,0.00082984,-0.00018164,-0.00064824,0.99999943,1
0.200000,0.06824891,-0.39382815,-0.17248261,1.47283816,-0.99378729,-0.02890565,-3.05682707,0.375732,0.037448,0.099672,0.375270,0.037099,0.100000,0.003748,0.019646,0.010000,0.00085704,-0.00028715,-0.00056983,0.99999943,1
0.220000,0.06009369,-0.39913839,-0.16525733,1.48164976,-0.99238586,-0.03903214,-3.05204439,0.374824,0.039804,0.099665,0.374382,0.039450,0.100000,0.001256,0.019961,0.010000,0.00087076,-0.00038813,-0.00048243,0.99999943,1
0.240000,0.05089326,-0.40396088,-0.15868625,1.49166751,-0.99063158,-0.04868945,-3.04797316,0.373844,0.042116,0.099661,0.373420,0.041772,0.100000,-0.001256,0.019961,0.010000,0.00087076,-0.00048298,-0.00038743,0.99999943,1
0.260000,0.04063603,-0.40816507,-0.15296525,1.50292754,-0.98862904,-0.05795443,-3.04448986,0.372774,0.044390,0.099655,0.372386,0.044062,0.100000,-0.003748,0.019646,0.010000,0.00085704,-0.00057020,-0.00028633,0.99999943,1
0.280000,0.02930042,-0.41169307,-0.14812703,1.51540983,-0.98647553,-0.06687064,-3.04158711,0.371629,0.046625,0.099648,0.371281,0.046319,0.100000,-0.006180,0.019021,0.010000,0.00082984,-0.00064844,-0.00018072,0.99999943,1
0.300000,0.01699339,-0.41444468,-0.14426509,1.52900589,-0.98430920,-0.07548008,-3.03917909,0.370406,0.048804,0.099643,0.370105,0.048540,0.100000,-0.008516,0.018097,0.010000,0.00078956,-0.00071645,-0.00007227,0.99999943,1
0.320000,0.00372843,-0.41633603,-0.14148130,1.54373026,-0.98222959,-0.08380662,-3.03717780,0.369105,0.050940,0.099635,0.368859,0.050723,0.100000,-0.010717,0.016887,0.010000,0.00073684,-0.00077317,0.00003730,0.99999943,1
0.340000,-0.01049792,-0.41724253,-0.13985176,1.55948532,-0.98029584,-0.09199320,-3.03551412,0.367729,0.053038,0.099633,0.367546,0.052866,0.100000,-0.012748,0.015410,0.010000,0.00067252,-0.00081771,0.00014626,0.99999943,1
0.360000,-0.02555813,-0.41709602,-0.13944623,1.57615685,-0.97862440,-0.10008628,-3.03417993,0.366276,0.055095,0.099635,0.366166,0.054967,0.100000,-0.014579,0.013691,0.010000,0.00059759,-0.00084938,0.00025291,0.99999943,1
0.380000,-0.04136078,-0.41582462,-0.14034753,1.59356797,-0.97722656,-0.10813947,-3.03309464,0.364753,0.057106,0.099633,0.364721,0.057023,0.100000,-0.016180,0.011756,0.010000,0.00051325,-0.00086767,0.00035556,0.99999943,1
0.400000,-0.05782429,-0.41331920,-0.14264141,1.61155760,-0.97616142,-0.11615072,-3.03220677,0.363153,0.059074,0.099632,0.363212,0.059033,0.100000,-0.017526,0.009635,0.010000,0.00042080,-0.00087229,0.00045259,0.99999943,1
0.420000,-0.07477356,-0.40951189,-0.14630267,1.63002181,-0.97548032,-0.12411185,-3.03144956,0.361492,0.061007,0.099650,0.361641,0.060994,0.100000,-0.018596,0.007362,0.010000,0.00032172,-0.00086318,0.00054247,0.99999943,1
0.440000,-0.09201679,-0.40443486,-0.15139981,1.64875686,-0.97516942,-0.13212785,-3.03079438,0.359768,0.062897,0.099662,0.360009,0.062905,0.100000,-0.019372,0.004974,0.010000,0.00021755,-0.00084047,0.00062381,0.99999943,1
0.460000,-0.10936485,-0.39801133,-0.15793093,1.66756475,-0.97523129,-0.14016023,-3.03019071,0.357988,0.064742,0.099687,0.358317,0.064764,0.100000,-0.019842,0.002507,0.010000,0.00010993,-0.00080453,0.00069530,0.99999943,1
0.480000,-0.12666504,-0.39029109,-0.16582911,1.68625641,-0.97565383,-0.14823647,-3.02958894,0.356167,0.066545,0.099719,0.356569,0.066569,0.100000,-0.020000,-0.000000,0.010000,0.00000057,-0.00075592,0.00075584,0.99999943,1
0.500000,-0.14371717,-0.38131416,-0.17513771,1.70453799,-0.97643173,-0.15638575,-3.02890944,0.354290,0.068287,0.099743,0.354764,0.068317,0.100000,-0.019842,-0.002507,0.010000,-0.00010881,-0.00069540,0.00080447,0.99999943,1
0.520000,-0.16042633,-0.37107643,-0.18579045,1.72233987,-0.97760248,-0.16460429,-3.02808976,0.352355,0.069992,0.099770,0.352905,0.070009,0.100000,-0.019372,-0.004974,0.010000,-0.00021650,-0.00062392,0.00084043,0.99999943,1
0.540000,-0.17651102,-0.35965675,-0.19771197,1.73938107,-0.97909510,-0.17291394,-3.02706218,0.350370,0.071634,0.099806,0.350994,0.071641,0.100000,-0.018596,-0.007362,0.010000,-0.00032078,-0.00054260,0.00086316,0.99999943,1
0.560000,-0.19182608,-0.34719124,-0.21078749,1.75557303,-0.98088753,-0.18130104,-3.02579284,0.348345,0.073224,0.099844,0.349033,0.073212,0.100000,-0.017526,-0.009635,0.010000,-0.00042001,-0.00045273,0.00087229,0.99999943,1
0.580000,-0.20624383,-0.33378574,-0.22487345,1.77070534,-0.98296010,-0.18971717,-3.02425599,0.346291,0.074753,0.099890,0.347023,0.074721,0.100000,-0.016180,-0.011756,0.010000,-0.00051263,-0.00035570,0.00086768,0.99999943,1
0.600000,-0.21960913,-0.31959012,-0.23986559,1.78463423,-0.98531753,-0.19818620,-3.02239347,0.344197,0.076216,0.099939,0.344967,0.076166,0.100000,-0.014579,-0.013691,0.010000,-0.00059717,-0.00025306,0.00084941,0.99999943,1
0.620000,-0.23181446,-0.30473572,-0.25570211,1.79721153,-0.98792672,-0.20669241,-3.02019429,0.342054,0.077604,0.099980,0.342866,0.077546,0.100000,-0.012748,-0.015410,0.010000,-0.00067228,-0.00014642,0.00081777,0.99999943,1
0.640000,-0.24280743,-0.28939322,-0.27218997,1.80831885,-0.99075693,-0.21518975,-3.01765037,0.339873,0.078918,0.100017,0.340723,0.078859,0.100000,-0.010717,-0.016887,0.010000,-0.00073679,-0.00003746,0.00077325,0.99999943,1
0.660000,-0.25242928,-0.27366456,-0.28913465,1.81786835,-0.99370509,-0.22360617,-3.01476359,0.337678,0.080150,0.100079,0.338540,0.080105,0.100000,-0.008516,-0.018097,0.010000,-0.00078966,0.00007211,0.00071654,0.99999943,1
0.680000,-0.26068664,-0.25776827,-0.30650917,1.82581687,-0.99670780,-0.23189361,-3.01152015,0.335455,0.081297,0.100128,0.336319,0.081281,0.100000,-0.006180,-0.019021,0.010000,-0.00083007,0.00018056,0.00064854,0.99999943,1
0.700000,-0.26747632,-0.24193947,-0.32418856,1.83211851,-0.99969310,-0.23998937,-3.00798440,0.333214,0.082345,0.100152,0.334062,0.082386,0.100000,-0.003748,-0.019646,0.010000,-0.00085737,0.00028618,0.00057032,0.99999943,1
0.720000,-0.27279651,-0.22624482,-0.34204474,1.83682477,-1.00256789,-0.24777541,-3.00422215,0.330963,0.083307,0.100173,0.331772,0.083420,0.100000,-0.001256,-0.019961,0.010000,-0.00087113,0.00038729,0.00048311,0.99999943,1
0.740000,-0.27658108,-0.21081270,-0.35995629,1.83995605,-1.00528014,-0.25527534,-3.00028014,0.328699,0.084181,0.100198,0.329450,0.084382,0.100000,0.001256,-0.019961,0.010000,-0.00087113,0.00048230,0.00038827,0.99999943,1
0.760000,-0.27887458,-0.19578892,-0.37786877,1.84153295,-1.00773335,-0.26236793,-2.99622893,0.326421,0.084963,0.100213,0.327099,0.085270,0.100000,0.003748,-0.019646,0.010000,-0.00085737,0.00056971,0.00028731,0.99999943,1
0.780000,-0.27973872,-0.18128395,-0.39578420,1.84166741,-1.00986612,-0.26901367,-2.99210095,0.324110,0.085663,0.100198,0.324721,0.086085,0.100000,0.006180,-0.019021,0.010000,-0.00083007,0.00064813,0.00018180,0.99999943,1
0.800000,-0.27917257,-0.16731998,-0.41355318,1.84045851,-1.01166558,-0.27520630,-2.98801875,0.321762,0.086293,0.100183,0.322319,0.086823,0.100000,0.008516,-0.018097,0.010000,-0.00078966,0.00071633,0.00007341,0.99999943,1
0.820000,-0.27723759,-0.15402858,-0.43107194,1.83798361,-1.01301575,-0.28083295,-2.98400569,0.319395,0.086851,0.100160,0.319895,0.087487,0.100000,0.010717,-0.016887,0.010000,-0.00073679,0.00077323,-0.00003616,0.99999943,1
0.840000,-0.27402490,-0.14146034,-0.44820577,1.83436453,-1.01388586,-0.28586966,-2.98006368,0.317012,0.087351,0.100135,0.317451,0.088073,0.100000,0.012748,-0.015410,0.010000,-0.00067228,0.00081791,-0.00014516,0.99999943,1
0.860000,-0.26959351,-0.12965469,-0.46492240,1.82964230,-1.01429605,-0.29036418,-2.97620511,0.314586,0.087786,0.100106,0.314990,0.088583,0.100000,0.014579,-0.013691,0.010000,-0.00059717,0.00084968,-0.00025190,0.99999943,1
0.880000,-0.26407182,-0.11869419,-0.48109248,1.82395470,-1.01420188,-0.29426682,-2.97249389,0.312132,0.088164,0.100066,0.312515,0.089015,0.100000,0.016180,-0.011756,0.010000,-0.00051263,0.00086803,-0.00035467,0.99999943,1
0.900000,-0.25751305,-0.10855269,-0.49652052,1.81737924,-1.01366472,-0.29761472,-2.96890473,0.309654,0.088487,0.100049,0.310027,0.089369,0.100000,0.017526,-0.009635,0.010000,-0.00042001,0.00087267,-0.00045185,0.99999943,1
0.920000,-0.25005305,-0.09928675,-0.51112622,1.80998182,-1.01264942,-0.30042934,-2.96543670,0.307158,0.088748,0.100043,0.307529,0.089645,0.100000,0.018596,-0.007362,0.010000,-0.00032078,0.00086353,-0.00054192,0.99999943,1
0.940000,-0.24181490,-0.09094995,-0.52475178,1.80188143,-1.01119184,-0.30274463,-2.96209836,0.304661,0.088948,0.100053,0.305023,0.089842,0.100000,0.019372,-0.004974,0.010000,-0.00021650,0.00084075,-0.00062344,0.99999943,1
0.960000,-0.23295747,-0.08355474,-0.53733903,1.79322362,-1.00933433,-0.30458793,-2.95892072,0.302162,0.089091,0.100073,0.302513,0.089961,0.100000,0.019842,-0.002507,0.010000,-0.00010881,0.00080469,-0.00069513,0.99999943,1
0.980000,-0.22362560,-0.07703135,-0.54891217,1.78409183,-1.00706613,-0.30601135,-2.95588517,0.299651,0.089169,0.100097,0.300000,0.090000,0.100000,0.020000,0.000000,0.010000,0.00000057,0.00075592,-0.00075584,0.99999943,1
1.000000,-0.21394104,-0.07142997,-0.55941051,1.77461839,-1.00440502,-0.30705208,-2.95299554,0.297141,0.089174,0.100118,0.297487,0.089961,0.100000,0.019842,0.002507,0.010000,0.00010993,0.00069522,-0.00080462,0.99999943,1
1.020000,-0.20409885,-0.06667021,-0.56878531,1.76489568,-1.00141275,-0.30776322,-2.95025659,0.294637,0.089107,0.100142,0.294977,0.089842,0.100000,0.019372,0.004974,0.010000,0.00021755,0.00062355,-0.00084070,0.99999943,1
1.040000,-0.19419448,-0.06272067,-0.57707858,1.75508451,-0.99809974,-0.30819055,-2.94767356,0.292139,0.088961,0.100164,0.292471,0.089645,0.100000,0.018596,0.007362,0.010000,0.00032172,0.00054205,-0.00086350,0.99999943,1
1.060000,-0.18442354,-0.05949922,-0.58427161,1.74535084,-0.99448663,-0.30835867,-2.94527221,0.289665,0.088745,0.100189,0.289973,0.089369,0.100000,0.017526,0.009635,0.010000,0.00042080,0.00045199,-0.00087267,0.99999943,1
1.080000,-0.17493159,-0.05693981,-0.59049141,1.73580158,-0.99061835,-0.30830568,-2.94301438,0.287200,0.088453,0.100202,0.287485,0.089015,0.100000,0.016180,0.011756,0.010000,0.00051325,0.00035481,-0.00086805,0.99999943,1
1.100000,-0.16587310,-0.05493331,-0.59583104,1.72657585,-0.98651338,-0.30810466,-2.94087911,0.284741,0.088083,0.100201,0.285010,0.088583,0.100000,0.014579,0.013691,0.010000,0.00059759,0.00025205,-0.00084972,0.99999943,1
1.120000,-0.15734780,-0.05338544,-0.60036629,1.71783972,-0.98216254,-0.30778793,-2.93889070,0.282302,0.087640,0.100190,0.282549,0.088073,0.100000,0.012748,0.015410,0.010000,0.00067252,0.00014532,-0.00081797,0.99999943,1
1.140000,-0.14942196,-0.05218966,-0.60417724,1.70973229,-0.97763824,-0.30737489,-2.93703485,0.279882,0.087123,0.100177,0.280105,0.087487,0.100000,0.010717,0.016887,0.010000,0.00073684,0.00003632,-0.00077330,0.99999943,1
1.160000,-0.14215897,-0.05124895,-0.60741699,1.70236862,-0.97298855,-0.30692804,-2.93534732,0.277473,0.086529,0.100159,0.277681,0.086823,0.100000,0.008516,0.018097,0.010000,0.00078956,-0.00007324,-0.00071643,0.99999943,1
1.180000,-0.13561912,-0.05046333,-0.61014509,1.69584799,-0.96825087,-0.30643383,-2.93381572,0.275090,0.085858,0.100145,0.275279,0.086085,0.100000,0.006180,0.019021,0.010000,0.00082984,-0.00018164,-0.00064824,0.99999943,1
1.200000,-0.12989981,-0.04973471,-0.61250818,1.69020772,-0.96343452,-0.30592823,-2.93241286,0.272735,0.085108,0.100128,0.272901,0.085270,0.100000,0.003748,0.019646,0.010000,0.00085704,-0.00028715,-0.00056983,0.99999943,1
1.220000,-0.12499543,-0.04895789,-0.61463022,1.68555379,-0.95863664,-0.30545333,-2.93113351,0.270399,0.084280,0.100114,0.270550,0.084382,0.100000,0.001256,0.019961,0.010000,0.00087076,-0.00038813,-0.00048243,0.99999943,1
1.240000,-0.12094084,-0.04805025,-0.61660075,1.68192410,-0.95391452,-0.30501226,-2.92996240,0.268092,0.083378,0.100106,0.268228,0.083420,0.100000,-0.001256,0.019961,0.010000,0.00087076,-0.00048298,-0.00038743,0.99999943,1
1.260000,-0.11773352,-0.04690303,-0.61856371,1.67931557,-0.94930142,-0.30463907,-2.92888379,0.265812,0.082397,0.100102,0.265938,0.082386,0.100000,-0.003748,0.019646,0.010000,0.00085704,-0.00057020,-0.00028633,0.99999943,1
1.280000,-0.11534047,-0.04543768,-0.62064320,1.67768788,-0.94484490,-0.30433083,-2.92789388,0.263560,0.081331,0.100101,0.263681,0.081281,0.100000,-0.006180,0.019021,0.010000,0.00082984,-0.00064844,-0.00018072,0.99999943,1
1.300000,-0.11378694,-0.04357324,-0.62294716,1.67703629,-0.94059521,-0.30409509,-2.92698741,0.261339,0.080188,0.100099,0.261460,0.080105,0.100000,-0.008516,0.018097,0.010000,0.00078956,-0.00071645,-0.00007227,0.99999943,1
1.320000,-0.11299247,-0.04122832,-0.62558615,1.67728770,-0.93662274,-0.30394116,-2.92611575,0.259145,0.078964,0.100096,0.259277,0.078859,0.100000,-0.010717,0.016887,0.010000,0.00073684,-0.00077317,0.00003730,0.99999943,1
1.340000,-0.11291562,-0.03828494,-0.62867320,1.67838323,-0.93297577,-0.30386248,-2.92526603,0.256976,0.077665,0.100095,0.257134,0.077546,0.100000,-0.012748,0.015410,0.010000,0.00067252,-0.00081771,0.00014626,0.99999943,1
1.360000,-0.11349835,-0.03472022,-0.63226700,1.68021691,-0.92969793,-0.30387217,-2.92441106,0.254838,0.076290,0.100090,0.255033,0.076166,0.100000,-0.014579,0.013691,0.010000,0.00059759,-0.00084938,0.00025291,0.99999943,1
1.380000,-0.11466773,-0.03045346,-0.63643163,1.68269658,-0.92680973,-0.30396092,-2.92351604,0.252740,0.074847,0.100085,0.252977,0.074721,0.100000,-0.016180,0.011756,0.010000,0.00051325,-0.00086767,0.00035556,0.99999943,1
1.400000,-0.11630172,-0.02543755,-0.64124298,1.68565583,-0.92436236,-0.30415115,-2.92255473,0.250673,0.073330,0.100077,0.250967,0.073212,0.100000,-0.017526,0.009635,0.010000,0.00042080,-0.00087229,0.00045259,0.99999943,1
1.420000,-0.11825680,-0.01962870,-0.64671993,1.68896747,-0.92238379,-0.30439791,-2.92150235,0.248648,0.071741,0.100071,0.249006,0.071641,0.100000,-0.018596,0.007362,0.010000,0.00032172,-0.00086318,0.00054247,0.99999943,1
1.440000,-0.12041675,-0.01302772,-0.65289688,1.69246054,-0.92088765,-0.30472124,-2.92034459,0.246664,0.070081,0.100064,0.247095,0.070009,0.100000,-0.019372,0.004974,0.010000,0.00021755,-0.00084048,0.00062381,0.99999943,1
1.460000,-0.12262781,-0.00563308,-0.65976101,1.69598949,-0.91988963,-0.30509454,-2.91902566,0.244733,0.068353,0.100059,0.245236,0.068318,0.100000,-0.019842,0.002507,0.010000,0.00010993,-0.00080453,0.00069530,0.99999943,1
1.480000,-0.12474926,0.00257361,-0.66733348,1.69935906,-0.91937679,-0.30545765,-2.91755271,0.242853,0.066556,0.100056,0.243432,0.066569,0.100000,-0.020000,-0.000000,0.010000,0.00000057,-0.00075592,0.00075584,0.99999943,1
1.500000,-0.12661740,0.01154363,-0.67556936,1.70243335,-0.91938543,-0.30580413,-2.91589904,0.241027,0.064694,0.100058,0.241682,0.064764,0.100000,-0.019842,-0.002507,0.010000,-0.00010881,-0.00069540,0.00080447,0.99999943,1
1.520000,-0.12810403,0.02122570,-0.68443382,1.70501518,-0.91991371,-0.30611455,-2.91404939,0.239259,0.062769,0.100063,0.239991,0.062905,0.100000,-0.019372,-0.004974,0.010000,-0.00021650,-0.00062392,0.00084043,0.99999943,1
1.540000,-0.12907937,0.03149562,-0.69385952,1.70696867,-0.92096508,-0.30632520,-2.91198659,0.237555,0.060786,0.100066,0.238359,0.060994,0.100000,-0.018596,-0.007362,0.010000,-0.00032078,-0.00054260,0.00086316,0.99999943,1
1.560000,-0.12941796,0.04228349,-0.70374274,1.70812821,-0.92248338,-0.30640364,-2.90973449,0.235933,0.058750,0.100072,0.236788,0.059033,0.100000,-0.017526,-0.009635,0.010000,-0.00042001,-0.00045273,0.00087229,0.99999943,1
1.580000,-0.12897627,0.05352877,-0.71401358,1.70833933,-0.92450577,-0.30631801,-2.90728831,0.234384,0.056660,0.100089,0.235279,0.057023,0.100000,-0.016180,-0.011756,0.010000,-0.00051263,-0.00035571,0.00086768,0.99999943,1
1.600000,-0.12766054,0.06505768,-0.72459733,1.70748580,-0.92699057,-0.30600414,-2.90464139,0.232913,0.054525,0.100104,0.233834,0.054967,0.100000,-0.014579,-0.013691,0.010000,-0.00059717,-0.00025307,0.00084941,0.99999943,1
1.620000,-0.12536232,0.07675432,-0.73537385,1.70544577,-0.92988718,-0.30545947,-2.90180874,0.231530,0.052345,0.100121,0.232454,0.052866,0.100000,-0.012748,-0.015410,0.010000,-0.00067228,-0.00014642,0.00081777,0.99999943,1
1.640000,-0.12204520,0.08846477,-0.74628216,1.70210814,-0.93320036,-0.30462784,-2.89875460,0.230223,0.050127,0.100127,0.231141,0.050723,0.100000,-0.010717,-0.016887,0.010000,-0.00073679,-0.00003746,0.00077325,0.99999943,1
1.660000,-0.11757695,0.10011324,-0.75718051,1.69737971,-0.93687278,-0.30351579,-2.89550257,0.229000,0.047870,0.100140,0.229895,0.048540,0.100000,-0.008516,-0.018097,0.010000,-0.00078966,0.00007211,0.00071654,0.99999943,1
1.680000,-0.11197607,0.11152721,-0.76800644,1.69123518,-0.94083911,-0.30212632,-2.89201021,0.227858,0.045587,0.100141,0.228719,0.046319,0.100000,-0.006180,-0.019021,0.010000,-0.00083007,0.00018056,0.00064854,0.99999943,1
1.700000,-0.10516606,0.12262471,-0.77860248,1.68362856,-0.94508666,-0.30050862,-2.88825083,0.226794,0.043280,0.100148,0.227614,0.044062,0.100000,-0.003748,-0.019646,0.010000,-0.00085737,0.00028618,0.00057032,0.99999943,1
1.720000,-0.09711306,0.13318925,-0.78886497,1.67451608,-0.94950455,-0.29868975,-2.88419580,0.225820,0.040946,0.100146,0.226580,0.041772,0.100000,-0.001256,-0.019961,0.010000,-0.00087113,0.00038729,0.00048311,0.99999943,1
1.740000,-0.08786519,0.14320785,-0.79877698,1.66392243,-0.95407826,-0.29674691,-2.87978506,0.224903,0.038596,0.100132,0.225618,0.039450,0.100000,0.001256,-0.019961,0.010000,-0.00087113,0.00048230,0.00038827,0.99999943,1
1.760000,-0.07738692,0.15251435,-0.80818868,1.65191746,-0.95872957,-0.29477620,-2.87497044,0.224054,0.036236,0.100107,0.224730,0.037099,0.100000,0.003748,-0.019646,0.010000,-0.00085737,0.00056971,0.00028731,0.99999943,1
1.780000,-0.06575945,0.16103972,-0.81697267,1.63858056,-0.96337193,-0.29284337,-2.86969757,0.223283,0.033879,0.100076,0.223915,0.034721,0.100000,0.006180,-0.019021,0.010000,-0.00083007,0.00064813,0.00018180,0.99999943,1
1.800000,-0.05289760,0.16867092,-0.82500941,1.62402177,-0.96798015,-0.29107937,-2.86392355,0.222583,0.031521,0.100046,0.223177,0.032319,0.100000,0.008516,-0.018097,0.010000,-0.00078966,0.00071633,0.00007341,0.99999943,1
1.820000,-0.03882897,0.17533550,-0.83220607,1.60836458,-0.97246784,-0.28960308,-2.85761118,0.221960,0.029168,0.100015,0.222513,0.029895,0.100000,0.010717,-0.016887,0.010000,-0.00073679,0.00077323,-0.00003616,0.99999943,1
1.840000,-0.02362286,0.18096824,-0.83845431,1.59178030,-0.97678065,-0.28846657,-2.85087299,0.221416,0.026831,0.099985,0.221927,0.027451,0.100000,0.012748,-0.015410,0.010000,-0.00067228,0.00081791,-0.00014516,0.99999943,1
1.860000,-0.00729348,0.18554042,-0.84370184,1.57441962,-0.98091859,-0.28763145,-2.84385586,0.220941,0.024510,0.099953,0.221417,0.024991,0.100000,0.014579,-0.013691,0.010000,-0.00059717,0.00084968,-0.00025190,0.99999943,1
1.880000,0.01007914,0.18906775,-0.84779936,1.55639684,-0.98489505,-0.28702018,-2.83668900,0.220542,0.022203,0.099932,0.220985,0.022515,0.100000,0.016180,-0.011756,0.010000,-0.00051263,0.00086803,-0.00035467,0.99999943,1
1.900000,0.02835340,0.19155894,-0.85070169,1.53785062,-0.98868906,-0.28652874,-2.82956362,0.220218,0.019912,0.099916,0.220631,0.020027,0.100000,0.017526,-0.009635,0.010000,-0.00042001,0.00087267,-0.00045185,0.99999943,1
1.920000,0.04743003,0.19307014,-0.85229236,1.51880050,-0.99230838,-0.28597751,-2.82265091,0.219978,0.017615,0.099911,0.220355,0.017529,0.100000,0.018596,-0.007362,0.010000,-0.00032078,0.00086353,-0.00054192,0.99999943,1
1.940000,0.06711714,0.19364214,-0.85255033,1.49927616,-0.99573308,-0.28524697,-2.81608534,0.219820,0.015297,0.099909,0.220158,0.015023,0.100000,0.019372,-0.004974,0.010000,-0.00021650,0.00084075,-0.00062344,0.99999943,1
1.960000,0.08719563,0.19331898,-0.85140717,1.47945631,-0.99898046,-0.28418359,-2.81002426,0.219755,0.012966,0.099912,0.220039,0.012513,0.100000,0.019842,-0.002507,0.010000,-0.00010882,0.00080469,-0.00069513,0.99999943,1
1.980000,0.10744806,0.19218643,-0.84889156,1.45935977,-1.00203574,-0.28266644,-2.80452204,0.219774,0.010603,0.099914,0.220000,0.010000,0.100000,0.020000,0.000000,0.010000,0.00000057,0.00075592,-0.00075584,0.99999943,1
2.000000,0.12770230,0.19028486,-0.84500575,1.43912101,-1.00481892,-0.28063187,-2.79958963,0.219892,0.008204,0.099914,0.220039,0.007487,0.100000,0.019842,0.002507,0.010000,0.00010993,0.00069522,-0.00080462,0.99999943,1
2.020000,0.14767393,0.18762398,-0.83985996,1.41887176,-1.00731790,-0.27813268,-2.79524231,0.220091,0.005775,0.099898,0.220158,0.004977,0.100000,0.019372,0.004974,0.010000,0.00021755,0.00062355,-0.00084070,0.99999943,1
2.040000,0.16720365,0.18423742,-0.83349001,1.39867878,-1.00949168,-0.27512315,-2.79146767,0.220377,0.003301,0.099868,0.220355,0.002471,0.100000,0.018596,0.007362,0.010000,0.00032172,0.00054205,-0.00086350,0.99999943,1
2.060000,0.18608072,0.18022943,-0.82600921,1.37869978,-1.01127648,-0.27164635,-2.78819609,0.220745,0.000789,0.099828,0.220631,-0.000027,0.100000,0.017526,0.009635,0.010000,0.00042080,0.00045199,-0.00087267,0.99999943,1
2.080000,0.20403822,0.17561963,-0.81746459,1.35919511,-1.01262522,-0.26780304,-2.78538752,0.221204,-0.001733,0.099793,0.220985,-0.002515,0.100000,0.016180,0.011756,0.010000,0.00051325,0.00035481,-0.00086805,0.99999943,1
2.100000,0.22099346,0.17036951,-0.80803919,1.34034967,-1.01349175,-0.26369321,-2.78293514,0.221739,-0.004257,0.099754,0.221417,-0.004991,0.100000,0.014579,0.013691,0.010000,0.00059759,0.00025205,-0.00084972,0.99999943,1
2.120000,0.23686427,0.16454491,-0.79789197,1.32227564,-1.01385367,-0.25942218,-2.78082037,0.222336,-0.006785,0.099713,0.221927,-0.007451,0.100000,0.012748,0.015410,0.010000,0.00067252,0.00014532,-0.00081797,0.99999943,1
2.140000,0.25152522,0.15818346,-0.78712213,1.30510640,-1.01367712,-0.25505719,-2.77900887,0.222999,-0.009309,0.099681,0.222513,-0.009895,0.100000,0.010717,0.016887,0.010000,0.00073684,0.00003632,-0.00077330,0.99999943,1
2.160000,0.26493758,0.15138510,-0.77593297,1.28904605,-1.01294494,-0.25064650,-2.77747440,0.223712,-0.011810,0.099663,0.223177,-0.012319,0.100000,0.008516,0.018097,0.010000,0.00078956,-0.00007325,-0.00071643,0.99999943,1
2.180000,0.27707100,0.14410035,-0.76435512,1.27423775,-1.01163149,-0.24624760,-2.77620220,0.224500,-0.014279,0.099668,0.223915,-0.014721,0.100000,0.006180,0.019021,0.010000,0.00082984,-0.00018164,-0.00064824,0.99999943,1
2.200000,0.28789318,0.13640827,-0.75254989,1.26067603,-1.00974834,-0.24189276,-2.77514791,0.225356,-0.016722,0.099696,0.224730,-0.017099,0.100000,0.003748,0.019646,0.010000,0.00085704,-0.00028715,-0.00056983,0.99999943,1
2.220000,0.29742673,0.12825438,-0.74072492,1.24852026,-1.00730562,-0.23756526,-2.77428913,0.226270,-0.019114,0.099725,0.225618,-0.019450,0.100000,0.001256,0.019961,0.010000,0.00087076,-0.00038813,-0.00048243,0.99999943,1
2.240000,0.30573267,0.11973758,-0.72897315,1.23778594,-1.00438321,-0.23335162,-2.77360821,0.227239,-0.021464,0.099762,0.226580,-0.021772,0.100000,-0.001256,0.019961,0.010000,0.00087076,-0.00048298,-0.00038743,0.99999943,1
2.260000,0.31279209,0.11084574,-0.71733469,1.22846103,-1.00103533,-0.22924560,-2.77308130,0.228282,-0.023767,0.099806,0.227614,-0.024062,0.100000,-0.003748,0.019646,0.010000,0.00085704,-0.00057020,-0.00028633,0.99999943,1
2.280000,0.31863624,0.10166449,-0.70596582,1.22057664,-0.99734807,-0.22522646,-2.77272034,0.229387,-0.026015,0.099849,0.228719,-0.026319,0.100000,-0.006180,0.019021,0.010000,0.00082984,-0.00064844,-0.00018072,0.99999943,1
2.300000,0.32334334,0.09233821,-0.69493723,1.21404457,-0.99334723,-0.22127430,-2.77247143,0.230567,-0.028219,0.099896,0.229896,-0.028540,0.100000,-0.008516,0.018097,0.010000,0.00078956,-0.00071645,-0.00007227,0.99999943,1
2.320000,0.32696041,0.08288468,-0.68433511,1.20887160,-0.98918092,-0.21742578,-2.77231359,0.231812,-0.030369,0.099937,0.231141,-0.030723,0.100000,-0.010717,0.016887,0.010000,0.00073684,-0.00077317,0.00003730,0.99999943,1
2.340000,0.32954016,0.07350267,-0.67428511,1.20500398,-0.98493969,-0.21370678,-2.77222633,0.233107,-0.032467,0.099975,0.232454,-0.032866,0.100000,-0.012748,0.015410,0.010000,0.00067252,-0.00081771,0.00014626,0.99999943,1
2.360000,0.33117729,0.06426807,-0.66478050,1.20228922,-0.98072368,-0.21012099,-2.77216911,0.234467,-0.034527,0.100013,0.233834,-0.034967,0.100000,-0.014579,0.013691,0.010000,0.00059759,-0.00084938,0.00025291,0.99999943,1
2.380000,0.33198729,0.05528107,-0.65593135,1.20067656,-0.97662646,-0.20668578,-2.77212286,0.235875,-0.036545,0.100041,0.235279,-0.037023,0.100000,-0.016180,0.011756,0.010000,0.00051325,-0.00086767,0.00035556,0.99999943,1
2.400000,0.33200264,0.04657923,-0.64770281,1.20004714,-0.97272700,-0.20340556,-2.77206659,0.237353,-0.038520,0.100065,0.236788,-0.039033,0.100000,-0.017526,0.009635,0.010000,0.00042080,-0.00087229,0.00045259,0.99999943,1
2.420000,0.33133587,0.03832904,-0.64020979,1.20028210,-0.96911067,-0.20032826,-2.77198553,0.238875,-0.040453,0.100080,0.238359,-0.040994,0.100000,-0.018596,0.007362,0.010000,0.00032172,-0.00086318,0.00054248,0.99999943,1
2.440000,0.33005977,0.03064634,-0.63345355,1.20125890,-0.96583772,-0.19744356,-2.77188635,0.240444,-0.042345,0.100098,0.239991,-0.042905,0.100000,-0.019372,0.004974,0.010000,0.00021755,-0.00084047,0.00062381,0.99999943,1
2.460000,0.32831374,0.02351864,-0.62745976,1.20286369,-0.96297294,-0.19477013,-2.77174807,0.242059,-0.044188,0.100102,0.241682,-0.044764,0.100000,-0.019842,0.002507,0.010000,0.00010993,-0.00080453,0.00069530,0.99999943,1
2.480000,0.32621750,0.01704207,-0.62216431,1.20494068,-0.96056855,-0.19229409,-2.77154779,0.243729,-0.045990,0.100109,0.243431,-0.046569,0.100000,-0.020000,-0.000000,0.010000,0.00000057,-0.00075592,0.00075584,0.99999943,1
2.500000,0.32390475,0.01127896,-0.61753261,1.20733488,-0.95868891,-0.19001219,-2.77129841,0.245453,-0.047755,0.100122,0.245236,-0.048317,0.100000,-0.019842,-0.002507,0.010000,-0.00010882,-0.00069540,0.00080447,0.99999943,1
2.520000,0.32147273,0.00615602,-0.61355937,1.20989275,-0.95735693,-0.18790874,-2.77097940,0.247231,-0.049471,0.100126,0.247095,-0.050009,0.100000,-0.019372,-0.004974,0.010000,-0.00021650,-0.00062392,0.00084043,0.99999943,1
2.540000,0.31905523,0.00167387,-0.61018342,1.21247935,-0.95662898,-0.18603101,-2.77059126,0.249058,-0.051139,0.100121,0.249006,-0.051641,0.100000,-0.018596,-0.007363,0.010000,-0.00032078,-0.00054260,0.00086316,0.99999943,1
2.560000,0.31678215,-0.00218163,-0.60727525,1.21494460,-0.95654774,-0.18431285,-2.77013779,0.250947,-0.052761,0.100118,0.250967,-0.053212,0.100000,-0.017526,-0.009635,0.010000,-0.00042002,-0.00045272,0.00087229,0.99999943,1
2.580000,0.31472501,-0.00541670,-0.60479087,1.21715355,-0.95710945,-0.18272516,-2.76961040,0.252892,-0.054328,0.100119,0.252977,-0.054721,0.100000,-0.016180,-0.011756,0.010000,-0.00051263,-0.00035571,0.00086768,0.99999943,1
2.600000,0.31305617,-0.00814473,-0.60262680,1.21895194,-0.95834780,-0.18125823,-2.76900148,0.254895,-0.055845,0.100112,0.255033,-0.056166,0.100000,-0.014579,-0.013691,0.010000,-0.00059716,-0.00025307,0.00084942,0.99999943,1
2.620000,0.31183392,-0.01041484,-0.60069633,1.22024715,-0.96025431,-0.17990902,-2.76832151,0.256953,-0.057301,0.100100,0.257134,-0.057546,0.100000,-0.012748,-0.015410,0.010000,-0.00067228,-0.00014642,0.00081777,0.99999943,1
2.640000,0.31113732,-0.01228268,-0.59887689,1.22093928,-0.96283484,-0.17863961,-2.76758718,0.259065,-0.058694,0.100091,0.259277,-0.058859,0.100000,-0.010717,-0.016887,0.010000,-0.00073679,-0.00003746,0.00077325,0.99999943,1
2.660000,0.31103909,-0.01385930,-0.59707880,1.22093117,-0.96602482,-0.17744531,-2.76680851,0.261234,-0.060017,0.100075,0.261460,-0.060105,0.100000,-0.008516,-0.018097,0.010000,-0.00078966,0.00007211,0.00071654,0.99999943,1
2.680000,0.31161368,-0.01521349,-0.59520042,1.22013187,-0.96982074,-0.17631280,-2.76599884,0.263450,-0.061272,0.100055,0.263681,-0.061281,0.100000,-0.006180,-0.019021,0.010000,-0.00083007,0.00018056,0.00064854,0.99999943,1
2.700000,0.31291312,-0.01649196,-0.59305990,1.21855783,-0.97420406,-0.17521988,-2.76517010,0.265725,-0.062449,0.100032,0.265938,-0.062386,0.100000,-0.003748,-0.019646,0.010000,-0.00085737,0.00028618,0.00057032,0.99999943,1
2.720000,0.31491932,-0.01774078,-0.59057885,1.21617067,-0.97915852,-0.17415775,-2.76431608,0.268041,-0.063542,0.100013,0.268228,-0.063420,0.100000,-0.001256,-0.019961,0.010000,-0.00087113,0.00038729,0.00048311,0.99999943,1
2.740000,0.31766930,-0.01905429,-0.58764923,1.21295297,-0.98462510,-0.17313448,-2.76347733,0.270397,-0.064551,0.099995,0.270550,-0.064382,0.100000,0.001256,-0.019961,0.010000,-0.00087113,0.00048230,0.00038827,0.99999943,1
2.760000,0.32115224,-0.02053043,-0.58413714,1.20889521,-0.99050218,-0.17213519,-2.76266098,0.272801,-0.065477,0.099982,0.272901,-0.065270,0.100000,0.003748,-0.019646,0.010000,-0.00085737,0.00056971,0.00028731,0.99999943,1
2.780000,0.32539311,-0.02226248,-0.57995397,1.20403767,-0.99672538,-0.17116061,-2.76190758,0.275246,-0.066319,0.099971,0.275279,-0.066085,0.100000,0.006180,-0.019021,0.010000,-0.00083007,0.00064813,0.00018180,0.99999943,1
2.800000,0.33034608,-0.02435402,-0.57499492,1.19842017,-1.00331068,-0.17024185,-2.76120758,0.277717,-0.067079,0.099960,0.277681,-0.066823,0.100000,0.008516,-0.018097,0.010000,-0.00078966,0.00071633,0.00007341,0.99999943,1
2.820000,0.33595586,-0.02692313,-0.56914437,1.19212544,-1.01011705,-0.16935387,-2.76058769,0.280228,-0.067749,0.099951,0.280105,-0.067487,0.100000,0.010717,-0.016887,0.010000,-0.00073679,0.00077323,-0.00003616,0.99999943,1
2.840000,0.34216133,-0.03001953,-0.56233293,1.18523669,-1.01708269,-0.16851373,-2.76011276,0.282771,-0.068331,0.099946,0.282549,-0.068073,0.100000,0.012748,-0.015410,0.010000,-0.00067228,0.00081791,-0.00014516,0.99999943,1
2.860000,0.34891170,-0.03370974,-0.55448097,1.17784405,-1.02417338,-0.16771066,-2.75980711,0.285337,-0.068830,0.099947,0.285010,-0.068583,0.100000,0.014579,-0.013691,0.010000,-0.00059717,0.00084968,-0.00025189,0.99999943,1
2.880000,0.35613286,-0.03808288,-0.54554993,1.17004383,-1.03129888,-0.16689844,-2.75972700,0.287925,-0.069246,0.099947,0.287485,-0.069015,0.100000,0.016180,-0.011756,0.010000,-0.00051263,0.00086803,-0.00035467,0.99999943,1
2.900000,0.36370182,-0.04319127,-0.53546637,1.16196179,-1.03837860,-0.16606480,-2.75993252,0.290536,-0.069577,0.099954,0.289973,-0.069369,0.100000,0.017526,-0.009635,0.010000,-0.00042001,0.00087267,-0.00045185,0.99999943,1
2.920000,0.37148413,-0.04906559,-0.52427357,1.15365517,-1.04535329,-0.16514391,-2.76051044,0.293153,-0.069828,0.099961,0.292471,-0.069645,0.100000,0.018596,-0.007362,0.010000,-0.00032078,0.00086353,-0.00054192,0.99999943,1
2.940000,0.37935138,-0.05575511,-0.51190078,1.14523816,-1.05210292,-0.16406174,-2.76152611,0.295795,-0.069999,0.099978,0.294977,-0.069842,0.100000,0.019372,-0.004974,0.010000,-0.00021650,0.00084075,-0.00062344,0.99999943,1
2.960000,0.38720053,-0.06329114,-0.49849018,1.13681054,-1.05856657,-0.16274180,-2.76299477,0.298431,-0.070089,0.099983,0.297487,-0.069961,0.100000,0.019842,-0.002507,0.010000,-0.00010881,0.00080469,-0.00069513,0.99999943,1
2.980000,0.39483956,-0.07165987,-0.48408031,1.12852514,-1.06464088,-0.16115507,-2.76498747,0.301061,-0.070087,0.099987,0.300000,-0.070000,0.100000,0.020000,0.000000,0.010000,0.00000057,0.00075592,-0.00075584,0.99999943,1
3.000000,0.40218315,-0.08075126,-0.46876657,1.12046766,-1.07018876,-0.15926154,-2.76751614,0.303678,-0.070005,0.100000,0.302513,-0.069961,0.100000,0.019842,0.002507,0.010000,0.00010993,0.00069522,-0.00080462,0.99999943,1
3.020000,0.40911150,-0.09058457,-0.45265791,1.11268759,-1.07510865,-0.15701012,-2.77053404,0.306281,-0.069848,0.100011,0.305023,-0.069842,0.100000,0.019372,0.004974,0.010000,0.00021755,0.00062355,-0.00084070,0.99999943,1
3.040000,0.41542581,-0.10117456,-0.43580839,1.10532391,-1.07929862,-0.15444456,-2.77404165,0.308878,-0.069602,0.100028,0.307529,-0.069645,0.100000,0.018596,0.007362,0.010000,0.00032172,0.00054205,-0.00086350,0.99999943,1
3.060000,0.42105505,-0.11242433,-0.41849491,1.09849989,-1.08277607,-0.15165210,-2.77793074,0.311413,-0.069268,0.100037,0.310027,-0.069369,0.100000,0.017526,0.009635,0.010000,0.00042080,0.00045199,-0.00087267,0.99999943,1
3.080000,0.42591760,-0.12430901,-0.40072438,1.09235799,-1.08543670,-0.14868328,-2.78216410,0.313913,-0.068845,0.100052,0.312515,-0.069015,0.100000,0.016180,0.011756,0.010000,0.00051325,0.00035481,-0.00086805,0.99999943,1
3.100000,0.42989108,-0.13684197,-0.38266531,1.08696234,-1.08723366,-0.14558180,-2.78662682,0.316371,-0.068328,0.100057,0.314990,-0.068583,0.100000,0.014579,0.013691,0.010000,0.00059759,0.00025205,-0.00084972,0.99999943,1
3.120000,0.43295386,-0.14993735,-0.36435074,1.08245289,-1.08814502,-0.14239740,-2.79128265,0.318802,-0.067725,0.100069,0.317451,-0.068073,0.100000,0.012748,0.015410,0.010000,0.00067252,0.00014532,-0.00081797,0.99999943,1
3.140000,0.43506229,-0.16356522,-0.34588805,1.07892096,-1.08820474,-0.13922405,-2.79600573,0.321199,-0.067037,0.100082,0.319895,-0.067487,0.100000,0.010717,0.016887,0.010000,0.00073684,0.00003632,-0.00077330,0.99999943,1
3.160000,0.43615344,-0.17774048,-0.32735261,1.07644749,-1.08743286,-0.13608719,-2.80076456,0.323575,-0.066263,0.100088,0.322319,-0.066823,0.100000,0.008516,0.018097,0.010000,0.00078956,-0.00007324,-0.00071643,0.99999943,1
3.180000,0.43621999,-0.19234501,-0.30883312,1.07514322,-1.08589458,-0.13303845,-2.80545187,0.325928,-0.065409,0.100097,0.324721,-0.066085,0.100000,0.006180,0.019021,0.010000,0.00082984,-0.00018164,-0.00064824,0.99999943,1
3.200000,0.43521145,-0.20728368,-0.29050836,1.07508552,-1.08366513,-0.13012141,-2.81006479,0.328239,-0.064470,0.100102,0.327099,-0.065270,0.100000,0.003748,0.019646,0.010000,0.00085704,-0.00028715,-0.00056983,0.99999943,1
3.220000,0.43313918,-0.22250628,-0.27246174,1.07633173,-1.08083725,-0.12734552,-2.81456327,0.330512,-0.063452,0.100095,0.329450,-0.064382,0.100000,0.001256,0.019961,0.010000,0.00087076,-0.00038813,-0.00048243,0.99999943,1
3.240000,0.42997196,-0.23793523,-0.25483456,1.07891321,-1.07742906,-0.12476616,-2.81896520,0.332749,-0.062352,0.100067,0.331772,-0.063420,0.100000,-0.001256,0.019961,0.010000,0.00087076,-0.00048298,-0.00038743,0.99999943,1
3.260000,0.42572707,-0.25332519,-0.23770680,1.08289146,-1.07350039,-0.12234944,-2.82321191,0.334952,-0.061183,0.100049,0.334062,-0.062386,0.100000,-0.003748,0.019646,0.010000,0.00085704,-0.00057020,-0.00028633,0.99999943,1
3.280000,0.42040187,-0.26861632,-0.22116511,1.08828247,-1.06910729,-0.12011299,-2.82735991,0.337133,-0.059945,0.100035,0.336319,-0.061281,0.100000,-0.006180,0.019021,0.010000,0.00082984,-0.00064844,-0.00018072,0.99999943,1
3.300000,0.41397431,-0.28366262,-0.20541729,1.09504724,-1.06437218,-0.11807422,-2.83139968,0.339264,-0.058642,0.100016,0.338540,-0.060105,0.100000,-0.008516,0.018097,0.010000,0.00078956,-0.00071645,-0.00007227,0.99999943,1
3.320000,0.40652218,-0.29829803,-0.19055091,1.10314238,-1.05935013,-0.11624075,-2.83533549,0.341351,-0.057290,0.100001,0.340723,-0.058859,0.100000,-0.010717,0.016887,0.010000,0.00073684,-0.00077317,0.00003730,0.99999943,1
3.340000,0.39805833,-0.31242463,-0.17663337,1.11252213,-1.05409753,-0.11457681,-2.83915591,0.343406,-0.055892,0.099993,0.342866,-0.057546,0.100000,-0.012748,0.015410,0.010000,0.00067252,-0.00081771,0.00014626,0.99999943,1
3.360000,0.38853627,-0.32595313,-0.16376369,1.12313974,-1.04869914,-0.11310338,-2.84288239,0.345428,-0.054442,0.099992,0.344967,-0.056166,0.100000,-0.014579,0.013691,0.010000,0.00059759,-0.00084938,0.00025291,0.99999943,1
3.380000,0.37799937,-0.33886003,-0.15211032,1.13494027,-1.04324043,-0.11186429,-2.84645391,0.347401,-0.052925,0.099964,0.347023,-0.054721,0.100000,-0.016180,0.011756,0.010000,0.00051325,-0.00086767,0.00035556,0.99999943,1
3.400000,0.36657226,-0.35086089,-0.14171518,1.14774144,-1.03786147,-0.11089965,-2.84991050,0.349311,-0.051387,0.099949,0.349033,-0.053212,0.100000,-0.017526,0.009635,0.010000,0.00042080,-0.00087229,0.00045259,0.99999943,1
3.420000,0.35428470,-0.36198038,-0.13258982,1.16153800,-1.03259349,-0.11015901,-2.85320592,0.351180,-0.049802,0.099934,0.350994,-0.051641,0.100000,-0.018596,0.007363,0.010000,0.00032172,-0.00086318,0.00054247,0.99999943,1
3.440000,0.34125930,-0.37216207,-0.12482952,1.17614996,-1.02753377,-0.10974818,-2.85637259,0.352991,-0.048181,0.099900,0.352905,-0.050009,0.100000,-0.019372,0.004974,0.010000,0.00021755,-0.00084047,0.00062381,0.99999943,1
3.460000,0.32755938,-0.38125384,-0.11842781,1.19151711,-1.02273786,-0.10963999,-2.85938525,0.354748,-0.046522,0.099879,0.354764,-0.048317,0.100000,-0.019842,0.002507,0.010000,0.00010993,-0.00080453,0.00069530,0.99999943,1
3.480000,0.31329092,-0.38922155,-0.11340343,1.20748079,-1.01828027,-0.10988883,-2.86225057,0.356445,-0.044827,0.099866,0.356569,-0.046569,0.100000,-0.020000,-0.000000,0.010000,0.00000057,-0.00075592,0.00075584,0.99999943,1
3.500000,0.29866350,-0.39608374,-0.10972988,1.22386622,-1.01420593,-0.11051489,-2.86493134,0.358088,-0.043102,0.099845,0.358317,-0.044764,0.100000,-0.019842,-0.002507,0.010000,-0.00010882,-0.00069540,0.00080447,0.99999943,1
3.520000,0.28371143,-0.40182742,-0.10737549,1.24050117,-1.01052618,-0.11152034,-2.86744571,0.359682,-0.041341,0.099822,0.360009,-0.042905,0.100000,-0.019372,-0.004974,0.010000,-0.00021650,-0.00062392,0.00084043,0.99999943,1
3.540000,0.26861522,-0.40640768,-0.10628398,1.25723720,-1.00728357,-0.11284854,-2.86978221,0.361227,-0.039547,0.099810,0.361641,-0.040994,0.100000,-0.018596,-0.007362,0.010000,-0.00032078,-0.00054260,0.00086316,0.99999943,1
3.560000,0.25359091,-0.40988687,-0.10637847,1.27393925,-1.00451529,-0.11451769,-2.87193608,0.362725,-0.037720,0.099800,0.363212,-0.039033,0.100000,-0.017526,-0.009635,0.010000,-0.00042001,-0.00045273,0.00087229,0.99999943,1
3.580000,0.23866589,-0.41230527,-0.10760786,1.29044092,-1.00222814,-0.11654906,-2.87391305,0.364168,-0.035847,0.099792,0.364721,-0.037023,0.100000,-0.016180,-0.011756,0.010000,-0.00051263,-0.00035570,0.00086768,0.99999943,1
3.600000,0.22402784,-0.41371664,-0.10984755,1.30653656,-1.00045645,-0.11887464,-2.87569499,0.365560,-0.033938,0.099788,0.366166,-0.034967,0.100000,-0.014579,-0.013691,0.010000,-0.00059717,-0.00025307,0.00084941,0.99999943,1
3.620000,0.20979469,-0.41420481,-0.11300141,1.32207763,-0.99918199,-0.12149684,-2.87725616,0.366898,-0.031988,0.099785,0.367546,-0.032866,0.100000,-0.012748,-0.015410,0.010000,-0.00067228,-0.00014642,0.00081777,0.99999943,1
3.640000,0.19611324,-0.41387573,-0.11690976,1.33704591,-0.99840236,-0.12437803,-2.87865138,0.368188,-0.029981,0.099788,0.368859,-0.030723,0.100000,-0.010717,-0.016887,0.010000,-0.00073679,-0.00003746,0.00077325,0.99999943,1
3.660000,0.18309072,-0.41285113,-0.12143551,1.35117948,-0.99810719,-0.12744793,-2.87984490,0.369430,-0.027933,0.099787,0.370105,-0.028540,0.100000,-0.008516,-0.018097,0.010000,-0.00078966,0.00007211,0.00071654,0.99999943,1
3.680000,0.17083126,-0.41121253,-0.12647836,1.36441207,-0.99829853,-0.13066849,-2.88084865,0.370612,-0.025837,0.099787,0.371281,-0.026319,0.100000,-0.006180,-0.019021,0.010000,-0.00083007,0.00018056,0.00064854,0.99999943,1
3.700000,0.15942004,-0.40908742,-0.13187990,1.37667453,-0.99893790,-0.13399902,-2.88169360,0.371734,-0.023692,0.099786,0.372386,-0.024062,0.100000,-0.003748,-0.019646,0.010000,-0.00085737,0.00028618,0.00057032,0.99999943,1
3.720000,0.14896500,-0.40658355,-0.13750672,1.38785076,-0.99999905,-0.13738452,-2.88240933,0.372792,-0.021506,0.099786,0.373420,-0.021772,0.100000,-0.001256,-0.019961,0.010000,-0.00087113,0.00038729,0.00048311,0.99999943,1
3.740000,0.13949871,-0.40379813,-0.14325124,1.39788687,-1.00142062,-0.14076045,-2.88299298,0.373780,-0.019282,0.099786,0.374382,-0.019450,0.100000,0.001256,-0.019961,0.010000,-0.00087113,0.00048230,0.00038827,0.99999943,1
3.760000,0.13102458,-0.40087762,-0.14896375,1.40675998,-1.00315523,-0.14406149,-2.88347530,0.374699,-0.017016,0.099782,0.375270,-0.017099,0.100000,0.003748,-0.019646,0.010000,-0.00085737,0.00056971,0.00028730,0.99999943,1
3.780000,0.12357103,-0.39790919,-0.15453434,1.41445601,-1.00513995,-0.14722860,-2.88387060,0.375545,-0.014714,0.099777,0.376085,-0.014721,0.100000,0.006180,-0.019021,0.010000,-0.00083007,0.00064813,0.00018179,0.99999943,1
3.800000,0.11711057,-0.39500308,-0.15980107,1.42101121,-1.00734663,-0.15026528,-2.88422060,0.376318,-0.012376,0.099776,0.376823,-0.012319,0.100000,0.008516,-0.018097,0.010000,-0.00078966,0.00071633,0.00007340,0.99999943,1
3.820000,0.11158196,-0.39228249,-0.16467701,1.42645586,-1.00967491,-0.15312223,-2.88453960,0.377018,-0.010001,0.099767,0.377487,-0.009895,0.100000,0.010717,-0.016887,0.010000,-0.00073679,0.00077323,-0.00003616,0.99999943,1
3.840000,0.10694456,-0.38982567,-0.16902310,1.43089366,-1.01210797,-0.15579517,-2.88484335,0.377645,-0.007589,0.099760,0.378073,-0.007451,0.100000,0.012748,-0.015410,0.010000,-0.00067228,0.00081791,-0.00014516,0.99999943,1
3.860000,0.10315083,-0.38768318,-0.17276867,1.43437195,-1.01456714,-0.15827836,-2.88517666,0.378194,-0.005150,0.099759,0.378583,-0.004991,0.100000,0.014579,-0.013691,0.010000,-0.00059717,0.00084968,-0.00025190,0.99999943,1
3.880000,0.10011683,-0.38595819,-0.17579204,1.43697715,-1.01697946,-0.16054001,-2.88558245,0.378677,-0.002689,0.099759,0.379015,-0.002515,0.100000,0.016180,-0.011756,0.010000,-0.00051263,0.00086803,-0.00035467,0.99999943,1
3.900000,0.09774875,-0.38468969,-0.17804235,1.43883693,-1.01931465,-0.16259722,-2.88608170,0.379087,-0.000206,0.099764,0.379369,-0.000027,0.100000,0.017526,-0.009635,0.010000,-0.00042001,0.00087267,-0.00045185,0.99999943,1
3.920000,0.09591183,-0.38392478,-0.17947581,1.44006300,-1.02151132,-0.16444442,-2.88671589,0.379423,0.002295,0.099769,0.379645,0.002471,0.100000,0.018596,-0.007363,0.010000,-0.00032078,0.00086353,-0.00054192,0.99999943,1
3.940000,0.09446812,-0.38369682,-0.18005389,1.44081235,-1.02351153,-0.16609757,-2.88751793,0.379687,0.004814,0.099776,0.379842,0.004977,0.100000,0.019372,-0.004974,0.010000,-0.00021650,0.00084075,-0.00062344,0.99999943,1
3.960000,0.09329014,-0.38401800,-0.17978124,1.44124162,-1.02523863,-0.16752477,-2.88852787,0.379882,0.007353,0.099782,0.379961,0.007487,0.100000,0.019842,-0.002507,0.010000,-0.00010881,0.00080469,-0.00069513,0.99999943,1
3.980000,0.09225316,-0.38487917,-0.17866136,1.44146836,-1.02666807,-0.16873746,-2.88976574,0.380006,0.009901,0.099790,0.380000,0.010000,0.100000,0.020000,0.000000,0.010000,0.00000057,0.00075592,-0.00075584,0.99999943,1
4.000000,0.09122229,-0.38628858,-0.17674963,1.44165981,-1.02777159,-0.16975774,-2.89124870,0.380049,0.012457,0.099790,0.379961,0.012513,0.100000,0.019842,0.002507,0.010000,0.00010993,0.00069522,-0.00080462,0.99999943,1
4.020000,0.09008053,-0.38820055,-0.17410354,1.44196701,-1.02850235,-0.17063077,-2.89295769,0.380008,0.015017,0.099787,0.379842,0.015023,0.100000,0.019372,0.004974,0.010000,0.00021755,0.00062355,-0.00084070,0.99999943,1
4.040000,0.08865597,-0.39059275,-0.17075953,1.44254351,-1.02883637,-0.17135015,-2.89491892,0.379889,0.017580,0.099780,0.379645,0.017529,0.100000,0.018596,0.007362,0.010000,0.00032172,0.00054205,-0.00086350,0.99999943,1
4.060000,0.08680678,-0.39337707,-0.16682614,1.44359267,-1.02873695,-0.17197710,-2.89709234,0.379684,0.020152,0.099777,0.379369,0.020027,0.100000,0.017526,0.009635,0.010000,0.00042080,0.00045199,-0.00087267,0.99999943,1
4.080000,0.08442822,-0.39654371,-0.16240315,1.44523776,-1.02818942,-0.17255177,-2.89947939,0.379393,0.022726,0.099764,0.379015,0.022515,0.100000,0.016180,0.011756,0.010000,0.00051325,0.00035481,-0.00086805,0.99999943,1
4.100000,0.08148749,-0.39999625,-0.15755862,1.44759989,-1.02720904,-0.17313528,-2.90205050,0.379018,0.025287,0.099756,0.378583,0.024991,0.100000,0.014579,0.013691,0.010000,0.00059759,0.00025205,-0.00084972,0.99999943,1
4.120000,0.07788103,-0.40368375,-0.15244080,1.45080090,-1.02582550,-0.17377037,-2.90480995,0.378545,0.027833,0.099742,0.378073,0.027451,0.100000,0.012748,0.015410,0.010000,0.00067252,0.00014532,-0.00081797,0.99999943,1
4.140000,0.07354845,-0.40752053,-0.14714186,1.45493865,-1.02406406,-0.17451520,-2.90768766,0.377979,0.030353,0.099728,0.377487,0.029895,0.100000,0.010717,0.016887,0.010000,0.00073684,0.00003632,-0.00077330,0.99999943,1
4.160000,0.06839485,-0.41141623,-0.14179567,1.46015763,-1.02193356,-0.17536326,-2.91068459,0.377325,0.032853,0.099716,0.376823,0.032319,0.100000,0.008516,0.018097,0.010000,0.00078956,-0.00007324,-0.00071643,0.99999943,1
4.180000,0.06237605,-0.41529474,-0.13652827,1.46647334,-1.01948452,-0.17634110,-2.91376352,0.376580,0.035318,0.099699,0.376085,0.034721,0.100000,0.006180,0.019021,0.010000,0.00082984,-0.00018164,-0.00064824,0.99999943,1
4.200000,0.05545182,-0.41908219,-0.13146794,1.47400367,-1.01677573,-0.17750192,-2.91690636,0.375746,0.037751,0.099674,0.375270,0.037099,0.100000,0.003748,0.019646,0.010000,0.00085704,-0.00028715,-0.00056983,0.99999943,1
4.220000,0.04756919,-0.42265037,-0.12672110,1.48281121,-1.01387537,-0.17882207,-2.92010212,0.374828,0.040152,0.099654,0.374382,0.039450,0.100000,0.001256,0.019961,0.010000,0.00087076,-0.00038813,-0.00048243,0.99999943,1
4.240000,0.03874728,-0.42588675,-0.12239439,1.49288082,-1.01082647,-0.18037862,-2.92329788,0.373836,0.042508,0.099643,0.373420,0.041772,0.100000,-0.001256,0.019961,0.010000,0.00087076,-0.00048298,-0.00038743,0.99999943,1
4.260000,0.02893248,-0.42871085,-0.11865184,1.50419641,-1.00768542,-0.18217543,-2.92648172,0.372765,0.044820,0.099627,0.372386,0.044062,0.100000,-0.003748,0.019646,0.010000,0.00085704,-0.00057020,-0.00028633,0.99999943,1
4.280000,0.01816439,-0.43096790,-0.11561573,1.51671731,-1.00453460,-0.18419926,-2.92963457,0.371618,0.047079,0.099620,0.371281,0.046319,0.100000,-0.006180,0.019021,0.010000,0.00082984,-0.00064844,-0.00018072,0.99999943,1
4.300000,0.00645925,-0.43256283,-0.11341247,1.53039849,-1.00142515,-0.18650745,-2.93273497,0.370398,0.049284,0.099618,0.370105,0.048540,0.100000,-0.008516,0.018097,0.010000,0.00078956,-0.00071645,-0.00007227,0.99999943,1
4.320000,-0.00616977,-0.43339989,-0.11218695,1.54515970,-0.99845695,-0.18906716,-2.93577719,0.369096,0.051436,0.099609,0.368859,0.050723,0.100000,-0.010717,0.016887,0.010000,0.00073684,-0.00077317,0.00003730,0.99999943,1
4.340000,-0.01969129,-0.43332973,-0.11203812,1.56092656,-0.99566376,-0.19190367,-2.93874073,0.367720,0.053539,0.099609,0.367546,0.052866,0.100000,-0.012748,0.015410,0.010000,0.00067252,-0.00081771,0.00014626,0.99999943,1
4.360000,-0.03400096,-0.43230078,-0.11302627,1.57757604,-0.99315935,-0.19503620,-2.94161272,0.366271,0.055588,0.099610,0.366166,0.054967,0.100000,-0.014579,0.013691,0.010000,0.00059759,-0.00084938,0.00025291,0.99999943,1
4.380000,-0.04899068,-0.43020442,-0.11527094,1.59488523,-0.99094373,-0.19844960,-2.94438696,0.364748,0.057572,0.099612,0.364721,0.057023,0.100000,-0.016180,0.011756,0.010000,0.00051325,-0.00086767,0.00035556,0.99999943,1
4.400000,-0.06462319,-0.42696422,-0.11883345,1.61281407,-0.98904002,-0.20211528,-2.94706440,0.363164,0.059514,0.099613,0.363212,0.059033,0.100000,-0.017526,0.009635,0.010000,0.00042080,-0.00087229,0.00045259,0.99999943,1
4.420000,-0.08074630,-0.42254493,-0.12374953,1.63125539,-0.98749632,-0.20610732,-2.94961548,0.361517,0.061420,0.099613,0.361641,0.060994,0.100000,-0.018596,0.007362,0.010000,0.00032172,-0.00086318,0.00054247,0.99999943,1
4.440000,-0.09715959,-0.41684571,-0.13006604,1.64995241,-0.98636955,-0.21038388,-2.95201349,0.359801,0.063276,0.099624,0.360009,0.062905,0.100000,-0.019372,0.004974,0.010000,0.00021755,-0.00084047,0.00062381,0.99999943,1
4.460000,-0.11375064,-0.40986747,-0.13776997,1.66870415,-0.98561561,-0.21492559,-2.95424461,0.358031,0.065085,0.099642,0.358317,0.064764,0.100000,-0.019842,0.002507,0.010000,0.00010993,-0.00080453,0.00069530,0.99999943,1
4.480000,-0.13035537,-0.40163726,-0.14682525,1.68736076,-0.98526657,-0.21975456,-2.95628738,0.356212,0.066853,0.099664,0.356569,0.066569,0.100000,-0.020000,-0.000000,0.010000,0.00000057,-0.00075592,0.00075584,0.99999943,1
4.500000,-0.14675291,-0.39218929,-0.15721294,1.70568693,-0.98534864,-0.22482249,-2.95810032,0.354339,0.068569,0.099686,0.354764,0.068317,0.100000,-0.019842,-0.002507,0.010000,-0.00010881,-0.00069540,0.00080447,0.99999943,1
4.520000,-0.16280806,-0.38151452,-0.16890875,1.72354126,-0.98579484,-0.23011324,-2.95968294,0.352416,0.070243,0.099718,0.352905,0.070009,0.100000,-0.019372,-0.004974,0.010000,-0.00021650,-0.00062392,0.00084043,0.99999943,1
4.540000,-0.17825471,-0.36972666,-0.18184410,1.74065328,-0.98659801,-0.23569027,-2.96094561,0.350441,0.071850,0.099750,0.350994,0.071641,0.100000,-0.018596,-0.007362,0.010000,-0.00032078,-0.00054260,0.00086316,0.99999943,1
4.560000,-0.19303365,-0.35691589,-0.19591241,1.75684023,-0.98775142,-0.24143277,-2.96188354,0.348418,0.073396,0.099779,0.349033,0.073212,0.100000,-0.017526,-0.009635,0.010000,-0.00042001,-0.00045273,0.00087229,0.99999943,1
4.580000,-0.20698631,-0.34325495,-0.21094564,1.77207184,-0.98921049,-0.24731511,-2.96247864,0.346373,0.074896,0.099802,0.347023,0.074721,0.100000,-0.016180,-0.011756,0.010000,-0.00051263,-0.00035570,0.00086768,0.99999943,1
4.600000,-0.22003534,-0.32877740,-0.22682995,1.78605795,-0.99103433,-0.25336912,-2.96270180,0.344281,0.076334,0.099833,0.344967,0.076166,0.100000,-0.014579,-0.013691,0.010000,-0.00059717,-0.00025306,0.00084941,0.99999943,1
4.620000,-0.23193322,-0.31357157,-0.24347636,1.79872370,-0.99314415,-0.25952938,-2.96256495,0.342145,0.077707,0.099891,0.342866,0.077546,0.100000,-0.012748,-0.015410,0.010000,-0.00067228,-0.00014642,0.00081777,0.99999943,1
4.640000,-0.24255069,-0.29790348,-0.26077348,1.80990076,-0.99545115,-0.26579216,-2.96204519,0.339972,0.078990,0.099945,0.340723,0.078859,0.100000,-0.010717,-0.016887,0.010000,-0.00073679,-0.00003746,0.00077325,0.99999943,1
4.660000,-0.25187987,-0.28191358,-0.27855477,1.81952536,-0.99789721,-0.27200463,-2.96115541,0.337778,0.080192,0.099996,0.338540,0.080105,0.100000,-0.008516,-0.018097,0.010000,-0.00078966,0.00007211,0.00071654,0.99999943,1
4.680000,-0.25984323,-0.26579630,-0.29673365,1.82757759,-1.00043333,-0.27811408,-2.95998430,0.335559,0.081309,0.100033,0.336319,0.081281,0.100000,-0.006180,-0.019021,0.010000,-0.00083007,0.00018056,0.00064854,0.99999943,1
4.700000,-0.26638967,-0.24964632,-0.31517035,1.83401477,-1.00300026,-0.28399783,-2.95855904,0.333318,0.082344,0.100071,0.334062,0.082386,0.100000,-0.003748,-0.019646,0.010000,-0.00085737,0.00028618,0.00057032,0.99999943,1
4.720000,-0.27145731,-0.23362455,-0.33377829,1.83881843,-1.00549388,-0.28964534,-2.95692301,0.331057,0.083286,0.100104,0.331772,0.083420,0.100000,-0.001256,-0.019961,0.010000,-0.00087113,0.00038729,0.00048311,0.99999943,1
4.740000,-0.27505100,-0.21789466,-0.35244468,1.84206808,-1.00785220,-0.29495829,-2.95514727,0.328781,0.084146,0.100127,0.329450,0.084382,0.100000,0.001256,-0.019961,0.010000,-0.00087113,0.00048230,0.00038827,0.99999943,1
4.760000,-0.27719733,-0.20252518,-0.37104294,1.84377801,-1.00999820,-0.29985774,-2.95329380,0.326493,0.084928,0.100154,0.327099,0.085270,0.100000,0.003748,-0.019646,0.010000,-0.00085737,0.00056971,0.00028731,0.99999943,1
4.780000,-0.27789035,-0.18766056,-0.38956225,1.84402943,-1.01182210,-0.30428469,-2.95144415,0.324186,0.085627,0.100165,0.324721,0.086085,0.100000,0.006180,-0.019021,0.010000,-0.00083007,0.00064813,0.00018180,0.99999943,1
4.800000,-0.27720705,-0.17340446,-0.40791523,1.84293580,-1.01333606,-0.30821112,-2.94956636,0.321847,0.086258,0.100156,0.322319,0.086823,0.100000,0.008516,-0.018097,0.010000,-0.00078966,0.00071633,0.00007341,0.99999943,1
4.820000,-0.27516541,-0.15981339,-0.42597079,1.84056056,-1.01445925,-0.31161419,-2.94774866,0.319483,0.086821,0.100142,0.319895,0.087487,0.100000,0.010717,-0.016887,0.010000,-0.00073679,0.00077323,-0.00003616,0.99999943,1
4.840000,-0.27184761,-0.14689332,-0.44364396,1.83696580,-1.01516509,-0.31452149,-2.94598341,0.317081,0.087320,0.100131,0.317451,0.088073,0.100000,0.012748,-0.015410,0.010000,-0.00067228,0.00081791,-0.00014516,0.99999943,1
4.860000,-0.26732308,-0.13477558,-0.46084780,1.83227885,-1.01542389,-0.31690615,-2.94423819,0.314645,0.087755,0.100110,0.314990,0.088583,0.100000,0.014579,-0.013691,0.010000,-0.00059717,0.00084968,-0.00025190,0.99999943,1
4.880000,-0.26169226,-0.12346999,-0.47741655,1.82660174,-1.01524484,-0.31880930,-2.94252634,0.312180,0.088136,0.100097,0.312515,0.089015,0.100000,0.016180,-0.011756,0.010000,-0.00051263,0.00086803,-0.00035467,0.99999943,1
4.900000,-0.25507107,-0.11299563,-0.49328709,1.82002568,-1.01459384,-0.32026103,-2.94081020,0.309683,0.088461,0.100088,0.310027,0.089369,0.100000,0.017526,-0.009635,0.010000,-0.00042001,0.00087267,-0.00045185,0.99999943,1
4.920000,-0.24753416,-0.10341790,-0.50826442,1.81258321,-1.01346397,-0.32130247,-2.93912268,0.307176,0.088717,0.100093,0.307529,0.089645,0.100000,0.018596,-0.007362,0.010000,-0.00032078,0.00086353,-0.00054192,0.99999943,1
4.940000,-0.23926820,-0.09476372,-0.52227241,1.80441785,-1.01189244,-0.32192904,-2.93743134,0.304661,0.088914,0.100104,0.305023,0.089842,0.100000,0.019372,-0.004974,0.010000,-0.00021650,0.00084075,-0.00062344,0.99999943,1
4.960000,-0.23044212,-0.08703987,-0.53522819,1.79566431,-1.00991714,-0.32222149,-2.93578148,0.302139,0.089054,0.100120,0.302513,0.089961,0.100000,0.019842,-0.002507,0.010000,-0.00010881,0.00080469,-0.00069513,0.99999943,1
4.980000,-0.22114997,-0.08029187,-0.54706258,1.78645623,-1.00754166,-0.32221550,-2.93419695,0.299627,0.089131,0.100136,0.300000,0.090000,0.100000,0.020000,0.000000,0.010000,0.00000057,0.00075592,-0.00075584,0.99999943,1
5.000000,-0.21151793,-0.07443308,-0.55776882,1.77688205,-1.00482094,-0.32191858,-2.93264294,0.297114,0.089137,0.100159,0.297487,0.089961,0.100000,0.019842,0.002507,0.010000,0.00010993,0.00069522,-0.00080462,0.99999943,1
5.020000,-0.20171319,-0.06946094,-0.56734073,1.76709390,-1.00176108,-0.32136852,-2.93116188,0.294609,0.089073,0.100180,0.294977,0.089842,0.100000,0.019372,0.004974,0.010000,0.00021755,0.00062355,-0.00084070,0.99999943,1
5.040000,-0.19187811,-0.06529529,-0.57578003,1.75719488,-0.99837512,-0.32062930,-2.92976522,0.292119,0.088930,0.100202,0.292471,0.089645,0.100000,0.018596,0.007362,0.010000,0.00032172,0.00054205,-0.00086350,0.99999943,1
5.060000,-0.18221761,-0.06189119,-0.58314544,1.74738443,-0.99470639,-0.31976500,-2.92842674,0.289642,0.088721,0.100215,0.289973,0.089369,0.100000,0.017526,0.009635,0.010000,0.00042080,0.00045199,-0.00087267,0.99999943,1
5.080000,-0.17280361,-0.05916633,-0.58948928,1.73776579,-0.99078923,-0.31879026,-2.92716551,0.287179,0.088433,0.100222,0.287485,0.089015,0.100000,0.016180,0.011756,0.010000,0.00051325,0.00035481,-0.00086805,0.99999943,1
5.100000,-0.16374038,-0.05698534,-0.59493381,1.72848034,-0.98664314,-0.31773031,-2.92599821,0.284723,0.088063,0.100227,0.285010,0.088583,0.100000,0.014579,0.013691,0.010000,0.00059759,0.00025205,-0.00084972,0.99999943,1
5.120000,-0.15523176,-0.05528096,-0.59956503,1.71966219,-0.98226571,-0.31660903,-2.92489719,0.282285,0.087617,0.100217,0.282549,0.088073,0.100000,0.012748,0.015410,0.010000,0.00067252,0.00014532,-0.00081797,0.99999943,1
5.140000,-0.14732111,-0.05398037,-0.60346925,1.71151459,-0.97772175,-0.31547329,-2.92386961,0.279866,0.087101,0.100200,0.280105,0.087487,0.100000,0.010717,0.016887,0.010000,0.00073684,0.00003632,-0.00077330,0.99999943,1
5.160000,-0.14010896,-0.05292985,-0.60676152,1.70410204,-0.97304606,-0.31437424,-2.92292643,0.277466,0.086510,0.100181,0.277681,0.086823,0.100000,0.008516,0.018097,0.010000,0.00078956,-0.00007324,-0.00071643,0.99999943,1
5.180000,-0.13364244,-0.05204711,-0.60954958,1.69753027,-0.96829176,-0.31332356,-2.92210245,0.275085,0.085844,0.100163,0.275279,0.086085,0.100000,0.006180,0.019021,0.010000,0.00082984,-0.00018164,-0.00064824,0.99999943,1
5.200000,-0.12794523,-0.05122913,-0.61194324,1.69186604,-0.96350414,-0.31230798,-2.92136097,0.272730,0.085098,0.100150,0.272901,0.085270,0.100000,0.003748,0.019646,0.010000,0.00085704,-0.00028715,-0.00056983,0.99999943,1
5.220000,-0.12310430,-0.05037055,-0.61410302,1.68717861,-0.95872444,-0.31137282,-2.92070198,0.270395,0.084276,0.100135,0.270550,0.084382,0.100000,0.001256,0.019961,0.010000,0.00087076,-0.00038813,-0.00048243,0.99999943,1
5.240000,-0.11909945,-0.04936249,-0.61610991,1.68349421,-0.95399129,-0.31049547,-2.92012310,0.268091,0.083375,0.100130,0.268228,0.083420,0.100000,-0.001256,0.019961,0.010000,0.00087076,-0.00048298,-0.00038743,0.99999943,1
5.260000,-0.11594174,-0.04815118,-0.61810201,1.68084180,-0.94938231,-0.30971783,-2.91960573,0.265814,0.082396,0.100126,0.265938,0.082386,0.100000,-0.003748,0.019646,0.010000,0.00085704,-0.00057020,-0.00028633,0.99999943,1
5.280000,-0.11361650,-0.04662988,-0.62023103,1.67918229,-0.94493347,-0.30904067,-2.91912651,0.263559,0.081334,0.100119,0.263681,0.081281,0.100000,-0.006180,0.019021,0.010000,0.00082984,-0.00064844,-0.00018072,0.99999943,1
5.300000,-0.11211203,-0.04472462,-0.62255883,1.67847753,-0.94072241,-0.30848905,-2.91866636,0.261334,0.080192,0.100115,0.261460,0.080105,0.100000,-0.008516,0.018097,0.010000,0.00078956,-0.00071645,-0.00007227,0.99999943,1
5.320000,-0.11138010,-0.04234881,-0.62523097,1.67867708,-0.93675393,-0.30803072,-2.91819239,0.259140,0.078968,0.100106,0.259277,0.078859,0.100000,-0.010717,0.016887,0.010000,0.00073684,-0.00077317,0.00003730,0.99999943,1
5.340000,-0.11136245,-0.03938549,-0.62830555,1.67972934,-0.93310529,-0.30769438,-2.91770601,0.256980,0.077670,0.100105,0.257134,0.077546,0.100000,-0.012748,0.015410,0.010000,0.00067252,-0.00081771,0.00014626,0.99999943,1
5.360000,-0.11201096,-0.03579019,-0.63190520,1.68152750,-0.92982417,-0.30749577,-2.91720438,0.254847,0.076298,0.100100,0.255033,0.076166,0.100000,-0.014579,0.013691,0.010000,0.00059759,-0.00084938,0.00025291,0.99999943,1
5.380000,-0.11321478,-0.03148173,-0.63610542,1.68396199,-0.92693269,-0.30739990,-2.91662741,0.252745,0.074853,0.100094,0.252977,0.074721,0.100000,-0.016180,0.011756,0.010000,0.00051325,-0.00086767,0.00035556,0.99999943,1
5.400000,-0.11485868,-0.02644251,-0.64093947,1.68686986,-0.92447597,-0.30739242,-2.91596031,0.250680,0.073331,0.100085,0.250967,0.073212,0.100000,-0.017526,0.009635,0.010000,0.00042080,-0.00087229,0.00045259,0.99999943,1
5.420000,-0.11683392,-0.02060218,-0.64644468,1.69012964,-0.92249441,-0.30746737,-2.91518164,0.248652,0.071739,0.100080,0.249006,0.071641,0.100000,-0.018596,0.007362,0.010000,0.00032172,-0.00086318,0.00054247,0.99999943,1
5.440000,-0.11902563,-0.01397545,-0.65262061,1.69359171,-0.92101979,-0.30761123,-2.91428089,0.246670,0.070079,0.100076,0.247095,0.070009,0.100000,-0.019372,0.004974,0.010000,0.00021755,-0.00084048,0.00062381,0.99999943,1
5.460000,-0.12130539,-0.00655416,-0.65954083,1.69710469,-0.92002219,-0.30782098,-2.91323614,0.244731,0.068356,0.100064,0.245236,0.068318,0.100000,-0.019842,0.002507,0.010000,0.00010993,-0.00080453,0.00069530,0.99999943,1
5.480000,-0.12346330,0.00167942,-0.66714555,1.70046115,-0.91953230,-0.30805060,-2.91202545,0.242844,0.066561,0.100060,0.243432,0.066569,0.100000,-0.020000,-0.000000,0.010000,0.00000057,-0.00075592,0.00075584,0.99999943,1
5.500000,-0.12536125,0.01063787,-0.67539144,1.70350051,-0.91952372,-0.30827197,-2.91062832,0.241024,0.064698,0.100058,0.241682,0.064764,0.100000,-0.019842,-0.002507,0.010000,-0.00010881,-0.00069540,0.00080447,0.99999943,1
5.520000,-0.12688063,0.02031682,-0.68427253,1.70605171,-0.92002368,-0.30842656,-2.90902185,0.239261,0.062771,0.100060,0.239991,0.062905,0.100000,-0.019372,-0.004974,0.010000,-0.00021650,-0.00062392,0.00084043,0.99999943,1
5.540000,-0.12788819,0.03062768,-0.69372791,1.70797527,-0.92103469,-0.30850315,-2.90721130,0.237560,0.060789,0.100063,0.238359,0.060994,0.100000,-0.018596,-0.007362,0.010000,-0.00032078,-0.00054260,0.00086316,0.99999943,1
5.560000,-0.12826519,0.04148447,-0.70363402,1.70910144,-0.92258406,-0.30846480,-2.90517235,0.235928,0.058753,0.100076,0.236788,0.059033,0.100000,-0.017526,-0.009635,0.010000,-0.00042001,-0.00045273,0.00087229,0.99999943,1
5.580000,-0.12785798,0.05271951,-0.71390039,1.70931304,-0.92460847,-0.30827802,-2.90293217,0.234383,0.056668,0.100092,0.235279,0.057023,0.100000,-0.016180,-0.011756,0.010000,-0.00051263,-0.00035571,0.00086768,0.99999943,1
5.600000,-0.12654780,0.06424305,-0.72449809,1.70843637,-0.92707539,-0.30787694,-2.90049458,0.232915,0.054530,0.100105,0.233834,0.054967,0.100000,-0.014579,-0.013691,0.010000,-0.00059717,-0.00025307,0.00084941,0.99999943,1
5.620000,-0.12426950,0.07597394,-0.73530477,1.70635748,-0.92996067,-0.30723867,-2.89785576,0.231528,0.052348,0.100121,0.232454,0.052866,0.100000,-0.012748,-0.015410,0.010000,-0.00067228,-0.00014642,0.00081777,0.99999943,1
5.640000,-0.12095882,0.08775084,-0.74624413,1.70298338,-0.93326795,-0.30634779,-2.89500570,0.230214,0.050128,0.100133,0.231141,0.050723,0.100000,-0.010717,-0.016887,0.010000,-0.00073679,-0.00003746,0.00077325,0.99999943,1
5.660000,-0.11650614,0.09939736,-0.75714958,1.69823325,-0.93695116,-0.30514729,-2.89193964,0.228990,0.047871,0.100144,0.229895,0.048540,0.100000,-0.008516,-0.018097,0.010000,-0.00078966,0.00007211,0.00071654,0.99999943,1
5.680000,-0.11091107,0.11083876,-0.76797622,1.69207191,-0.94093144,-0.30367762,-2.88863611,0.227845,0.045588,0.100150,0.228719,0.046319,0.100000,-0.006180,-0.019021,0.010000,-0.00083007,0.00018056,0.00064854,0.99999943,1
5.700000,-0.10410769,0.12194636,-0.77858680,1.68440080,-0.94516212,-0.30196032,-2.88506842,0.226781,0.043274,0.100154,0.227614,0.044062,0.100000,-0.003748,-0.019646,0.010000,-0.00085737,0.00028618,0.00057032,0.99999943,1
5.720000,-0.09607583,0.13256229,-0.78891772,1.67529094,-0.94961083,-0.30004060,-2.88124180,0.225788,0.040943,0.100147,0.226580,0.041772,0.100000,-0.001256,-0.019961,0.010000,-0.00087113,0.00038729,0.00048311,0.99999943,1
5.740000,-0.08684929,0.14260200,-0.79886490,1.66468704,-0.95419300,-0.29795560,-2.87706470,0.224865,0.038596,0.100128,0.225618,0.039450,0.100000,0.001256,-0.019961,0.010000,-0.00087113,0.00048230,0.00038827,0.99999943,1
5.760000,-0.07645556,0.15196918,-0.80828917,1.65264416,-0.95881748,-0.29580185,-2.87246227,0.224021,0.036241,0.100103,0.224730,0.037099,0.100000,0.003748,-0.019646,0.010000,-0.00085737,0.00056971,0.00028731,0.99999943,1
5.780000,-0.06482621,0.16052625,-0.81708527,1.63927007,-0.96344149,-0.29369879,-2.86738396,0.223252,0.033881,0.100071,0.223915,0.034721,0.100000,0.006180,-0.019021,0.010000,-0.00083007,0.00064813,0.00018180,0.99999943,1
5.800000,-0.05200014,0.16816685,-0.82513690,1.62472963,-0.96800113,-0.29179159,-2.86180115,0.222562,0.031532,0.100036,0.223177,0.032319,0.100000,0.008516,-0.018097,0.010000,-0.00078966,0.00071633,0.00007341,0.99999943,1
5.820000,-0.03799688,0.17487712,-0.83231622,1.60906672,-0.97244495,-0.29016334,-2.85569191,0.221951,0.029187,0.100007,0.222513,0.029895,0.100000,0.010717,-0.016887,0.010000,-0.00073679,0.00077323,-0.00003616,0.99999943,1
5.840000,-0.02284875,0.18056518,-0.83858997,1.59248877,-0.97674793,-0.28889492,-2.84913826,0.221405,0.026858,0.099974,0.221927,0.027451,0.100000,0.012748,-0.015410,0.010000,-0.00067228,0.00081791,-0.00014516,0.99999943,1
5.860000,-0.00656770,0.18516769,-0.84382379,1.57511103,-0.98090237,-0.28798175,-2.84224796,0.220930,0.024541,0.099944,0.221417,0.024991,0.100000,0.014579,-0.013691,0.010000,-0.00059717,0.00084968,-0.00025190,0.99999943,1
5.880000,0.01078170,0.18871345,-0.84791231,1.55702913,-0.98486233,-0.28732911,-2.83517742,0.220534,0.022229,0.099922,0.220985,0.022515,0.100000,0.016180,-0.011756,0.010000,-0.00051263,0.00086803,-0.00035467,0.99999943,1
5.900000,0.02904736,0.19125777,-0.85080737,1.53841245,-0.98865044,-0.28677309,-2.82816172,0.220211,0.019930,0.099907,0.220631,0.020027,0.100000,0.017526,-0.009635,0.010000,-0.00042001,0.00087267,-0.00045185,0.99999943,1
5.920000,0.04811611,0.19282858,-0.85240173,1.51929331,-0.99226582,-0.28617167,-2.82135344,0.219969,0.017625,0.099903,0.220355,0.017529,0.100000,0.018596,-0.007362,0.010000,-0.00032078,0.00086353,-0.00054192,0.99999943,1
5.940000,0.06783737,0.19346598,-0.85264874,1.49974549,-0.99566913,-0.28536242,-2.81489134,0.219817,0.015303,0.099905,0.220158,0.015023,0.100000,0.019372,-0.004974,0.010000,-0.00021650,0.00084075,-0.00062344,0.99999943,1
5.960000,0.08792212,0.19319019,-0.85151702,1.47985888,-0.99889308,-0.28424403,-2.80891943,0.219752,0.012962,0.099906,0.220039,0.012513,0.100000,0.019842,-0.002507,0.010000,-0.00010882,0.00080469,-0.00069513,0.99999943,1
5.980000,0.10818709,0.19207002,-0.84898937,1.45976925,-1.00195992,-0.28271022,-2.80344915,0.219771,0.010600,0.099908,0.220000,0.010000,0.100000,0.020000,0.000000,0.010000,0.00000057,0.00075592,-0.00075584,0.99999943,1
6.000000,0.12847370,0.19015636,-0.84511727,1.43946445,-1.00476170,-0.28067565,-2.79857540,0.219883,0.008189,0.099900,0.220039,0.007487,0.100000,0.019842,0.002507,0.010000,0.00010993,0.00069522,-0.00080462,0.99999943,1
6.020000,0.14846283,0.18750180,-0.83995068,1.41916096,-1.00726950,-0.27811360,-2.79432726,0.220085,0.005751,0.099883,0.220158,0.004977,0.100000,0.019372,0.004974,0.010000,0.00021755,0.00062355,-0.00084070,0.99999943,1
6.040000,0.16793931,0.18416575,-0.83353996,1.39895356,-1.00944591,-0.27504125,-2.79065323,0.220380,0.003279,0.099859,0.220355,0.002471,0.100000,0.018596,0.007362,0.010000,0.00032172,0.00054205,-0.00086350,0.99999943,1
6.060000,0.18672402,0.18016925,-0.82601476,1.37900937,-1.01121879,-0.27152619,-2.78745365,0.220760,0.000781,0.099824,0.220631,-0.000027,0.100000,0.017526,0.009635,0.010000,0.00042080,0.00045199,-0.00087267,0.99999943,1
6.080000,0.20466170,0.17554297,-0.81746155,1.35948372,-1.01258504,-0.26767376,-2.78464746,0.221218,-0.001742,0.099786,0.220985,-0.002515,0.100000,0.016180,0.011756,0.010000,0.00051325,0.00035481,-0.00086805,0.99999943,1
6.100000,0.22157568,0.17032585,-0.80806506,1.34059167,-1.01347768,-0.26358172,-2.78224134,0.221741,-0.004270,0.099743,0.221417,-0.004991,0.100000,0.014579,0.013691,0.010000,0.00059759,0.00025205,-0.00084972,0.99999943,1
6.120000,0.23736881,0.16453822,-0.79788917,1.32251441,-1.01384044,-0.25930876,-2.78017759,0.222342,-0.006793,0.099709,0.221927,-0.007451,0.100000,0.012748,0.015410,0.010000,0.00067252,0.00014532,-0.00081797,0.99999943,1
6.140000,0.25195140,0.15822484,-0.78712118,1.30536485,-1.01364696,-0.25494206,-2.77843475,0.223006,-0.009307,0.099683,0.222513,-0.009895,0.100000,0.010717,0.016887,0.010000,0.00073684,0.00003632,-0.00077330,0.99999943,1
6.160000,0.26526394,0.15143608,-0.77592856,1.28934896,-1.01291156,-0.25057843,-2.77692366,0.223718,-0.011794,0.099669,0.223177,-0.012319,0.100000,0.008516,0.018097,0.010000,0.00078956,-0.00007325,-0.00071643,0.99999943,1
6.180000,0.27733195,0.14416677,-0.76438785,1.27453673,-1.01159596,-0.24622695,-2.77568245,0.224496,-0.014257,0.099672,0.223915,-0.014721,0.100000,0.006180,0.019021,0.010000,0.00082984,-0.00018164,-0.00064824,0.99999943,1
6.200000,0.28814080,0.13646035,-0.75263256,1.26100492,-1.00971460,-0.24189934,-2.77465677,0.225340,-0.016693,0.099692,0.224730,-0.017099,0.100000,0.003748,0.019646,0.010000,0.00085704,-0.00028715,-0.00056983,0.99999943,1
6.220000,0.29768109,0.12831402,-0.74078715,1.24880469,-1.00728965,-0.23763050,-2.77383709,0.226253,-0.019095,0.099723,0.225618,-0.019450,0.100000,0.001256,0.019961,0.010000,0.00087076,-0.00038813,-0.00048243,0.99999943,1
6.240000,0.30595300,0.11979755,-0.72897696,1.23806286,-1.00437307,-0.23343982,-2.77321815,0.227233,-0.021446,0.099769,0.226580,-0.021772,0.100000,-0.001256,0.019961,0.010000,0.00087076,-0.00048298,-0.00038743,0.99999943,1
6.260000,0.31300488,0.11093001,-0.71733248,1.22872722,-1.00099933,-0.22930409,-2.77274513,0.228282,-0.023751,0.099816,0.227614,-0.024062,0.100000,-0.003748,0.019646,0.010000,0.00085704,-0.00057020,-0.00028633,0.99999943,1
6.280000,0.31887138,0.10171857,-0.70594776,1.22083819,-0.99729776,-0.22525854,-2.77241659,0.229394,-0.026000,0.099857,0.228719,-0.026319,0.100000,-0.006180,0.019021,0.010000,0.00082984,-0.00064844,-0.00018072,0.99999943,1
6.300000,0.32359090,0.09235649,-0.69491196,1.21431971,-0.99331486,-0.22133052,-2.77219009,0.230573,-0.028203,0.099900,0.229896,-0.028540,0.100000,-0.008516,0.018097,0.010000,0.00078956,-0.00071645,-0.00007227,0.99999943,1
6.320000,0.32722074,0.08293067,-0.68430686,1.20912111,-0.98919821,-0.21750769,-2.77204180,0.231808,-0.030362,0.099943,0.231141,-0.030723,0.100000,-0.010717,0.016887,0.010000,0.00073684,-0.00077317,0.00003730,0.99999943,1
6.340000,0.32982343,0.07353083,-0.67422378,1.20521390,-0.98499578,-0.21379586,-2.77196121,0.233105,-0.032469,0.099981,0.232454,-0.032866,0.100000,-0.012748,0.015410,0.010000,0.00067252,-0.00081771,0.00014626,0.99999943,1
6.360000,0.33146995,0.06428061,-0.66471976,1.20248342,-0.98078543,-0.21020503,-2.77191353,0.234464,-0.034532,0.100016,0.233834,-0.034967,0.100000,-0.014579,0.013691,0.010000,0.00059759,-0.00084938,0.00025291,0.99999943,1
6.380000,0.33227676,0.05528149,-0.65585870,1.20084679,-0.97668910,-0.20677307,-2.77186871,0.235876,-0.036554,0.100044,0.235279,-0.037023,0.100000,-0.016180,0.011756,0.010000,0.00051325,-0.00086767,0.00035556,0.99999943,1
6.400000,0.33227378,0.04658762,-0.64767522,1.20019829,-0.97278583,-0.20349394,-2.77182388,0.237345,-0.038528,0.100062,0.236788,-0.039033,0.100000,-0.017526,0.009635,0.010000,0.00042080,-0.00087229,0.00045259,0.99999943,1
6.420000,0.33160213,0.03834075,-0.64020962,1.20041358,-0.96914864,-0.20041282,-2.77175426,0.238864,-0.040462,0.100074,0.238359,-0.040994,0.100000,-0.018596,0.007362,0.010000,0.00032172,-0.00086318,0.00054248,0.99999943,1
6.440000,0.33032119,0.03063120,-0.63350022,1.20140219,-0.96585304,-0.19751638,-2.77165699,0.240429,-0.042346,0.100081,0.239991,-0.042905,0.100000,-0.019372,0.004974,0.010000,0.00021755,-0.00084047,0.00062381,0.99999943,1
6.460000,0.32854649,0.02354241,-0.62749010,1.20299411,-0.96298945,-0.19484276,-2.77150488,0.242045,-0.044192,0.100094,0.241682,-0.044764,0.100000,-0.019842,0.002507,0.010000,0.00010993,-0.00080453,0.00069530,0.99999943,1
6.480000,0.32644147,0.01709702,-0.62216926,1.20505226,-0.96058786,-0.19237079,-2.77131033,0.243719,-0.045999,0.100109,0.243431,-0.046569,0.100000,-0.020000,-0.000000,0.010000,0.00000057,-0.00075592,0.00075584,0.99999943,1
6.500000,0.32412413,0.01131877,-0.61752540,1.20744026,-0.95872307,-0.19009529,-2.77107239,0.245444,-0.047764,0.100123,0.245236,-0.048317,0.100000,-0.019842,-0.002507,0.010000,-0.00010882,-0.00069540,0.00080447,0.99999943,1
6.520000,0.32167265,0.00618098,-0.61355120,1.21000946,-0.95739871,-0.18800665,-2.77077913,0.247221,-0.049477,0.100125,0.247095,-0.050009,0.100000,-0.019372,-0.004974,0.010000,-0.00021650,-0.00062392,0.00084043,0.99999943,1
6.540000,0.31924900,0.00170319,-0.61016744,1.21258974,-0.95668101,-0.18611085,-2.77040339,0.249048,-0.051146,0.100123,0.249006,-0.051641,0.100000,-0.018596,-0.007363,0.010000,-0.00032078,-0.00054260,0.00086316,0.99999943,1
6.560000,0.31695431,-0.00215692,-0.60727042,1.21504486,-0.95660079,-0.18436250,-2.76994991,0.250936,-0.052766,0.100118,0.250967,-0.053212,0.100000,-0.017526,-0.009635,0.010000,-0.00042002,-0.00045272,0.00087229,0.99999943,1
6.580000,0.31490165,-0.00542141,-0.60478675,1.21724832,-0.95714641,-0.18277472,-2.76941776,0.252885,-0.054332,0.100114,0.252977,-0.054721,0.100000,-0.016180,-0.011756,0.010000,-0.00051263,-0.00035571,0.00086768,0.99999943,1
6.600000,0.31320119,-0.00814847,-0.60260022,1.21907079,-0.95836413,-0.18129580,-2.76880264,0.254897,-0.055843,0.100113,0.255033,-0.056166,0.100000,-0.014579,-0.013691,0.010000,-0.00059716,-0.00025307,0.00084942,0.99999943,1
6.620000,0.31195980,-0.01040233,-0.60066956,1.22038484,-0.96025652,-0.17995414,-2.76812792,0.256955,-0.057295,0.100106,0.257134,-0.057546,0.100000,-0.012748,-0.015410,0.010000,-0.00067228,-0.00014642,0.00081777,0.99999943,1
6.640000,0.31126213,-0.01228691,-0.59885722,1.22107899,-0.96280843,-0.17869523,-2.76741266,0.259070,-0.058686,0.100092,0.259277,-0.058859,0.100000,-0.010717,-0.016887,0.010000,-0.00073679,-0.00003746,0.00077325,0.99999943,1
6.660000,0.31115863,-0.01385524,-0.59706032,1.22108340,-0.96598583,-0.17751347,-2.76666737,0.261240,-0.060007,0.100079,0.261460,-0.060105,0.100000,-0.008516,-0.018097,0.010000,-0.00078966,0.00007211,0.00071654,0.99999943,1
6.680000,0.31173107,-0.01522533,-0.59518135,1.22030461,-0.96980762,-0.17639261,-2.76588202,0.263452,-0.061259,0.100056,0.263681,-0.061281,0.100000,-0.006180,-0.019021,0.010000,-0.00083007,0.00018056,0.00064854,0.99999943,1
6.700000,0.31301996,-0.01647688,-0.59305394,1.21872997,-0.97419733,-0.17532118,-2.76506281,0.265722,-0.062436,0.100036,0.265938,-0.062386,0.100000,-0.003748,-0.019646,0.010000,-0.00085737,0.00028618,0.00057032,0.99999943,1
6.720000,0.31503117,-0.01772139,-0.59057134,1.21633673,-0.97912246,-0.17428096,-2.76423931,0.268043,-0.063530,0.100017,0.268228,-0.063420,0.100000,-0.001256,-0.019961,0.010000,-0.00087113,0.00038729,0.00048311,0.99999943,1
6.740000,0.31777120,-0.01902562,-0.58762956,1.21311510,-0.98455000,-0.17325477,-2.76343107,0.270407,-0.064539,0.100003,0.270550,-0.064382,0.100000,0.001256,-0.019961,0.010000,-0.00087113,0.00048230,0.00038827,0.99999943,1
6.760000,0.32127148,-0.02048685,-0.58414185,1.20904207,-0.99043369,-0.17226225,-2.76264477,0.272804,-0.065468,0.099987,0.272901,-0.065270,0.100000,0.003748,-0.019646,0.010000,-0.00085737,0.00056971,0.00028731,0.99999943,1
6.780000,0.32552961,-0.02222707,-0.57996482,1.20417070,-0.99665332,-0.17126854,-2.76190424,0.275249,-0.066312,0.099972,0.275279,-0.066085,0.100000,0.006180,-0.019021,0.010000,-0.00083007,0.00064813,0.00018180,0.99999943,1
6.800000,0.33048618,-0.02431939,-0.57500714,1.19852686,-1.00323224,-0.17032826,-2.76124096,0.277721,-0.067075,0.099960,0.277681,-0.066823,0.100000,0.008516,-0.018097,0.010000,-0.00078966,0.00071633,0.00007341,0.99999943,1
6.820000,0.33607671,-0.02686155,-0.56916910,1.19225192,-1.01006413,-0.16941501,-2.76065111,0.280226,-0.067742,0.099954,0.280105,-0.067487,0.100000,0.010717,-0.016887,0.010000,-0.00073679,0.00077323,-0.00003616,0.99999943,1
6.840000,0.34226474,-0.02995816,-0.56235564,1.18536401,-1.01705158,-0.16854784,-2.76018572,0.282766,-0.068323,0.099950,0.282549,-0.068073,0.100000,0.012748,-0.015410,0.010000,-0.00067228,0.00081791,-0.00014516,0.99999943,1
6.860000,0.34901822,-0.03365444,-0.55449569,1.17797482,-1.02412271,-0.16772276,-2.75988674,0.285338,-0.068821,0.099951,0.285010,-0.068583,0.100000,0.014579,-0.013691,0.010000,-0.00059717,0.00084968,-0.00025189,0.99999943,1
6.880000,0.35624376,-0.03803910,-0.54556274,1.17015958,-1.03123987,-0.16689873,-2.75981474,0.287928,-0.069239,0.099949,0.287485,-0.069015,0.100000,0.016180,-0.011756,0.010000,-0.00051263,0.00086803,-0.00035467,0.99999943,1
6.900000,0.36381140,-0.04315703,-0.53551221,1.16208935,-1.03831923,-0.16605726,-2.76003075,0.290533,-0.069565,0.099950,0.289973,-0.069369,0.100000,0.017526,-0.009635,0.010000,-0.00042001,0.00087267,-0.00045185,0.99999943,1
6.920000,0.37159854,-0.04902349,-0.52431309,1.15381467,-1.04528153,-0.16514471,-2.76059628,0.293152,-0.069812,0.099960,0.292471,-0.069645,0.100000,0.018596,-0.007362,0.010000,-0.00032078,0.00086353,-0.00054192,0.99999943,1
6.940000,0.37953034,-0.05570795,-0.51194167,1.14539063,-1.05202365,-0.16405702,-2.76159096,0.295795,-0.069990,0.099972,0.294977,-0.069842,0.100000,0.019372,-0.004974,0.010000,-0.00021650,0.00084075,-0.00062344,0.99999943,1
6.960000,0.38738939,-0.06318702,-0.49853361,1.13696420,-1.05845809,-0.16274166,-2.76307821,0.298433,-0.070083,0.099985,0.297487,-0.069961,0.100000,0.019842,-0.002507,0.010000,-0.00010881,0.00080469,-0.00069513,0.99999943,1
6.980000,0.39505908,-0.07147559,-0.48415461,1.12866759,-1.06451380,-0.16117010,-2.76507282,0.301055,-0.070089,0.099995,0.300000,-0.070000,0.100000,0.020000,0.000000,0.010000,0.00000057,0.00075592,-0.00075584,0.99999943,1
7.000000,0.40242064,-0.08059920,-0.46885654,1.12059462,-1.07005060,-0.15928847,-2.76759672,0.303673,-0.070008,0.099998,0.302513,-0.069961,0.100000,0.019842,0.002507,0.010000,0.00010993,0.00069522,-0.00080462,0.99999943,1
7.020000,0.40933254,-0.09040920,-0.45275030,1.11285102,-1.07496691,-0.15705991,-2.77061892,0.306272,-0.069845,0.100015,0.305023,-0.069842,0.100000,0.019372,0.004974,0.010000,0.00021755,0.00062355,-0.00084070,0.99999943,1
7.040000,0.41566238,-0.10097424,-0.43593299,1.10550833,-1.07916379,-0.15449503,-2.77412176,0.308860,-0.069598,0.100031,0.307529,-0.069645,0.100000,0.018596,0.007362,0.010000,0.00032172,0.00054205,-0.00086350,0.99999943,1
7.060000,0.42126423,-0.11221605,-0.41856509,1.09870303,-1.08264351,-0.15168360,-2.77803898,0.311406,-0.069263,0.100053,0.310027,-0.069369,0.100000,0.017526,0.009635,0.010000,0.00042080,0.00045199,-0.00087267,0.99999943,1
7.080000,0.42614365,-0.12409778,-0.40077287,1.09252584,-1.08530331,-0.14866117,-2.78227282,0.313912,-0.068848,0.100069,0.312515,-0.069015,0.100000,0.016180,0.011756,0.010000,0.00051325,0.00035481,-0.00086805,0.99999943,1
7.100000,0.43014991,-0.13663477,-0.38263711,1.08712733,-1.08710730,-0.14551936,-2.78674030,0.316386,-0.068340,0.100082,0.314990,-0.068583,0.100000,0.014579,0.013691,0.010000,0.00059759,0.00025205,-0.00084972,0.99999943,1
7.120000,0.43319198,-0.14975791,-0.36429101,1.08263826,-1.08804321,-0.14231065,-2.79135609,0.318819,-0.067732,0.100097,0.317451,-0.068073,0.100000,0.012748,0.015410,0.010000,0.00067252,0.00014532,-0.00081797,0.99999943,1
7.140000,0.43530309,-0.16343634,-0.34583822,1.07910168,-1.08811462,-0.13913441,-2.79604816,0.321215,-0.067042,0.100099,0.319895,-0.067487,0.100000,0.010717,0.016887,0.010000,0.00073684,0.00003632,-0.00077330,0.99999943,1
7.160000,0.43638644,-0.17768298,-0.32734233,1.07664692,-1.08735561,-0.13598612,-2.80079484,0.323587,-0.066256,0.100088,0.322319,-0.066823,0.100000,0.008516,0.018097,0.010000,0.00078956,-0.00007324,-0.00071643,0.99999943,1
7.180000,0.43643183,-0.19234219,-0.30890793,1.07534683,-1.08585036,-0.13293454,-2.80546689,0.325921,-0.065389,0.100076,0.324721,-0.066085,0.100000,0.006180,0.019021,0.010000,0.00082984,-0.00018164,-0.00064824,0.99999943,1
7.200000,0.43541121,-0.20730725,-0.29060933,1.07529938,-1.08363628,-0.13001242,-2.81006074,0.328226,-0.064444,0.100072,0.327099,-0.065270,0.100000,0.003748,0.019646,0.010000,0.00085704,-0.00028715,-0.00056983,0.99999943,1
7.220000,0.43336380,-0.22245079,-0.27259940,1.07652164,-1.08080971,-0.12727930,-2.81453490,0.330486,-0.063437,0.100073,0.329450,-0.064382,0.100000,0.001256,0.019961,0.010000,0.00087076,-0.00038813,-0.00048243,0.99999943,1
7.240000,0.43023035,-0.23774073,-0.25498706,1.07908463,-1.07737792,-0.12473378,-2.81890416,0.332716,-0.062355,0.100068,0.331772,-0.063420,0.100000,-0.001256,0.019961,0.010000,0.00087076,-0.00048298,-0.00038743,0.99999943,1
7.260000,0.42597544,-0.25311247,-0.23785831,1.08304024,-1.07341838,-0.12230688,-2.82315421,0.334925,-0.061189,0.100056,0.334062,-0.062386,0.100000,-0.003748,0.019646,0.010000,0.00085704,-0.00057020,-0.00028633,0.99999943,1
7.280000,0.42060727,-0.26837754,-0.22133341,1.08840573,-1.06901383,-0.12005740,-2.82727742,0.337104,-0.059953,0.100049,0.336319,-0.061281,0.100000,-0.006180,0.019021,0.010000,0.00082984,-0.00064844,-0.00018072,0.99999943,1
7.300000,0.41415000,-0.28343487,-0.20551172,1.09517348,-1.06424379,-0.11800809,-2.83128047,0.339255,-0.058649,0.100043,0.338540,-0.060105,0.100000,-0.008516,0.018097,0.010000,0.00078956,-0.00071645,-0.00007227,0.99999943,1
7.320000,0.40667546,-0.29814938,-0.19055036,1.10329378,-1.05918515,-0.11616609,-2.83519769,0.341371,-0.057289,0.100030,0.340723,-0.058859,0.100000,-0.010717,0.016887,0.010000,0.00073684,-0.00077317,0.00003730,0.99999943,1
7.340000,0.39813176,-0.31234860,-0.17656778,1.11266422,-1.05394316,-0.11449607,-2.83899522,0.343440,-0.055883,0.100022,0.342866,-0.057546,0.100000,-0.012748,0.015410,0.010000,0.00067252,-0.00081771,0.00014626,0.99999943,1
7.360000,0.38856855,-0.32595202,-0.16373022,1.12329531,-1.04858530,-0.11307292,-2.84272075,0.345451,-0.054420,0.100001,0.344967,-0.056166,0.100000,-0.014579,0.013691,0.010000,0.00059759,-0.00084938,0.00025291,0.99999943,1
7.380000,0.37803936,-0.33885643,-0.15211315,1.13507867,-1.04320574,-0.11185242,-2.84630418,0.347404,-0.052907,0.099966,0.347023,-0.054721,0.100000,-0.016180,0.011756,0.010000,0.00051325,-0.00086767,0.00035556,0.99999943,1
7.400000,0.36660624,-0.35088596,-0.14172670,1.14788842,-1.03785264,-0.11091175,-2.84975982,0.349309,-0.051365,0.099943,0.349033,-0.053212,0.100000,-0.017526,0.009635,0.010000,0.00042080,-0.00087229,0.00045259,0.99999943,1
7.420000,0.35437369,-0.36199716,-0.13261633,1.16167629,-1.03260589,-0.11021067,-2.85304999,0.351170,-0.049787,0.099924,0.350994,-0.051641,0.100000,-0.018596,0.007363,0.010000,0.00032172,-0.00086318,0.00054247,0.99999943,1
7.440000,0.34136149,-0.37215418,-0.12481049,1.17631364,-1.02755547,-0.10981565,-2.85619283,0.352987,-0.048170,0.099905,0.352905,-0.050009,0.100000,-0.019372,0.004974,0.010000,0.00021755,-0.00084047,0.00062381,0.99999943,1
7.460000,0.32770413,-0.38124114,-0.11843167,1.19162953,-1.02276742,-0.10972428,-2.85917735,0.354738,-0.046521,0.099878,0.354764,-0.048317,0.100000,-0.019842,0.002507,0.010000,0.00010993,-0.00080453,0.00069530,0.99999943,1
7.480000,0.31350115,-0.38921916,-0.11338297,1.20757222,-1.01826859,-0.10997601,-2.86202502,0.356447,-0.044834,0.099863,0.356569,-0.046569,0.100000,-0.020000,-0.000000,0.010000,0.00000057,-0.00075592,0.00075584,0.99999943,1
7.500000,0.29888904,-0.39608410,-0.10969465,1.22391295,-1.01418900,-0.11061316,-2.86470246,0.358094,-0.043118,0.099843,0.358317,-0.044764,0.100000,-0.019842,-0.002507,0.010000,-0.00010882,-0.00069540,0.00080447,0.99999943,1
7.520000,0.28399500,-0.40181985,-0.10734244,1.24049377,-1.01052892,-0.11159898,-2.86723113,0.359685,-0.041370,0.099818,0.360009,-0.042905,0.100000,-0.019372,-0.004974,0.010000,-0.00021650,-0.00062392,0.00084043,0.99999943,1
7.540000,0.26894063,-0.40638101,-0.10623133,1.25722611,-1.00734055,-0.11293754,-2.86956525,0.361225,-0.039584,0.099814,0.361641,-0.040994,0.100000,-0.018596,-0.007362,0.010000,-0.00032078,-0.00054260,0.00086316,0.99999943,1
7.560000,0.25384003,-0.40987700,-0.10631328,1.27393734,-1.00459695,-0.11463162,-2.87171769,0.362720,-0.037749,0.099806,0.363212,-0.039033,0.100000,-0.017526,-0.009635,0.010000,-0.00042001,-0.00045273,0.00087229,0.99999943,1
7.580000,0.23887756,-0.41233408,-0.10752327,1.29044735,-1.00231838,-0.11667310,-2.87368608,0.364167,-0.035870,0.099792,0.364721,-0.037023,0.100000,-0.016180,-0.011756,0.010000,-0.00051263,-0.00035570,0.00086768,0.99999943,1
7.600000,0.22416806,-0.41377950,-0.10973346,1.30662882,-1.00054955,-0.11902934,-2.87547946,0.365564,-0.033941,0.099790,0.366166,-0.034967,0.100000,-0.014579,-0.013691,0.010000,-0.00059717,-0.00025307,0.00084941,0.99999943,1
7.620000,0.20992649,-0.41427454,-0.11286011,1.32223403,-0.99928880,-0.12168387,-2.87705827,0.366904,-0.031982,0.099792,0.367546,-0.032866,0.100000,-0.012748,-0.015410,0.010000,-0.00067228,-0.00014642,0.00081777,0.99999943,1
7.640000,0.19625168,-0.41395396,-0.11675714,1.33716011,-0.99852598,-0.12459440,-2.87845111,0.368193,-0.029982,0.099793,0.368859,-0.030723,0.100000,-0.010717,-0.016887,0.010000,-0.00073679,-0.00003746,0.00077325,0.99999943,1
7.660000,0.18326934,-0.41293305,-0.12130623,1.35131478,-0.99822128,-0.12767643,-2.87966561,0.369432,-0.027933,0.099789,0.370105,-0.028540,0.100000,-0.008516,-0.018097,0.010000,-0.00078966,0.00007211,0.00071654,0.99999943,1
7.680000,0.17103273,-0.41128927,-0.12636757,1.36456347,-0.99839902,-0.13089088,-2.88068175,0.370612,-0.025837,0.099787,0.371281,-0.026319,0.100000,-0.006180,-0.019021,0.010000,-0.00083007,0.00018056,0.00064854,0.99999943,1
7.700000,0.15963782,-0.40913901,-0.13180698,1.37682307,-0.99904042,-0.13419633,-2.88156247,0.371727,-0.023693,0.099788,0.372386,-0.024062,0.100000,-0.003748,-0.019646,0.010000,-0.00085737,0.00028618,0.00057032,0.99999943,1
7.720000,0.14916515,-0.40665334,-0.13744405,1.38800788,-1.00007701,-0.13750111,-2.88231063,0.372790,-0.021503,0.099782,0.373420,-0.021772,0.100000,-0.001256,-0.019961,0.010000,-0.00087113,0.00038729,0.00048311,0.99999943,1
7.740000,0.13969697,-0.40386853,-0.14317390,1.39805615,-1.00148249,-0.14082600,-2.88293242,0.373786,-0.019276,0.099786,0.374382,-0.019450,0.100000,0.001256,-0.019961,0.010000,-0.00087113,0.00048230,0.00038827,0.99999943,1
7.760000,0.13120326,-0.40093929,-0.14889795,1.40690422,-1.00321448,-0.14409176,-2.88342929,0.374704,-0.017011,0.099782,0.375270,-0.017099,0.100000,0.003748,-0.019646,0.010000,-0.00085737,0.00056971,0.00028730,0.99999943,1
7.780000,0.12371960,-0.39796340,-0.15448435,1.41459632,-1.00520813,-0.14725247,-2.88382936,0.375545,-0.014707,0.099776,0.376085,-0.014721,0.100000,0.006180,-0.019021,0.010000,-0.00083007,0.00064813,0.00018179,0.99999943,1
7.800000,0.11725092,-0.39503205,-0.15976153,1.42115510,-1.00740540,-0.15028384,-2.88418412,0.376317,-0.012368,0.099780,0.376823,-0.012319,0.100000,0.008516,-0.018097,0.010000,-0.00078966,0.00071633,0.00007340,0.99999943,1
7.820000,0.11174405,-0.39229822,-0.16463076,1.42659509,-1.00973678,-0.15314098,-2.88451743,0.377019,-0.009997,0.099776,0.377487,-0.009895,0.100000,0.010717,-0.016887,0.010000,-0.00073679,0.00077323,-0.00003616,0.99999943,1
7.840000,0.10711949,-0.38983878,-0.16899161,1.43102205,-1.01216197,-0.15582280,-2.88482308,0.377642,-0.007587,0.099768,0.378073,-0.007451,0.100000,0.012748,-0.015410,0.010000,-0.00067228,0.00081791,-0.00014516,0.99999943,1
7.860000,0.10332944,-0.38770422,-0.17273694,1.43449104,-1.01459980,-0.15830602,-2.88516545,0.378195,-0.005150,0.099764,0.378583,-0.004991,0.100000,0.014579,-0.013691,0.010000,-0.00059717,0.00084968,-0.00025190,0.99999943,1
7.880000,0.10028884,-0.38597876,-0.17575626,1.43710172,-1.01700127,-0.16057368,-2.88558078,0.378681,-0.002686,0.099765,0.379015,-0.002515,0.100000,0.016180,-0.011756,0.010000,-0.00051263,0.00086803,-0.00035467,0.99999943,1
7.900000,0.09791377,-0.38472724,-0.17800917,1.43895590,-1.01932573,-0.16263258,-2.88607621,0.379093,-0.000203,0.099765,0.379369,-0.000027,0.100000,0.017526,-0.009635,0.010000,-0.00042001,0.00087267,-0.00045185,0.99999943,1
7.920000,0.09607024,-0.38396928,-0.17944644,1.44018519,-1.02151740,-0.16447832,-2.88672757,0.379428,0.002299,0.099768,0.379645,0.002471,0.100000,0.018596,-0.007363,0.010000,-0.00032078,0.00086353,-0.00054192,0.99999943,1
7.940000,0.09462963,-0.38373631,-0.18002287,1.44091737,-1.02352154,-0.16612789,-2.88754392,0.379693,0.004815,0.099776,0.379842,0.004977,0.100000,0.019372,-0.004974,0.010000,-0.00021650,0.00084075,-0.00062344,0.99999943,1
7.960000,0.09345308,-0.38405186,-0.17976116,1.44133520,-1.02524400,-0.16757163,-2.88855386,0.379886,0.007352,0.099781,0.379961,0.007487,0.100000,0.019842,-0.002507,0.010000,-0.00010881,0.00080469,-0.00069513,0.99999943,1
7.980000,0.09240902,-0.38489565,-0.17864797,1.44156444,-1.02668822,-0.16879576,-2.88977742,0.380005,0.009900,0.099792,0.380000,0.010000,0.100000,0.020000,0.000000,0.010000,0.00000057,0.00075592,-0.00075584,0.99999943,1
