# rollout meta: {"joint_names": ["joint1", "joint2", "joint3", "joint4", "joint5", "joint6", "joint7"], "dt": 0.02, "n": 400, "source": "synthetic_clik", "note": "EE circle r=0.08 T=4.0s, tracking err max=0.01mm mean=0.01mm"}
t,q1,q2,q3,q4,q5,q6,q7,ee_x,ee_y,ee_z,tgt_x,tgt_y,tgt_z
0.000000,-0.19678355,0.35852692,-0.40092616,0.02585400,0.09661068,0.02032849,0.00000000,0.350000,0.080000,0.299998,0.350000,0.080000,0.300000
0.020000,-0.19545916,0.35818840,-0.39337721,0.02619486,0.09584987,0.02019113,0.00000000,0.349991,0.079957,0.302513,0.350000,0.079961,0.302513
0.040000,-0.19397076,0.35774761,-0.38581311,0.02651651,0.09500117,0.02003547,0.00000000,0.349991,0.079838,0.305023,0.350000,0.079842,0.305023
0.060000,-0.19231397,0.35724678,-0.37826620,0.02681588,0.09406668,0.01986181,0.00000000,0.349992,0.079641,0.307528,0.350000,0.079645,0.307529
0.080000,-0.19049253,0.35668823,-0.37074365,0.02709276,0.09304992,0.01967084,0.00000000,0.349992,0.079365,0.310026,0.350000,0.079369,0.310027
0.100000,-0.18851014,0.35607460,-0.36325270,0.02734695,0.09195434,0.01946323,0.00000000,0.349992,0.079010,0.312514,0.350000,0.079015,0.312515
0.120000,-0.18637054,0.35540866,-0.35580055,0.02757824,0.09078330,0.01923965,0.00000000,0.349992,0.078578,0.314990,0.350000,0.078583,0.314991
0.140000,-0.18407753,0.35469327,-0.34839436,0.02778645,0.08954011,0.01900076,0.00000000,0.349992,0.078068,0.317451,0.350000,0.078073,0.317451
0.160000,-0.18163488,0.35393141,-0.34104122,0.02797145,0.08822797,0.01874717,0.00000000,0.349993,0.077481,0.319894,0.350000,0.077487,0.319895
0.180000,-0.17904642,0.35312617,-0.33374818,0.02813308,0.08685001,0.01847952,0.00000000,0.349993,0.076817,0.322318,0.350000,0.076823,0.322319
0.200000,-0.17631597,0.35228070,-0.32652221,0.02827125,0.08540927,0.01819839,0.00000000,0.349993,0.076078,0.324720,0.350000,0.076085,0.324721
0.220000,-0.17344736,0.35139821,-0.31937021,0.02838588,0.08390869,0.01790438,0.00000000,0.349993,0.075264,0.327097,0.350000,0.075270,0.327099
0.240000,-0.17044441,0.35048200,-0.31229902,0.02847691,0.08235113,0.01759804,0.00000000,0.349994,0.074375,0.329448,0.350000,0.074382,0.329450
0.260000,-0.16731096,0.34953539,-0.30531539,0.02854433,0.08073937,0.01727994,0.00000000,0.349994,0.073413,0.331770,0.350000,0.073420,0.331772
0.280000,-0.16405081,0.34856174,-0.29842601,0.02858812,0.07907606,0.01695059,0.00000000,0.349994,0.072379,0.334060,0.350000,0.072386,0.334062
0.300000,-0.16066778,0.34756447,-0.29163746,0.02860835,0.07736380,0.01661052,0.00000000,0.349994,0.071273,0.336317,0.350000,0.071281,0.336319
0.320000,-0.15716567,0.34654698,-0.28495625,0.02860506,0.07560507,0.01626023,0.00000000,0.349994,0.070097,0.338538,0.350000,0.070105,0.338540
0.340000,-0.15354824,0.34551270,-0.27838876,0.02857837,0.07380227,0.01590019,0.00000000,0.349995,0.068852,0.340720,0.350000,0.068859,0.340723
0.360000,-0.14981927,0.34446505,-0.27194131,0.02852841,0.07195770,0.01553086,0.00000000,0.349995,0.067539,0.342863,0.350000,0.067546,0.342866
0.380000,-0.14598249,0.34340745,-0.26562010,0.02845536,0.07007357,0.01515270,0.00000000,0.349995,0.066159,0.344963,0.350000,0.066166,0.344967
0.400000,-0.14204163,0.34234330,-0.25943121,0.02835941,0.06815202,0.01476614,0.00000000,0.349995,0.064714,0.347019,0.350000,0.064721,0.347023
0.420000,-0.13800037,0.34127597,-0.25338061,0.02824080,0.06619507,0.01437158,0.00000000,0.349996,0.063205,0.349029,0.350000,0.063212,0.349033
0.440000,-0.13386239,0.34020883,-0.24747416,0.02809981,0.06420469,0.01396944,0.00000000,0.349996,0.061633,0.350990,0.350000,0.061641,0.350994
0.460000,-0.12963134,0.33914516,-0.24171758,0.02793676,0.06218273,0.01356008,0.00000000,0.349996,0.060001,0.352901,0.350000,0.060009,0.352905
0.480000,-0.12531085,0.33808822,-0.23611647,0.02775199,0.06013099,0.01314389,0.00000000,0.349996,0.058310,0.354759,0.350000,0.058317,0.354764
0.500000,-0.12090451,0.33704123,-0.23067629,0.02754587,0.05805116,0.01272122,0.00000000,0.349997,0.056561,0.356564,0.350000,0.056569,0.356569
0.520000,-0.11641588,0.33600732,-0.22540235,0.02731883,0.05594488,0.01229240,0.00000000,0.349997,0.054756,0.358312,0.350000,0.054764,0.358317
0.540000,-0.11184852,0.33498957,-0.22029981,0.02707133,0.05381369,0.01185776,0.00000000,0.349997,0.052898,0.360004,0.350000,0.052905,0.360009
0.560000,-0.10720595,0.33399099,-0.21537371,0.02680384,0.05165908,0.01141762,0.00000000,0.349997,0.050987,0.361636,0.350000,0.050994,0.361641
0.580000,-0.10249166,0.33301449,-0.21062888,0.02651690,0.04948246,0.01097228,0.00000000,0.349997,0.049026,0.363207,0.350000,0.049033,0.363212
0.600000,-0.09770911,0.33206292,-0.20607003,0.02621105,0.04728516,0.01052202,0.00000000,0.349997,0.047016,0.364716,0.350000,0.047023,0.364721
0.620000,-0.09286175,0.33113901,-0.20170168,0.02588690,0.04506845,0.01006712,0.00000000,0.349998,0.044960,0.366160,0.350000,0.044967,0.366166
0.640000,-0.08795301,0.33024543,-0.19752817,0.02554506,0.04283356,0.00960786,0.00000000,0.349998,0.042860,0.367540,0.350000,0.042866,0.367546
0.660000,-0.08298627,0.32938471,-0.19355366,0.02518618,0.04058163,0.00914448,0.00000000,0.349998,0.040717,0.368853,0.350000,0.040723,0.368859
0.680000,-0.07796491,0.32855930,-0.18978213,0.02481097,0.03831376,0.00867723,0.00000000,0.349998,0.038535,0.370098,0.350000,0.038540,0.370105
0.700000,-0.07289229,0.32777153,-0.18621736,0.02442012,0.03603099,0.00820636,0.00000000,0.349998,0.036314,0.371274,0.350000,0.036319,0.371281
0.720000,-0.06777172,0.32702359,-0.18286294,0.02401439,0.03373432,0.00773207,0.00000000,0.349998,0.034057,0.372379,0.350000,0.034062,0.372386
0.740000,-0.06260653,0.32631759,-0.17972226,0.02359455,0.03142469,0.00725460,0.00000000,0.349999,0.031767,0.373413,0.350000,0.031772,0.373420
0.760000,-0.05740000,0.32565548,-0.17679848,0.02316141,0.02910300,0.00677416,0.00000000,0.349999,0.029445,0.374375,0.350000,0.029450,0.374382
0.780000,-0.05215542,0.32503910,-0.17409456,0.02271578,0.02677011,0.00629095,0.00000000,0.349999,0.027095,0.375263,0.350000,0.027099,0.375270
0.800000,-0.04687603,0.32447015,-0.17161326,0.02225852,0.02442684,0.00580517,0.00000000,0.349999,0.024717,0.376077,0.350000,0.024721,0.376085
0.820000,-0.04156507,0.32395019,-0.16935708,0.02179051,0.02207399,0.00531701,0.00000000,0.349999,0.022316,0.376816,0.350000,0.022319,0.376823
0.840000,-0.03622579,0.32348066,-0.16732834,0.02131263,0.01971230,0.00482666,0.00000000,0.349999,0.019892,0.377479,0.350000,0.019895,0.377487
0.860000,-0.03086138,0.32306282,-0.16552908,0.02082580,0.01734250,0.00433430,0.00000000,0.349999,0.017449,0.378066,0.350000,0.017451,0.378073
0.880000,-0.02547506,0.32269781,-0.16396115,0.02033095,0.01496530,0.00384012,0.00000000,0.349999,0.014988,0.378575,0.350000,0.014991,0.378583
0.900000,-0.02007002,0.32238663,-0.16262615,0.01982902,0.01258137,0.00334427,0.00000000,0.349999,0.012513,0.379007,0.350000,0.012515,0.379015
0.920000,-0.01464944,0.32213012,-0.16152542,0.01932099,0.01019139,0.00284694,0.00000000,0.349999,0.010025,0.379361,0.350000,0.010027,0.379369
0.940000,-0.00921650,0.32192895,-0.16066010,0.01880783,0.00779600,0.00234830,0.00000000,0.349999,0.007527,0.379637,0.350000,0.007529,0.379645
0.960000,-0.00377437,0.32178367,-0.16003105,0.01829051,0.00539583,0.00184851,0.00000000,0.349999,0.005022,0.379834,0.350000,0.005023,0.379842
0.980000,0.00167380,0.32169465,-0.15963890,0.01777004,0.00299152,0.00134774,0.00000000,0.349999,0.002512,0.379953,0.350000,0.002513,0.379961
1.000000,0.00712482,0.32166213,-0.15948403,0.01724742,0.00058370,0.00084615,0.00000000,0.349999,-0.000000,0.379992,0.350000,0.000000,0.380000
1.020000,0.01257556,0.32168618,-0.15956660,0.01672365,-0.00182701,0.00034391,0.00000000,0.349999,-0.002513,0.379953,0.350000,-0.002513,0.379961
1.040000,0.01802284,0.32176670,-0.15988648,0.01619974,-0.00423999,-0.00015880,0.00000000,0.349999,-0.005023,0.379834,0.350000,-0.005023,0.379842
1.060000,0.02346351,0.32190346,-0.16044332,0.01567670,-0.00665459,-0.00066183,0.00000000,0.349999,-0.007528,0.379637,0.350000,-0.007529,0.379645
1.080000,0.02889440,0.32209607,-0.16123652,0.01515555,-0.00907018,-0.00116501,0.00000000,0.349999,-0.010025,0.379361,0.350000,-0.010027,0.379369
1.100000,0.03431236,0.32234398,-0.16226525,0.01463729,-0.01148610,-0.00166815,0.00000000,0.349999,-0.012513,0.379007,0.350000,-0.012515,0.379015
1.120000,0.03971422,0.32264649,-0.16352840,0.01412292,-0.01390168,-0.00217110,0.00000000,0.349999,-0.014988,0.378575,0.350000,-0.014991,0.378583
1.140000,0.04509679,0.32300275,-0.16502466,0.01361344,-0.01631622,-0.00267365,0.00000000,0.349999,-0.017449,0.378066,0.350000,-0.017451,0.378073
1.160000,0.05045690,0.32341176,-0.16675246,0.01310983,-0.01872901,-0.00317565,0.00000000,0.349999,-0.019892,0.377479,0.350000,-0.019895,0.377487
1.180000,0.05579136,0.32387236,-0.16871000,0.01261308,-0.02113931,-0.00367688,0.00000000,0.349999,-0.022316,0.376816,0.350000,-0.022319,0.376823
1.200000,0.06109695,0.32438328,-0.17089523,0.01212414,-0.02354635,-0.00417717,0.00000000,0.349999,-0.024718,0.376077,0.350000,-0.024721,0.376085
1.220000,0.06637048,0.32494306,-0.17330591,0.01164397,-0.02594933,-0.00467631,0.00000000,0.349999,-0.027095,0.375263,0.350000,-0.027099,0.375270
1.240000,0.07160871,0.32555014,-0.17593953,0.01117350,-0.02834739,-0.00517410,0.00000000,0.349999,-0.029446,0.374375,0.350000,-0.029450,0.374382
1.260000,0.07680840,0.32620280,-0.17879339,0.01071365,-0.03073967,-0.00567032,0.00000000,0.349999,-0.031767,0.373413,0.350000,-0.031772,0.373420
1.280000,0.08196630,0.32689920,-0.18186455,0.01026531,-0.03312525,-0.00616475,0.00000000,0.349999,-0.034057,0.372379,0.350000,-0.034062,0.372386
1.300000,0.08707913,0.32763737,-0.18514989,0.00982936,-0.03550315,-0.00665716,0.00000000,0.349998,-0.036314,0.371274,0.350000,-0.036319,0.371281
1.320000,0.09214361,0.32841522,-0.18864604,0.00940666,-0.03787236,-0.00714731,0.00000000,0.349998,-0.038535,0.370098,0.350000,-0.038540,0.370105
1.340000,0.09715643,0.32923051,-0.19234946,0.00899803,-0.04023181,-0.00763497,0.00000000,0.349998,-0.040718,0.368853,0.350000,-0.040723,0.368859
1.360000,0.10211426,0.33008092,-0.19625639,0.00860428,-0.04258038,-0.00811986,0.00000000,0.349998,-0.042860,0.367540,0.350000,-0.042866,0.367546
1.380000,0.10701375,0.33096400,-0.20036291,0.00822618,-0.04491689,-0.00860173,0.00000000,0.349998,-0.044960,0.366160,0.350000,-0.044967,0.366166
1.400000,0.11185153,0.33187720,-0.20466488,0.00786450,-0.04724010,-0.00908029,0.00000000,0.349998,-0.047016,0.364715,0.350000,-0.047023,0.364721
1.420000,0.11662420,0.33281787,-0.20915799,0.00751994,-0.04954871,-0.00955526,0.00000000,0.349997,-0.049026,0.363207,0.350000,-0.049033,0.363212
1.440000,0.12132836,0.33378324,-0.21383776,0.00719320,-0.05184134,-0.01002633,0.00000000,0.349997,-0.050987,0.361635,0.350000,-0.050994,0.361641
1.460000,0.12596056,0.33477049,-0.21869955,0.00688494,-0.05411656,-0.01049319,0.00000000,0.349997,-0.052898,0.360003,0.350000,-0.052905,0.360009
1.480000,0.13051733,0.33577668,-0.22373852,0.00659578,-0.05637286,-0.01095551,0.00000000,0.349997,-0.054757,0.358312,0.350000,-0.054764,0.358317
1.500000,0.13499519,0.33679881,-0.22894972,0.00632632,-0.05860865,-0.01141296,0.00000000,0.349997,-0.056561,0.356564,0.350000,-0.056569,0.356569
1.520000,0.13939062,0.33783380,-0.23432801,0.00607712,-0.06082228,-0.01186517,0.00000000,0.349997,-0.058310,0.354759,0.350000,-0.058317,0.354764
1.540000,0.14370008,0.33887851,-0.23986812,0.00584872,-0.06301200,-0.01231178,0.00000000,0.349996,-0.060001,0.352900,0.350000,-0.060009,0.352905
1.560000,0.14792001,0.33992974,-0.24556464,0.00564159,-0.06517600,-0.01275241,0.00000000,0.349996,-0.061633,0.350990,0.350000,-0.061641,0.350994
1.580000,0.15204680,0.34098423,-0.25141202,0.00545620,-0.06731238,-0.01318666,0.00000000,0.349996,-0.063205,0.349028,0.350000,-0.063212,0.349033
1.600000,0.15607686,0.34203868,-0.25740458,0.00529297,-0.06941915,-0.01361411,0.00000000,0.349996,-0.064714,0.347019,0.350000,-0.064721,0.347023
1.620000,0.16000652,0.34308975,-0.26353652,0.00515229,-0.07149424,-0.01403434,0.00000000,0.349995,-0.066159,0.344963,0.350000,-0.066166,0.344967
1.640000,0.16383214,0.34413407,-0.26980193,0.00503451,-0.07353549,-0.01444690,0.00000000,0.349995,-0.067539,0.342863,0.350000,-0.067546,0.342866
1.660000,0.16755002,0.34516825,-0.27619477,0.00493994,-0.07554064,-0.01485133,0.00000000,0.349995,-0.068852,0.340720,0.350000,-0.068859,0.340723
1.680000,0.17115645,0.34618888,-0.28270889,0.00486886,-0.07750737,-0.01524716,0.00000000,0.349995,-0.070097,0.338537,0.350000,-0.070105,0.338540
1.700000,0.17464770,0.34719255,-0.28933806,0.00482152,-0.07943322,-0.01563387,0.00000000,0.349994,-0.071273,0.336317,0.350000,-0.071281,0.336319
1.720000,0.17802003,0.34817584,-0.29607592,0.00479812,-0.08131568,-0.01601098,0.00000000,0.349994,-0.072379,0.334060,0.350000,-0.072386,0.334062
1.740000,0.18126966,0.34913536,-0.30291605,0.00479885,-0.08315213,-0.01637793,0.00000000,0.349994,-0.073413,0.331770,0.350000,-0.073420,0.331772
1.760000,0.18439282,0.35006773,-0.30985192,0.00482384,-0.08493985,-0.01673419,0.00000000,0.349994,-0.074375,0.329448,0.350000,-0.074382,0.329450
1.780000,0.18738572,0.35096959,-0.31687692,0.00487321,-0.08667603,-0.01707919,0.00000000,0.349994,-0.075264,0.327097,0.350000,-0.075270,0.327099
1.800000,0.19024456,0.35183764,-0.32398437,0.00494701,-0.08835778,-0.01741236,0.00000000,0.349993,-0.076078,0.324720,0.350000,-0.076085,0.324721
1.820000,0.19296554,0.35266862,-0.33116749,0.00504532,-0.08998209,-0.01773308,0.00000000,0.349993,-0.076817,0.322318,0.350000,-0.076823,0.322319
1.840000,0.19554484,0.35345933,-0.33841946,0.00516812,-0.09154588,-0.01804075,0.00000000,0.349993,-0.077481,0.319894,0.350000,-0.077487,0.319895
1.860000,0.19797868,0.35420665,-0.34573339,0.00531542,-0.09304598,-0.01833473,0.00000000,0.349993,-0.078067,0.317450,0.350000,-0.078073,0.317451
1.880000,0.20026326,0.35490753,-0.35310231,0.00548716,-0.09447911,-0.01861436,0.00000000,0.349992,-0.078577,0.314990,0.350000,-0.078583,0.314991
1.900000,0.20239481,0.35555901,-0.36051921,0.00568327,-0.09584193,-0.01887900,0.00000000,0.349992,-0.079010,0.312514,0.350000,-0.079015,0.312515
1.920000,0.20436955,0.35615827,-0.36797702,0.00590367,-0.09713100,-0.01912795,0.00000000,0.349992,-0.079364,0.310026,0.350000,-0.079369,0.310027
1.940000,0.20618377,0.35670257,-0.37546862,0.00614822,-0.09834280,-0.01936051,0.00000000,0.349992,-0.079640,0.307528,0.350000,-0.079645,0.307529
1.960000,0.20783377,0.35718932,-0.38298687,0.00641680,-0.09947375,-0.01957598,0.00000000,0.349992,-0.079838,0.305023,0.350000,-0.079842,0.305023
1.980000,0.20931588,0.35761608,-0.39052456,0.00670923,-0.10052019,-0.01977363,0.00000000,0.349991,-0.079957,0.302513,0.350000,-0.079961,0.302513
2.000000,0.21062651,0.35798056,-0.39807447,0.00702533,-0.10147839,-0.01995273,0.00000000,0.349991,-0.079997,0.300000,0.350000,-0.080000,0.300000
2.020000,0.21176209,0.35828064,-0.40562933,0.00736491,-0.10234457,-0.02011253,0.00000000,0.349991,-0.079958,0.297487,0.350000,-0.079961,0.297487
2.040000,0.21271916,0.35851438,-0.41318189,0.00772775,-0.10311490,-0.02025227,0.00000000,0.349991,-0.079840,0.294977,0.350000,-0.079842,0.294977
2.060000,0.21349430,0.35868005,-0.42072483,0.00811364,-0.10378550,-0.02037120,0.00000000,0.349991,-0.079643,0.292471,0.350000,-0.079645,0.292471
2.080000,0.21408421,0.35877614,-0.42825085,0.00852233,-0.10435248,-0.02046853,0.00000000,0.349991,-0.079368,0.289973,0.350000,-0.079369,0.289973
2.100000,0.21448567,0.35880134,-0.43575265,0.00895357,-0.10481190,-0.02054349,0.00000000,0.349991,-0.079014,0.287485,0.350000,-0.079015,0.287485
2.120000,0.21469558,0.35875459,-0.44322291,0.00940712,-0.10515983,-0.02059532,0.00000000,0.349991,-0.078582,0.285010,0.350000,-0.078583,0.285009
2.140000,0.21471096,0.35863510,-0.45065432,0.00988272,-0.10539231,-0.02062323,0.00000000,0.349990,-0.078073,0.282549,0.350000,-0.078073,0.282549
2.160000,0.21452898,0.35844234,-0.45803961,0.01038011,-0.10550545,-0.02062645,0.00000000,0.349990,-0.077487,0.280105,0.350000,-0.077487,0.280105
2.180000,0.21414697,0.35817605,-0.46537151,0.01089903,-0.10549533,-0.02060421,0.00000000,0.349990,-0.076824,0.277681,0.350000,-0.076823,0.277681
2.200000,0.21356241,0.35783626,-0.47264278,0.01143922,-0.10535811,-0.02055575,0.00000000,0.349990,-0.076086,0.275279,0.350000,-0.076085,0.275279
2.220000,0.21277296,0.35742333,-0.47984622,0.01200042,-0.10509001,-0.02048034,0.00000000,0.349990,-0.075272,0.272901,0.350000,-0.075270,0.272901
2.240000,0.21177189,0.35689602,-0.48694464,0.01258084,-0.10468015,-0.02037585,0.00000000,0.350000,-0.074382,0.270550,0.350000,-0.074382,0.270550
2.260000,0.21056522,0.35633913,-0.49399095,0.01318347,-0.10413843,-0.02024417,0.00000000,0.350000,-0.073420,0.268228,0.350000,-0.073420,0.268228
2.280000,0.20914796,0.35571215,-0.50094814,0.01380638,-0.10345503,-0.02008340,0.00000000,0.350000,-0.072386,0.265938,0.350000,-0.072386,0.265938
2.300000,0.20751870,0.35501674,-0.50780925,0.01444932,-0.10262659,-0.01989289,0.00000000,0.350000,-0.071281,0.263681,0.350000,-0.071281,0.263681
2.320000,0.20567629,0.35425490,-0.51456741,0.01511207,-0.10164996,-0.01967200,0.00000000,0.350000,-0.070105,0.261460,0.350000,-0.070105,0.261460
2.340000,0.20361988,0.35342901,-0.52121583,0.01579442,-0.10052214,-0.01942014,0.00000000,0.350000,-0.068859,0.259277,0.350000,-0.068859,0.259277
2.360000,0.20134891,0.35254177,-0.52774782,0.01649614,-0.09924034,-0.01913678,0.00000000,0.350000,-0.067546,0.257134,0.350000,-0.067546,0.257134
2.380000,0.19886316,0.35159625,-0.53415683,0.01721704,-0.09780203,-0.01882141,0.00000000,0.350000,-0.066166,0.255033,0.350000,-0.066166,0.255033
2.400000,0.19616273,0.35059587,-0.54043638,0.01795692,-0.09620492,-0.01847359,0.00000000,0.350000,-0.064721,0.252977,0.350000,-0.064721,0.252977
2.420000,0.19324811,0.34954439,-0.54658018,0.01871558,-0.09444703,-0.01809291,0.00000000,0.350000,-0.063212,0.250967,0.350000,-0.063212,0.250967
2.440000,0.19012013,0.34844593,-0.55258204,0.01949285,-0.09252666,-0.01767906,0.00000000,0.350000,-0.061641,0.249006,0.350000,-0.061641,0.249006
2.460000,0.18678004,0.34730490,-0.55843594,0.02028854,-0.09044248,-0.01723177,0.00000000,0.350000,-0.060009,0.247095,0.350000,-0.060009,0.247095
2.480000,0.18322949,0.34612606,-0.56413602,0.02110245,-0.08819350,-0.01675085,0.00000000,0.350000,-0.058317,0.245236,0.350000,-0.058317,0.245236
2.500000,0.17947053,0.34491445,-0.56967658,0.02193441,-0.08577913,-0.01623618,0.00000000,0.350000,-0.056569,0.243431,0.350000,-0.056569,0.243431
2.520000,0.17550568,0.34367541,-0.57505211,0.02278422,-0.08319919,-0.01568775,0.00000000,0.350000,-0.054764,0.241683,0.350000,-0.054764,0.241683
2.540000,0.17133787,0.34241451,-0.58025728,0.02365167,-0.08045394,-0.01510560,0.00000000,0.350000,-0.052905,0.239991,0.350000,-0.052905,0.239991
2.560000,0.16697052,0.34113757,-0.58528696,0.02453656,-0.07754410,-0.01448989,0.00000000,0.350000,-0.050994,0.238359,0.350000,-0.050994,0.238359
2.580000,0.16240750,0.33985061,-0.59013621,0.02543864,-0.07447085,-0.01384087,0.00000000,0.350000,-0.049033,0.236788,0.350000,-0.049033,0.236788
2.600000,0.15765313,0.33855983,-0.59480031,0.02635767,-0.07123588,-0.01315888,0.00000000,0.350000,-0.047023,0.235279,0.350000,-0.047023,0.235279
2.620000,0.15271225,0.33727156,-0.59927474,0.02729337,-0.06784140,-0.01244436,0.00000000,0.350000,-0.044967,0.233834,0.350000,-0.044967,0.233834
2.640000,0.14759014,0.33599222,-0.60355520,0.02824544,-0.06429013,-0.01169788,0.00000000,0.350000,-0.042866,0.232454,0.350000,-0.042866,0.232454
2.660000,0.14229258,0.33472831,-0.60763761,0.02921353,-0.06058533,-0.01092010,0.00000000,0.350000,-0.040723,0.231141,0.350000,-0.040723,0.231141
2.680000,0.13682581,0.33348635,-0.61151811,0.03019727,-0.05673081,-0.01011178,0.00000000,0.350000,-0.038540,0.229895,0.350000,-0.038540,0.229895
2.700000,0.13119655,0.33227283,-0.61519305,0.03119627,-0.05273091,-0.00927382,0.00000000,0.350000,-0.036319,0.228719,0.350000,-0.036319,0.228719
2.720000,0.12541198,0.33109417,-0.61865902,0.03221005,-0.04859055,-0.00840721,0.00000000,0.350000,-0.034062,0.227614,0.350000,-0.034062,0.227614
2.740000,0.11947973,0.32995669,-0.62191281,0.03323813,-0.04431515,-0.00751306,0.00000000,0.350000,-0.031772,0.226580,0.350000,-0.031772,0.226580
2.760000,0.11340787,0.32886653,-0.62495145,0.03427996,-0.03991070,-0.00659257,0.00000000,0.350000,-0.029450,0.225618,0.350000,-0.029450,0.225618
2.780000,0.10720490,0.32782965,-0.62777218,0.03533496,-0.03538371,-0.00564706,0.00000000,0.350000,-0.027099,0.224730,0.350000,-0.027099,0.224730
2.800000,0.10087970,0.32685174,-0.63037244,0.03640250,-0.03074118,-0.00467797,0.00000000,0.350000,-0.024721,0.223915,0.350000,-0.024721,0.223915
2.820000,0.09444155,0.32593820,-0.63274991,0.03748190,-0.02599061,-0.00368682,0.00000000,0.350000,-0.022319,0.223177,0.350000,-0.022319,0.223177
2.840000,0.08790010,0.32509410,-0.63490246,0.03857243,-0.02113998,-0.00267522,0.00000000,0.350000,-0.019895,0.222513,0.350000,-0.019895,0.222513
2.860000,0.08126530,0.32432411,-0.63682815,0.03967333,-0.01619769,-0.00164487,0.00000000,0.350000,-0.017451,0.221927,0.350000,-0.017451,0.221927
2.880000,0.07454742,0.32363252,-0.63852527,0.04078381,-0.01117254,-0.00059758,0.00000000,0.350000,-0.014991,0.221417,0.350000,-0.014991,0.221417
2.900000,0.06775702,0.32302312,-0.63999228,0.04190303,-0.00607371,0.00046481,0.00000000,0.350000,-0.012515,0.220985,0.350000,-0.012515,0.220985
2.920000,0.06090486,0.32249925,-0.64122785,0.04303012,-0.00091072,0.00154035,0.00000000,0.350000,-0.010027,0.220631,0.350000,-0.010027,0.220631
2.940000,0.05400195,0.32206372,-0.64223083,0.04416420,0.00430664,0.00262706,0.00000000,0.350000,-0.007529,0.220355,0.350000,-0.007529,0.220355
2.960000,0.04705944,0.32171880,-0.64300027,0.04530437,0.00956834,0.00372290,0.00000000,0.350000,-0.005023,0.220158,0.350000,-0.005023,0.220158
2.980000,0.04008863,0.32146622,-0.64353539,0.04644972,0.01486413,0.00482579,0.00000000,0.350000,-0.002513,0.220039,0.350000,-0.002513,0.220039
3.000000,0.03310090,0.32130712,-0.64383561,0.04759932,0.02018363,0.00593363,0.00000000,0.350000,0.000000,0.220000,0.350000,-0.000000,0.220000
3.020000,0.02610771,0.32124207,-0.64390053,0.04875228,0.02551637,0.00704428,0.00000000,0.350000,0.002513,0.220039,0.350000,0.002513,0.220039
3.040000,0.01912051,0.32127106,-0.64372993,0.04990768,0.03085181,0.00815561,0.00000000,0.350000,0.005023,0.220158,0.350000,0.005023,0.220158
3.060000,0.01215077,0.32139348,-0.64332380,0.05106464,0.03617945,0.00926550,0.00000000,0.350000,0.007529,0.220355,0.350000,0.007529,0.220355
3.080000,0.00520986,0.32160816,-0.64268230,0.05222232,0.04148882,0.01037182,0.00000000,0.350000,0.010027,0.220631,0.350000,0.010027,0.220631
3.100000,-0.00169091,0.32191335,-0.64180580,0.05337988,0.04676959,0.01147247,0.00000000,0.350000,0.012515,0.220985,0.350000,0.012515,0.220985
3.120000,-0.00854040,0.32230676,-0.64069485,0.05453654,0.05201155,0.01256539,0.00000000,0.350000,0.014991,0.221417,0.350000,0.014991,0.221417
3.140000,-0.01532761,0.32278557,-0.63935023,0.05569155,0.05720474,0.01364857,0.00000000,0.350000,0.017451,0.221927,0.350000,0.017451,0.221927
3.160000,-0.02204176,0.32334645,-0.63777291,0.05684422,0.06233943,0.01472003,0.00000000,0.350000,0.019895,0.222513,0.350000,0.019895,0.222513
3.180000,-0.02867231,0.32398559,-0.63596408,0.05799389,0.06740620,0.01577787,0.00000000,0.350000,0.022319,0.223177,0.350000,0.022319,0.223177
3.200000,-0.03520899,0.32469875,-0.63392517,0.05913998,0.07239597,0.01682026,0.00000000,0.350000,0.024721,0.223915,0.350000,0.024721,0.223915
3.220000,-0.04164183,0.32548129,-0.63165782,0.06028193,0.07730004,0.01784545,0.00000000,0.350000,0.027099,0.224730,0.350000,0.027099,0.224730
3.240000,-0.04796119,0.32632818,-0.62916389,0.06141927,0.08211012,0.01885175,0.00000000,0.350000,0.029450,0.225618,0.350000,0.029450,0.225618
3.260000,-0.05415779,0.32723409,-0.62644550,0.06255156,0.08681836,0.01983759,0.00000000,0.350000,0.031772,0.226580,0.350000,0.031772,0.226580
3.280000,-0.06022272,0.32819340,-0.62350502,0.06367841,0.09141738,0.02080149,0.00000000,0.350000,0.034062,0.227614,0.350000,0.034062,0.227614
3.300000,-0.06614749,0.32920024,-0.62034504,0.06479950,0.09590031,0.02174205,0.00000000,0.350000,0.036319,0.228719,0.350000,0.036319,0.228719
3.320000,-0.07192402,0.33024857,-0.61696841,0.06591454,0.10026075,0.02265800,0.00000000,0.350000,0.038540,0.229895,0.350000,0.038540,0.229895
3.340000,-0.07754465,0.33133219,-0.61337825,0.06702328,0.10449288,0.02354816,0.00000000,0.350000,0.040723,0.231141,0.350000,0.040723,0.231141
3.360000,-0.08300219,0.33244480,-0.60957791,0.06812552,0.10859136,0.02441146,0.00000000,0.350000,0.042866,0.232454,0.350000,0.042866,0.232454
3.380000,-0.08828991,0.33358004,-0.60557101,0.06922109,0.11255142,0.02524695,0.00000000,0.350000,0.044967,0.233834,0.350000,0.044967,0.233834
3.400000,-0.09340153,0.33473156,-0.60136139,0.07030985,0.11636883,0.02605377,0.00000000,0.350000,0.047023,0.235279,0.350000,0.047023,0.235279
3.420000,-0.09833126,0.33589301,-0.59695319,0.07139166,0.12003988,0.02683119,0.00000000,0.350000,0.049033,0.236788,0.350000,0.049033,0.236788
3.440000,-0.10307378,0.33705813,-0.59235075,0.07246641,0.12356142,0.02757857,0.00000000,0.350000,0.050994,0.238359,0.350000,0.050994,0.238359
3.460000,-0.10762425,0.33822076,-0.58755867,0.07353401,0.12693080,0.02829538,0.00000000,0.350000,0.052905,0.239991,0.350000,0.052905,0.239991
3.480000,-0.11197829,0.33937488,-0.58258179,0.07459437,0.13014591,0.02898120,0.00000000,0.350000,0.054764,0.241683,0.350000,0.054764,0.241683
3.500000,-0.11613200,0.34051465,-0.57742517,0.07564738,0.13320510,0.02963569,0.00000000,0.350000,0.056569,0.243431,0.350000,0.056569,0.243431
3.520000,-0.12008197,0.34163445,-0.57209409,0.07669294,0.13610723,0.03025863,0.00000000,0.350000,0.058317,0.245236,0.350000,0.058317,0.245236
3.540000,-0.12382519,0.34272887,-0.56659405,0.07773093,0.13885161,0.03084988,0.00000000,0.350000,0.060009,0.247095,0.350000,0.060009,0.247095
3.560000,-0.12735915,0.34379276,-0.56093073,0.07876122,0.14143800,0.03140937,0.00000000,0.350000,0.061641,0.249006,0.350000,0.061641,0.249006
3.580000,-0.13068176,0.34482128,-0.55511003,0.07978366,0.14386656,0.03193714,0.00000000,0.350000,0.063212,0.250967,0.350000,0.063212,0.250967
3.600000,-0.13379132,0.34580986,-0.54913802,0.08079807,0.14613785,0.03243329,0.00000000,0.350000,0.064721,0.252977,0.350000,0.064721,0.252977
3.620000,-0.13668659,0.34675425,-0.54302093,0.08180424,0.14825281,0.03289801,0.00000000,0.350000,0.066166,0.255033,0.350000,0.066166,0.255033
3.640000,-0.13936669,0.34765051,-0.53676516,0.08280195,0.15021272,0.03333153,0.00000000,0.350000,0.067546,0.257134,0.350000,0.067546,0.257134
3.660000,-0.14183112,0.34849506,-0.53037726,0.08379091,0.15201916,0.03373417,0.00000000,0.350000,0.068859,0.259277,0.350000,0.068859,0.259277
3.680000,-0.14407976,0.34928465,-0.52386391,0.08477085,0.15367401,0.03410628,0.00000000,0.350000,0.070105,0.261460,0.350000,0.070105,0.261460
3.700000,-0.14611281,0.35001637,-0.51723191,0.08574142,0.15517944,0.03444829,0.00000000,0.350000,0.071281,0.263681,0.350000,0.071281,0.263681
3.720000,-0.14793081,0.35068766,-0.51048817,0.08670225,0.15653782,0.03476064,0.00000000,0.350000,0.072386,0.265938,0.350000,0.072386,0.265938
3.740000,-0.14953460,0.35129630,-0.50363972,0.08765296,0.15775177,0.03504386,0.00000000,0.350000,0.073420,0.268228,0.350000,0.073420,0.268228
3.760000,-0.15092534,0.35184042,-0.49669367,0.08859310,0.15882408,0.03529847,0.00000000,0.350000,0.074382,0.270550,0.350000,0.074382,0.270550
3.780000,-0.15210441,0.35231850,-0.48965719,0.08952222,0.15975773,0.03552505,0.00000000,0.350000,0.075270,0.272901,0.350000,0.075270,0.272901
3.800000,-0.15307350,0.35272933,-0.48253756,0.09043982,0.16055583,0.03572420,0.00000000,0.350000,0.076085,0.275279,0.350000,0.076085,0.275279
3.820000,-0.15383781,0.35311384,-0.47537228,0.09134183,0.16122773,0.03589761,0.00000000,0.349990,0.076825,0.277681,0.350000,0.076823,0.277681
3.840000,-0.15439154,0.35338760,-0.46810812,0.09223465,0.16176371,0.03604361,0.00000000,0.349990,0.077488,0.280105,0.350000,0.077487,0.280105
3.860000,-0.15474168,0.35359247,-0.46078299,0.09311430,0.16217417,0.03616412,0.00000000,0.349990,0.078074,0.282549,0.350000,0.078073,0.282549
3.880000,-0.15489073,0.35372838,-0.45340422,0.09398018,0.16246260,0.03625979,0.00000000,0.349990,0.078583,0.285010,0.350000,0.078583,0.285009
3.900000,-0.15484138,0.35379568,-0.44597927,0.09483167,0.16263253,0.03633131,0.00000000,0.349990,0.079015,0.287485,0.350000,0.079015,0.287485
3.920000,-0.15459648,0.35379497,-0.43851561,0.09566815,0.16268754,0.03637936,0.00000000,0.349991,0.079369,0.289973,0.350000,0.079369,0.289973
3.940000,-0.15415904,0.35372710,-0.43102071,0.09648895,0.16263123,0.03640462,0.00000000,0.349991,0.079644,0.292471,0.350000,0.079645,0.292471
3.960000,-0.15353217,0.35359320,-0.42350205,0.09729342,0.16246719,0.03640780,0.00000000,0.349991,0.079841,0.294977,0.350000,0.079842,0.294977
3.980000,-0.15271911,0.35339460,-0.41596710,0.09808088,0.16219903,0.03638956,0.00000000,0.349991,0.079958,0.297487,0.350000,0.079961,0.297487
4.000000,-0.15172320,0.35313287,-0.40842330,0.09885067,0.16183030,0.03635061,0.00000000,0.349991,0.079997,0.300000,0.350000,0.080000,0.300000
4.020000,-0.15054788,0.35280977,-0.40087810,0.09960210,0.16136456,0.03629160,0.00000000,0.349991,0.079958,0.302513,0.350000,0.079961,0.302513
4.040000,-0.14919667,0.35242727,-0.39333889,0.10033450,0.16080531,0.03621322,0.00000000,0.349991,0.079839,0.305023,0.350000,0.079842,0.305023
4.060000,-0.14767314,0.35198749,-0.38581306,0.10104718,0.16015601,0.03611611,0.00000000,0.349992,0.079641,0.307528,0.350000,0.079645,0.307529
4.080000,-0.14598095,0.35149274,-0.37830794,0.10173947,0.15942005,0.03600092,0.00000000,0.349992,0.079365,0.310026,0.350000,0.079369,0.310027
4.100000,-0.14412378,0.35094547,-0.37083083,0.10241072,0.15860078,0.03586830,0.00000000,0.349992,0.079011,0.312514,0.350000,0.079015,0.312515
4.120000,-0.14210539,0.35034826,-0.36338897,0.10306028,0.15770148,0.03571886,0.00000000,0.349992,0.078578,0.314990,0.350000,0.078583,0.314991
4.140000,-0.13992954,0.34970384,-0.35598957,0.10368749,0.15672534,0.03555321,0.00000000,0.349992,0.078068,0.317451,0.350000,0.078073,0.317451
4.160000,-0.13760005,0.34901502,-0.34863977,0.10429175,0.15567549,0.03537194,0.00000000,0.349993,0.077481,0.319894,0.350000,0.077487,0.319895
4.180000,-0.13512072,0.34828474,-0.34134664,0.10487245,0.15455498,0.03517564,0.00000000,0.349993,0.076818,0.322318,0.350000,0.076823,0.322319
4.200000,-0.13249542,0.34751601,-0.33411721,0.10542899,0.15336677,0.03496486,0.00000000,0.349993,0.076078,0.324720,0.350000,0.076085,0.324721
4.220000,-0.12972797,0.34671192,-0.32695842,0.10596083,0.15211374,0.03474016,0.00000000,0.349993,0.075264,0.327097,0.350000,0.075270,0.327099
4.240000,-0.12682225,0.34587565,-0.31987714,0.10646743,0.15079868,0.03450206,0.00000000,0.349993,0.074376,0.329448,0.350000,0.074382,0.329450
4.260000,-0.12378210,0.34501039,-0.31288018,0.10694826,0.14942429,0.03425108,0.00000000,0.349994,0.073414,0.331770,0.350000,0.073420,0.331772
4.280000,-0.12061138,0.34411942,-0.30597423,0.10740286,0.14799320,0.03398770,0.00000000,0.349994,0.072379,0.334060,0.350000,0.072386,0.334062
4.300000,-0.11731394,0.34320602,-0.29916593,0.10783077,0.14650791,0.03371242,0.00000000,0.349994,0.071273,0.336317,0.350000,0.071281,0.336319
4.320000,-0.11389360,0.34227352,-0.29246181,0.10823157,0.14497087,0.03342570,0.00000000,0.349994,0.070097,0.338538,0.350000,0.070105,0.338540
4.340000,-0.11035419,0.34132526,-0.28586831,0.10860487,0.14338442,0.03312798,0.00000000,0.349995,0.068852,0.340720,0.350000,0.068859,0.340723
4.360000,-0.10669951,0.34036458,-0.27939177,0.10895032,0.14175082,0.03281969,0.00000000,0.349995,0.067539,0.342863,0.350000,0.067546,0.342866
4.380000,-0.10293335,0.33939482,-0.27303841,0.10926761,0.14007223,0.03250124,0.00000000,0.349995,0.066159,0.344963,0.350000,0.066166,0.344967
4.400000,-0.09905948,0.33841931,-0.26681437,0.10955644,0.13835074,0.03217305,0.00000000,0.349995,0.064714,0.347019,0.350000,0.064721,0.347023
4.420000,-0.09508164,0.33744136,-0.26072564,0.10981659,0.13658834,0.03183548,0.00000000,0.349996,0.063205,0.349029,0.350000,0.063212,0.349033
4.440000,-0.09100355,0.33646425,-0.25477812,0.11004785,0.13478694,0.03148890,0.00000000,0.349996,0.061633,0.350990,0.350000,0.061641,0.350994
4.460000,-0.08682892,0.33549124,-0.24897757,0.11025005,0.13294836,0.03113367,0.00000000,0.349996,0.060001,0.352901,0.350000,0.060009,0.352905
4.480000,-0.08256142,0.33452552,-0.24332961,0.11042308,0.13107435,0.03077013,0.00000000,0.349996,0.058310,0.354759,0.350000,0.058317,0.354764
4.500000,-0.07820469,0.33357026,-0.23783974,0.11056686,0.12916659,0.03039860,0.00000000,0.349996,0.056561,0.356564,0.350000,0.056569,0.356569
4.520000,-0.07376236,0.33262856,-0.23251332,0.11068135,0.12722665,0.03001939,0.00000000,0.349997,0.054756,0.358312,0.350000,0.054764,0.358317
4.540000,-0.06923802,0.33170345,-0.22735556,0.11076656,0.12525606,0.02963280,0.00000000,0.349997,0.052898,0.360004,0.350000,0.052905,0.360009
4.560000,-0.06463526,0.33079789,-0.22237150,0.11082254,0.12325627,0.02923912,0.00000000,0.349997,0.050987,0.361636,0.350000,0.050994,0.361641
4.580000,-0.05995760,0.32991478,-0.21756606,0.11084938,0.12122864,0.02883861,0.00000000,0.349997,0.049026,0.363207,0.350000,0.049033,0.363212
4.600000,-0.05520858,0.32905693,-0.21294395,0.11084722,0.11917448,0.02843154,0.00000000,0.349997,0.047016,0.364715,0.350000,0.047023,0.364721
4.620000,-0.05039168,0.32822704,-0.20850975,0.11081625,0.11709505,0.02801816,0.00000000,0.349998,0.044960,0.366160,0.350000,0.044967,0.366166
4.640000,-0.04551038,0.32742775,-0.20426785,0.11075669,0.11499151,0.02759871,0.00000000,0.349998,0.042860,0.367540,0.350000,0.042866,0.367546
4.660000,-0.04056812,0.32666158,-0.20022246,0.11066882,0.11286500,0.02717343,0.00000000,0.349998,0.040717,0.368853,0.350000,0.040723,0.368859
4.680000,-0.03556832,0.32593094,-0.19637760,0.11055295,0.11071658,0.02674253,0.00000000,0.349998,0.038535,0.370098,0.350000,0.038540,0.370105
4.700000,-0.03051438,0.32523815,-0.19273711,0.11040944,0.10854727,0.02630622,0.00000000,0.349998,0.036314,0.371274,0.350000,0.036319,0.371281
4.720000,-0.02540967,0.32458540,-0.18930464,0.11023870,0.10635804,0.02586472,0.00000000,0.349998,0.034057,0.372379,0.350000,0.034062,0.372386
4.740000,-0.02025756,0.32397475,-0.18608361,0.11004117,0.10414980,0.02541823,0.00000000,0.349999,0.031767,0.373413,0.350000,0.031772,0.373420
4.760000,-0.01506136,0.32340817,-0.18307726,0.10981735,0.10192342,0.02496692,0.00000000,0.349999,0.029445,0.374375,0.350000,0.029450,0.374382
4.780000,-0.00982441,0.32288747,-0.18028861,0.10956777,0.09967976,0.02451100,0.00000000,0.349999,0.027095,0.375263,0.350000,0.027099,0.375270
4.800000,-0.00454999,0.32241434,-0.17772047,0.10929301,0.09741959,0.02405063,0.00000000,0.349999,0.024717,0.376077,0.350000,0.024721,0.376085
4.820000,0.00075861,0.32199034,-0.17537543,0.10899367,0.09514370,0.02358600,0.00000000,0.349999,0.022316,0.376816,0.350000,0.022319,0.376823
4.840000,0.00609814,0.32161688,-0.17325584,0.10867043,0.09285280,0.02311727,0.00000000,0.349999,0.019892,0.377479,0.350000,0.019895,0.377487
4.860000,0.01146533,0.32129524,-0.17136384,0.10832396,0.09054762,0.02264461,0.00000000,0.349999,0.017449,0.378066,0.350000,0.017451,0.378073
4.880000,0.01685696,0.32102654,-0.16970134,0.10795501,0.08822882,0.02216819,0.00000000,0.349999,0.014988,0.378575,0.350000,0.014991,0.378583
4.900000,0.02226980,0.32081177,-0.16827001,0.10756435,0.08589708,0.02168817,0.00000000,0.349999,0.012513,0.379007,0.350000,0.012515,0.379015
4.920000,0.02770064,0.32065176,-0.16707128,0.10715277,0.08355304,0.02120471,0.00000000,0.349999,0.010025,0.379361,0.350000,0.010027,0.379369
4.940000,0.03314628,0.32054719,-0.16610634,0.10672112,0.08119733,0.02071796,0.00000000,0.349999,0.007527,0.379637,0.350000,0.007529,0.379645
4.960000,0.03860352,0.32049859,-0.16537616,0.10627026,0.07883057,0.02022809,0.00000000,0.349999,0.005022,0.379834,0.350000,0.005023,0.379842
4.980000,0.04406918,0.32050634,-0.16488145,0.10580109,0.07645338,0.01973526,0.00000000,0.349999,0.002512,0.379953,0.350000,0.002513,0.379961
5.000000,0.04954007,0.32057066,-0.16462267,0.10531455,0.07406636,0.01923962,0.00000000,0.349999,-0.000000,0.379992,0.350000,0.000000,0.380000
5.020000,0.05501302,0.32069161,-0.16460006,0.10481159,0.07167013,0.01874133,0.00000000,0.349999,-0.002513,0.379953,0.350000,-0.002513,0.379961
5.040000,0.06048486,0.32086911,-0.16481358,0.10429319,0.06926531,0.01824057,0.00000000,0.349999,-0.005023,0.379834,0.350000,-0.005023,0.379842
5.060000,0.06595240,0.32110291,-0.16526299,0.10376036,0.06685250,0.01773748,0.00000000,0.349999,-0.007528,0.379637,0.350000,-0.007529,0.379645
5.080000,0.07141249,0.32139261,-0.16594777,0.10321413,0.06443235,0.01723225,0.00000000,0.349999,-0.010025,0.379361,0.350000,-0.010027,0.379369
5.100000,0.07686194,0.32173766,-0.16686717,0.10265553,0.06200549,0.01672505,0.00000000,0.349999,-0.012513,0.379007,0.350000,-0.012515,0.379015
5.120000,0.08229758,0.32213734,-0.16802020,0.10208564,0.05957260,0.01621604,0.00000000,0.349999,-0.014988,0.378575,0.350000,-0.014991,0.378583
5.140000,0.08771623,0.32259081,-0.16940564,0.10150552,0.05713435,0.01570542,0.00000000,0.349999,-0.017449,0.378066,0.350000,-0.017451,0.378073
5.160000,0.09311471,0.32309705,-0.17102201,0.10091628,0.05469145,0.01519337,0.00000000,0.349999,-0.019892,0.377479,0.350000,-0.019895,0.377487
5.180000,0.09848983,0.32365491,-0.17286762,0.10031901,0.05224463,0.01468008,0.00000000,0.349999,-0.022316,0.376816,0.350000,-0.022319,0.376823
5.200000,0.10383837,0.32426307,-0.17494053,0.09971483,0.04979466,0.01416575,0.00000000,0.349999,-0.024718,0.376077,0.350000,-0.024721,0.376085
5.220000,0.10915714,0.32492010,-0.17723858,0.09910484,0.04734234,0.01365059,0.00000000,0.349999,-0.027095,0.375263,0.350000,-0.027099,0.375270
5.240000,0.11444292,0.32562439,-0.17975939,0.09849018,0.04488850,0.01313481,0.00000000,0.349999,-0.029446,0.374375,0.350000,-0.029450,0.374382
5.260000,0.11969248,0.32637424,-0.18250035,0.09787197,0.04243401,0.01261864,0.00000000,0.349999,-0.031767,0.373413,0.350000,-0.031772,0.373420
5.280000,0.12490256,0.32716777,-0.18545864,0.09725133,0.03997980,0.01210231,0.00000000,0.349999,-0.034057,0.372379,0.350000,-0.034062,0.372386
5.300000,0.13006991,0.32800300,-0.18863122,0.09662938,0.03752682,0.01158606,0.00000000,0.349998,-0.036314,0.371274,0.350000,-0.036319,0.371281
5.320000,0.13519126,0.32887781,-0.19201485,0.09600724,0.03507611,0.01107014,0.00000000,0.349998,-0.038535,0.370098,0.350000,-0.038540,0.370105
5.340000,0.14026331,0.32978996,-0.19560610,0.09538602,0.03262872,0.01055481,0.00000000,0.349998,-0.040718,0.368853,0.350000,-0.040723,0.368859
5.360000,0.14528275,0.33073708,-0.19940131,0.09476682,0.03018577,0.01004035,0.00000000,0.349998,-0.042860,0.367540,0.350000,-0.042866,0.367546
5.380000,0.15024626,0.33171671,-0.20339666,0.09415074,0.02774846,0.00952703,0.00000000,0.349998,-0.044960,0.366160,0.350000,-0.044967,0.366166
5.400000,0.15515048,0.33272626,-0.20758814,0.09353885,0.02531803,0.00901515,0.00000000,0.349998,-0.047016,0.364715,0.350000,-0.047023,0.364721
5.420000,0.15999204,0.33376304,-0.21197153,0.09293222,0.02289578,0.00850503,0.00000000,0.349998,-0.049026,0.363207,0.350000,-0.049033,0.363212
5.440000,0.16476755,0.33482428,-0.21654248,0.09233189,0.02048309,0.00799698,0.00000000,0.349997,-0.050987,0.361635,0.350000,-0.050994,0.361641
5.460000,0.16947359,0.33590708,-0.22129643,0.09173891,0.01808141,0.00749133,0.00000000,0.349997,-0.052898,0.360003,0.350000,-0.052905,0.360009
5.480000,0.17410673,0.33700849,-0.22622867,0.09115427,0.01569226,0.00698844,0.00000000,0.349997,-0.054756,0.358312,0.350000,-0.054764,0.358317
5.500000,0.17866349,0.33812546,-0.23133436,0.09057898,0.01331724,0.00648866,0.00000000,0.349997,-0.056561,0.356564,0.350000,-0.056569,0.356569
5.520000,0.18314040,0.33925485,-0.23660846,0.09001399,0.01095800,0.00599237,0.00000000,0.349997,-0.058310,0.354759,0.350000,-0.058317,0.354764
5.540000,0.18753393,0.34039347,-0.24204582,0.08946026,0.00861631,0.00549997,0.00000000,0.349996,-0.060001,0.352900,0.350000,-0.060009,0.352905
5.560000,0.19184056,0.34153807,-0.24764113,0.08891871,0.00629401,0.00501186,0.00000000,0.349996,-0.061633,0.350990,0.350000,-0.061641,0.350994
5.580000,0.19605671,0.34268532,-0.25338895,0.08839022,0.00399300,0.00452846,0.00000000,0.349996,-0.063205,0.349028,0.350000,-0.063212,0.349033
5.600000,0.20017879,0.34383186,-0.25928372,0.08787566,0.00171530,0.00405021,0.00000000,0.349996,-0.064714,0.347019,0.350000,-0.064721,0.347023
5.620000,0.20420320,0.34497429,-0.26531973,0.08737587,-0.00053699,0.00357757,0.00000000,0.349995,-0.066159,0.344963,0.350000,-0.066166,0.344967
5.640000,0.20812629,0.34610915,-0.27149118,0.08689166,-0.00276170,0.00311101,0.00000000,0.349995,-0.067538,0.342863,0.350000,-0.067546,0.342866
5.660000,0.21194439,0.34723298,-0.27779215,0.08642381,-0.00495655,0.00265102,0.00000000,0.349995,-0.068852,0.340720,0.350000,-0.068859,0.340723
5.680000,0.21565383,0.34834228,-0.28421659,0.08597305,-0.00711916,0.00219810,0.00000000,0.349995,-0.070097,0.338537,0.350000,-0.070105,0.338540
5.700000,0.21925089,0.34943354,-0.29075838,0.08554012,-0.00924707,0.00175279,0.00000000,0.349995,-0.071273,0.336317,0.350000,-0.071281,0.336319
5.720000,0.22273184,0.35050326,-0.29741127,0.08512569,-0.01133772,0.00131561,0.00000000,0.349994,-0.072379,0.334060,0.350000,-0.072386,0.334062
5.740000,0.22609295,0.35154794,-0.30416894,0.08473042,-0.01338844,0.00088715,0.00000000,0.349994,-0.073413,0.331770,0.350000,-0.073420,0.331772
5.760000,0.22933044,0.35256408,-0.31102496,0.08435492,-0.01539649,0.00046796,0.00000000,0.349994,-0.074375,0.329448,0.350000,-0.074382,0.329450
5.780000,0.23244053,0.35354821,-0.31797284,0.08399980,-0.01735901,0.00005865,0.00000000,0.349994,-0.075263,0.327097,0.350000,-0.075270,0.327099
5.800000,0.23541944,0.35449691,-0.32500600,0.08366559,-0.01927305,-0.00034016,0.00000000,0.349993,-0.076078,0.324720,0.350000,-0.076085,0.324721
5.820000,0.23826337,0.35540679,-0.33211778,0.08335284,-0.02113555,-0.00072785,0.00000000,0.349993,-0.076817,0.322318,0.350000,-0.076823,0.322319
5.840000,0.24096851,0.35627450,-0.33930145,0.08306203,-0.02294337,-0.00110376,0.00000000,0.349993,-0.077480,0.319894,0.350000,-0.077487,0.319895
5.860000,0.24353106,0.35709677,-0.34655023,0.08279363,-0.02469327,-0.00146722,0.00000000,0.349993,-0.078067,0.317450,0.350000,-0.078073,0.317451
5.880000,0.24594723,0.35787040,-0.35385725,0.08254806,-0.02638192,-0.00181755,0.00000000,0.349993,-0.078577,0.314990,0.350000,-0.078583,0.314991
5.900000,0.24821321,0.35859229,-0.36121562,0.08232574,-0.02800588,-0.00215405,0.00000000,0.349992,-0.079010,0.312514,0.350000,-0.079015,0.312515
5.920000,0.25032523,0.35925942,-0.36861837,0.08212704,-0.02956163,-0.00247598,0.00000000,0.349992,-0.079364,0.310026,0.350000,-0.079369,0.310027
5.940000,0.25227953,0.35986888,-0.37605850,0.08195229,-0.03104557,-0.00278263,0.00000000,0.349992,-0.079640,0.307528,0.350000,-0.079645,0.307529
5.960000,0.25407237,0.36041790,-0.38352895,0.08180182,-0.03245401,-0.00307322,0.00000000,0.349992,-0.079838,0.305023,0.350000,-0.079842,0.305023
5.980000,0.25570006,0.36090383,-0.39102264,0.08167593,-0.03378318,-0.00334701,0.00000000,0.349992,-0.079956,0.302513,0.350000,-0.079961,0.302513
6.000000,0.25715894,0.36132418,-0.39853244,0.08157487,-0.03502924,-0.00360320,0.00000000,0.349991,-0.079996,0.300000,0.350000,-0.080000,0.300000
6.020000,0.25844540,0.36167662,-0.40605121,0.08149889,-0.03618829,-0.00384101,0.00000000,0.349991,-0.079957,0.297487,0.350000,-0.079961,0.297487
6.040000,0.25955588,0.36195898,-0.41357177,0.08144822,-0.03725634,-0.00405962,0.00000000,0.349991,-0.079839,0.294977,0.350000,-0.079842,0.294977
6.060000,0.26048690,0.36216932,-0.42108694,0.08142305,-0.03822938,-0.00425823,0.00000000,0.349991,-0.079643,0.292472,0.350000,-0.079645,0.292471
6.080000,0.26123506,0.36230587,-0.42858951,0.08142355,-0.03910334,-0.00443602,0.00000000,0.349991,-0.079367,0.289974,0.350000,-0.079369,0.289973
6.100000,0.26179704,0.36236708,-0.43607229,0.08144990,-0.03987411,-0.00459215,0.00000000,0.349991,-0.079014,0.287485,0.350000,-0.079015,0.287485
6.120000,0.26216962,0.36235166,-0.44352806,0.08150224,-0.04053755,-0.00472580,0.00000000,0.349991,-0.078582,0.285010,0.350000,-0.078583,0.285009
6.140000,0.26234970,0.36225854,-0.45094963,0.08158069,-0.04108954,-0.00483612,0.00000000,0.349991,-0.078073,0.282549,0.350000,-0.078073,0.282549
6.160000,0.26233431,0.36208692,-0.45832981,0.08168537,-0.04152590,-0.00492229,0.00000000,0.349990,-0.077487,0.280105,0.350000,-0.077487,0.280105
6.180000,0.26212059,0.36183628,-0.46566144,0.08181638,-0.04184252,-0.00498347,0.00000000,0.349990,-0.076824,0.277681,0.350000,-0.076823,0.277681
6.200000,0.26170588,0.36150638,-0.47293738,0.08197381,-0.04203528,-0.00501883,0.00000000,0.349990,-0.076086,0.275279,0.350000,-0.076085,0.275279
6.220000,0.26108766,0.36109730,-0.48015053,0.08215773,-0.04210011,-0.00502756,0.00000000,0.349990,-0.075272,0.272901,0.350000,-0.075270,0.272901
6.240000,0.26026359,0.36060941,-0.48729384,0.08236821,-0.04203301,-0.00500885,0.00000000,0.349990,-0.074384,0.270550,0.350000,-0.074382,0.270550
6.260000,0.25922639,0.36000117,-0.49433028,0.08260552,-0.04182356,-0.00496059,0.00000000,0.350000,-0.073420,0.268228,0.350000,-0.073420,0.268228
6.280000,0.25798313,0.35935818,-0.50131286,0.08286947,-0.04148007,-0.00488449,0.00000000,0.350000,-0.072386,0.265938,0.350000,-0.072386,0.265938
6.300000,0.25652830,0.35863961,-0.50820477,0.08316013,-0.04099316,-0.00477865,0.00000000,0.350000,-0.071281,0.263681,0.350000,-0.071281,0.263681
6.320000,0.25486050,0.35784720,-0.51499919,0.08347755,-0.04035928,-0.00464235,0.00000000,0.350000,-0.070105,0.261460,0.350000,-0.070105,0.261460
6.340000,0.25297857,0.35698303,-0.52168942,0.08382175,-0.03957500,-0.00447491,0.00000000,0.350000,-0.068859,0.259277,0.350000,-0.068859,0.259277
6.360000,0.25088165,0.35604958,-0.52826885,0.08419275,-0.03863711,-0.00427568,0.00000000,0.350000,-0.067546,0.257134,0.350000,-0.067546,0.257134
6.380000,0.24856920,0.35504967,-0.53473096,0.08459055,-0.03754260,-0.00404407,0.00000000,0.350000,-0.066166,0.255033,0.350000,-0.066166,0.255033
6.400000,0.24604097,0.35398647,-0.54106936,0.08501516,-0.03628869,-0.00377951,0.00000000,0.350000,-0.064721,0.252977,0.350000,-0.064721,0.252977
6.420000,0.24329708,0.35286354,-0.54727778,0.08546656,-0.03487287,-0.00348151,0.00000000,0.350000,-0.063212,0.250967,0.350000,-0.063212,0.250967
6.440000,0.24033801,0.35168478,-0.55335008,0.08594473,-0.03329291,-0.00314961,0.00000000,0.350000,-0.061641,0.249006,0.350000,-0.061641,0.249006
6.460000,0.23716459,0.35045445,-0.55928027,0.08644964,-0.03154690,-0.00278343,0.00000000,0.350000,-0.060009,0.247095,0.350000,-0.060009,0.247095
6.480000,0.23377807,0.34917712,-0.56506252,0.08698122,-0.02963325,-0.00238267,0.00000000,0.350000,-0.058317,0.245236,0.350000,-0.058317,0.245236
6.500000,0.23018009,0.34785772,-0.57069112,0.08753940,-0.02755077,-0.00194708,0.00000000,0.350000,-0.056569,0.243431,0.350000,-0.056569,0.243431
6.520000,0.22637273,0.34650146,-0.57616058,0.08812410,-0.02529862,-0.00147650,0.00000000,0.350000,-0.054764,0.241683,0.350000,-0.054764,0.241683
6.540000,0.22235848,0.34511387,-0.58146554,0.08873518,-0.02287641,-0.00097086,0.00000000,0.350000,-0.052905,0.239991,0.350000,-0.052905,0.239991
6.560000,0.21814030,0.34370071,-0.58660086,0.08937250,-0.02028418,-0.00043016,0.00000000,0.350000,-0.050994,0.238359,0.350000,-0.050994,0.238359
6.580000,0.21372160,0.34226800,-0.59156156,0.09003588,-0.01752241,0.00014549,0.00000000,0.350000,-0.049033,0.236788,0.350000,-0.049033,0.236788
6.600000,0.20910625,0.34082197,-0.59634286,0.09072511,-0.01459209,0.00075589,0.00000000,0.350000,-0.047023,0.235279,0.350000,-0.047023,0.235279
6.620000,0.20429860,0.33936902,-0.60094019,0.09143994,-0.01149470,0.00140072,0.00000000,0.350000,-0.044967,0.233834,0.350000,-0.044967,0.233834
6.640000,0.19930349,0.33791569,-0.60534917,0.09218009,-0.00823224,0.00207959,0.00000000,0.350000,-0.042866,0.232454,0.350000,-0.042866,0.232454
6.660000,0.19412622,0.33646863,-0.60956563,0.09294521,-0.00480724,0.00279197,0.00000000,0.350000,-0.040723,0.231141,0.350000,-0.040723,0.231141
6.680000,0.18877257,0.33503457,-0.61358559,0.09373494,-0.00122278,0.00353724,0.00000000,0.350000,-0.038540,0.229895,0.350000,-0.038540,0.229895
6.700000,0.18324882,0.33362023,-0.61740530,0.09454884,0.00251753,0.00431466,0.00000000,0.350000,-0.036319,0.228719,0.350000,-0.036319,0.228719
6.720000,0.17756171,0.33223233,-0.62102120,0.09538645,0.00640949,0.00512337,0.00000000,0.350000,-0.034062,0.227614,0.350000,-0.034062,0.227614
6.740000,0.17171845,0.33087752,-0.62442996,0.09624724,0.01044838,0.00596241,0.00000000,0.350000,-0.031772,0.226580,0.350000,-0.031772,0.226580
6.760000,0.16572669,0.32956232,-0.62762842,0.09713064,0.01462889,0.00683069,0.00000000,0.350000,-0.029450,0.225618,0.350000,-0.029450,0.225618
6.780000,0.15959456,0.32829313,-0.63061366,0.09803603,0.01894518,0.00772704,0.00000000,0.350000,-0.027099,0.224730,0.350000,-0.027099,0.224730
6.800000,0.15333057,0.32707609,-0.63338293,0.09896273,0.02339089,0.00865015,0.00000000,0.350000,-0.024721,0.223915,0.350000,-0.024721,0.223915
6.820000,0.14694367,0.32591712,-0.63593370,0.09991003,0.02795910,0.00959861,0.00000000,0.350000,-0.022319,0.223177,0.350000,-0.022319,0.223177
6.840000,0.14044321,0.32482183,-0.63826363,0.10087716,0.03264241,0.01057092,0.00000000,0.350000,-0.019895,0.222513,0.350000,-0.019895,0.222513
6.860000,0.13383886,0.32379548,-0.64037056,0.10186333,0.03743294,0.01156547,0.00000000,0.350000,-0.017451,0.221927,0.350000,-0.017451,0.221927
6.880000,0.12714066,0.32284297,-0.64225254,0.10286769,0.04232236,0.01258057,0.00000000,0.350000,-0.014991,0.221417,0.350000,-0.014991,0.221417
6.900000,0.12035897,0.32196874,-0.64390778,0.10388938,0.04730191,0.01361444,0.00000000,0.350000,-0.012515,0.220985,0.350000,-0.012515,0.220985
6.920000,0.11350440,0.32117680,-0.64533469,0.10492750,0.05236245,0.01466522,0.00000000,0.350000,-0.010027,0.220631,0.350000,-0.010027,0.220631
6.940000,0.10658781,0.32047066,-0.64653186,0.10598116,0.05749450,0.01573098,0.00000000,0.350000,-0.007529,0.220355,0.350000,-0.007529,0.220355
6.960000,0.09962031,0.31985331,-0.64749807,0.10704942,0.06268826,0.01680973,0.00000000,0.350000,-0.005023,0.220158,0.350000,-0.005023,0.220158
6.980000,0.09261313,0.31932718,-0.64823225,0.10813137,0.06793369,0.01789943,0.00000000,0.350000,-0.002513,0.220039,0.350000,-0.002513,0.220039
7.000000,0.08557769,0.31889417,-0.64873354,0.10922609,0.07322053,0.01899800,0.00000000,0.350000,0.000000,0.220000,0.350000,-0.000000,0.220000
7.020000,0.07852548,0.31855557,-0.64900125,0.11033268,0.07853835,0.02010333,0.00000000,0.350000,0.002513,0.220039,0.350000,0.002513,0.220039
7.040000,0.07146807,0.31831211,-0.64903487,0.11145024,0.08387662,0.02121327,0.00000000,0.350000,0.005023,0.220158,0.350000,0.005023,0.220158
7.060000,0.06441704,0.31816390,-0.64883408,0.11257792,0.08922475,0.02232569,0.00000000,0.350000,0.007529,0.220355,0.350000,0.007529,0.220355
7.080000,0.05738397,0.31811049,-0.64839876,0.11371490,0.09457215,0.02343843,0.00000000,0.350000,0.010027,0.220631,0.350000,0.010027,0.220631
7.100000,0.05038038,0.31815084,-0.64772897,0.11486040,0.09990826,0.02454937,0.00000000,0.350000,0.012515,0.220985,0.350000,0.012515,0.220985
7.120000,0.04341768,0.31828333,-0.64682499,0.11601367,0.10522264,0.02565639,0.00000000,0.350000,0.014991,0.221417,0.350000,0.014991,0.221417
7.140000,0.03650718,0.31850579,-0.64568729,0.11717405,0.11050498,0.02675742,0.00000000,0.350000,0.017451,0.221927,0.350000,0.017451,0.221927
7.160000,0.02965998,0.31881551,-0.64431655,0.11834088,0.11574519,0.02785041,0.00000000,0.350000,0.019895,0.222513,0.350000,0.019895,0.222513
7.180000,0.02288701,0.31920929,-0.64271371,0.11951360,0.12093341,0.02893337,0.00000000,0.350000,0.022319,0.223177,0.350000,0.022319,0.223177
7.200000,0.01619894,0.31968344,-0.64087990,0.12069171,0.12606010,0.03000440,0.00000000,0.350000,0.024721,0.223915,0.350000,0.024721,0.223915
7.220000,0.00960617,0.32023383,-0.63881649,0.12187473,0.13111603,0.03106162,0.00000000,0.350000,0.027099,0.224730,0.350000,0.027099,0.224730
7.240000,0.00311880,0.32085592,-0.63652511,0.12306227,0.13609235,0.03210327,0.00000000,0.350000,0.029450,0.225618,0.350000,0.029450,0.225618
7.260000,-0.00325342,0.32154480,-0.63400763,0.12425400,0.14098062,0.03312764,0.00000000,0.350000,0.031772,0.226580,0.350000,0.031772,0.226580
7.280000,-0.00950109,0.32229524,-0.63126618,0.12544963,0.14577286,0.03413313,0.00000000,0.350000,0.034062,0.227614,0.350000,0.034062,0.227614
7.300000,-0.01561518,0.32310171,-0.62830313,0.12664892,0.15046153,0.03511825,0.00000000,0.350000,0.036319,0.228719,0.350000,0.036319,0.228719
7.320000,-0.02158710,0.32395848,-0.62512113,0.12785167,0.15503959,0.03608157,0.00000000,0.350000,0.038540,0.229895,0.350000,0.038540,0.229895
7.340000,-0.02740867,0.32485958,-0.62172310,0.12905775,0.15950052,0.03702179,0.00000000,0.350000,0.040723,0.231141,0.350000,0.040723,0.231141
7.360000,-0.03307215,0.32579893,-0.61811220,0.13026702,0.16383832,0.03793772,0.00000000,0.350000,0.042866,0.232454,0.350000,0.042866,0.232454
7.380000,-0.03857026,0.32677032,-0.61429189,0.13147940,0.16804753,0.03882826,0.00000000,0.350000,0.044967,0.233834,0.350000,0.044967,0.233834
7.400000,-0.04389620,0.32776752,-0.61026588,0.13269481,0.17212321,0.03969242,0.00000000,0.350000,0.047023,0.235279,0.350000,0.047023,0.235279
7.420000,-0.04904363,0.32878424,-0.60603814,0.13391320,0.17606098,0.04052935,0.00000000,0.350000,0.049033,0.236788,0.350000,0.049033,0.236788
7.440000,-0.05400670,0.32981426,-0.60161291,0.13513451,0.17985700,0.04133826,0.00000000,0.350000,0.050994,0.238359,0.350000,0.050994,0.238359
7.460000,-0.05878006,0.33085141,-0.59699468,0.13635869,0.18350795,0.04211850,0.00000000,0.350000,0.052905,0.239991,0.350000,0.052905,0.239991
7.480000,-0.06335882,0.33188961,-0.59218819,0.13758567,0.18701107,0.04286951,0.00000000,0.350000,0.054764,0.241683,0.350000,0.054764,0.241683
7.500000,-0.06773859,0.33292296,-0.58719842,0.13881537,0.19036407,0.04359084,0.00000000,0.350000,0.056569,0.243431,0.350000,0.056569,0.243431
7.520000,-0.07191546,0.33394570,-0.58203059,0.14004769,0.19356519,0.04428213,0.00000000,0.350000,0.058317,0.245236,0.350000,0.058317,0.245236
7.540000,-0.07588598,0.33495231,-0.57669013,0.14128250,0.19661314,0.04494313,0.00000000,0.350000,0.060009,0.247095,0.350000,0.060009,0.247095
7.560000,-0.07964719,0.33593745,-0.57118270,0.14251963,0.19950707,0.04557365,0.00000000,0.350000,0.061641,0.249006,0.350000,0.061641,0.249006
7.580000,-0.08319656,0.33689610,-0.56551416,0.14375890,0.20224662,0.04617362,0.00000000,0.350000,0.063212,0.250967,0.350000,0.063212,0.250967
7.600000,-0.08653201,0.33782346,-0.55969054,0.14500004,0.20483180,0.04674303,0.00000000,0.350000,0.064721,0.252977,0.350000,0.064721,0.252977
7.620000,-0.08965189,0.33871505,-0.55371808,0.14624279,0.20726302,0.04728196,0.00000000,0.350000,0.066166,0.255033,0.350000,0.066166,0.255033
7.640000,-0.09255497,0.33956670,-0.54760316,0.14748679,0.20954110,0.04779054,0.00000000,0.350000,0.067546,0.257134,0.350000,0.067546,0.257134
7.660000,-0.09524042,0.34037456,-0.54135235,0.14873168,0.21166714,0.04826899,0.00000000,0.350000,0.068859,0.259277,0.350000,0.068859,0.259277
7.680000,-0.09770778,0.34113510,-0.53497233,0.14997700,0.21364259,0.04871757,0.00000000,0.350000,0.070105,0.261460,0.350000,0.070105,0.261460
7.700000,-0.09995697,0.34184514,-0.52846992,0.15122228,0.21546920,0.04913662,0.00000000,0.350000,0.071281,0.263681,0.350000,0.071281,0.263681
7.720000,-0.10198824,0.34250183,-0.52185205,0.15246696,0.21714897,0.04952651,0.00000000,0.350000,0.072386,0.265938,0.350000,0.072386,0.265938
7.740000,-0.10380219,0.34310266,-0.51512579,0.15371047,0.21868413,0.04988765,0.00000000,0.350000,0.073420,0.268228,0.350000,0.073420,0.268228
7.760000,-0.10539972,0.34364548,-0.50829825,0.15495215,0.22007715,0.05022052,0.00000000,0.350000,0.074382,0.270550,0.350000,0.074382,0.270550
7.780000,-0.10678202,0.34412846,-0.50137667,0.15619130,0.22133066,0.05052560,0.00000000,0.350000,0.075270,0.272901,0.350000,0.075270,0.272901
7.800000,-0.10795056,0.34455010,-0.49436833,0.15742720,0.22244747,0.05080343,0.00000000,0.350000,0.076085,0.275279,0.350000,0.076085,0.275279
7.820000,-0.10890708,0.34490924,-0.48728057,0.15865905,0.22343056,0.05105456,0.00000000,0.350000,0.076823,0.277681,0.350000,0.076823,0.277681
7.840000,-0.10965352,0.34520505,-0.48012081,0.15988603,0.22428298,0.05127956,0.00000000,0.350000,0.077487,0.280105,0.350000,0.077487,0.280105
7.860000,-0.11019367,0.34547833,-0.47292641,0.16110177,0.22501383,0.05147997,0.00000000,0.349990,0.078075,0.282549,0.350000,0.078073,0.282549
7.880000,-0.11052546,0.34564580,-0.46564478,0.16231624,0.22561376,0.05165436,0.00000000,0.349990,0.078584,0.285010,0.350000,0.078583,0.285009
7.900000,-0.11065438,0.34574929,-0.45831365,0.16352310,0.22609283,0.05180447,0.00000000,0.349990,0.079015,0.287485,0.350000,0.079015,0.287485
7.920000,-0.11058316,0.34578901,-0.45094043,0.16472138,0.22645443,0.05193091,0.00000000,0.349990,0.079369,0.289973,0.350000,0.079369,0.289973
7.940000,-0.11031473,0.34576559,-0.44353262,0.16591010,0.22670195,0.05203433,0.00000000,0.349991,0.079644,0.292471,0.350000,0.079645,0.292471
7.960000,-0.10985212,0.34567988,-0.43609773,0.16708822,0.22683883,0.05211536,0.00000000,0.349991,0.079841,0.294977,0.350000,0.079842,0.294977
7.980000,-0.10919853,0.34553299,-0.42864324,0.16825470,0.22686850,0.05217463,0.00000000,0.349991,0.079959,0.297487,0.350000,0.079961,0.297487
