# rollout meta: {"joint_names": ["joint1", "joint2", "joint3", "joint4", "joint5", "joint6", "joint7"], "dt": 0.02, "n": 200, "has_base": true, "source": "imit", "note": ""}
t,q1,q2,q3,q4,q5,q6,q7,ee_x,ee_y,ee_z,tgt_x,tgt_y,tgt_z,bx,by,bz,bqx,bqy,bqz,bqw,drawing
0.000000,0.08473751,0.19168118,0.02090808,0.01698944,0.04780984,-0.04781409,0.02422534,0.397030,-0.023533,0.403319,0.300000,0.079961,0.102513,0.019842,0.002507,0.000000,0.00010993,0.00069522,-0.00080462,0.99999943,1
0.020000,0.05604073,0.22043315,-0.00816405,0.04211013,0.07675785,-0.04629050,0.02077562,0.389225,-0.003693,0.403035,0.300000,0.079842,0.105023,0.019372,0.004974,0.000000,0.00021755,0.00062355,-0.00084070,0.99999943,1
0.040000,0.03187453,0.24920443,-0.03728820,0.07316811,0.10607905,-0.07397424,-0.00635441,0.381028,0.013436,0.402248,0.300000,0.079645,0.107529,0.018596,0.007362,0.000000,0.00032172,0.00054205,-0.00086350,0.99999943,1
0.060000,0.05119403,0.27804801,-0.06670018,0.11343983,0.13733391,-0.10281119,-0.03526465,0.372325,0.013484,0.401812,0.300000,0.079369,0.110027,0.017526,0.009635,0.000000,0.00042080,0.00045199,-0.00087267,0.99999943,1
0.080000,0.07560743,0.30683962,-0.09586534,0.14275788,0.16636002,-0.13172904,-0.06418587,0.363328,0.010559,0.401296,0.300000,0.079015,0.112515,0.016180,0.011756,0.000000,0.00051325,0.00035481,-0.00086805,0.99999943,1
0.100000,0.10076343,0.33564675,-0.12504433,0.17168269,0.19529562,-0.16065051,-0.09310725,0.353996,0.007090,0.400804,0.300000,0.078583,0.114991,0.014579,0.013691,0.000000,0.00059759,0.00025205,-0.00084972,0.99999943,1
0.120000,0.12609714,0.36447152,-0.15424354,0.20050338,0.22420099,-0.18957330,-0.12202871,0.344362,0.003277,0.400325,0.300000,0.078073,0.117451,0.012748,0.015410,0.000000,0.00067252,0.00014532,-0.00081797,0.99999943,1
0.140000,0.15141699,0.39331520,-0.18346274,0.22929393,0.25309271,-0.21849650,-0.15095028,0.334461,-0.000844,0.399850,0.300000,0.077487,0.119895,0.010717,0.016887,0.000000,0.00073684,0.00003632,-0.00077330,0.99999943,1
0.160000,0.17646100,0.42217761,-0.21269843,0.25805461,0.28196600,-0.24741973,-0.17987183,0.324335,-0.005209,0.399371,0.300000,0.076823,0.122319,0.008516,0.018097,0.000000,0.00078956,-0.00007324,-0.00071643,0.99999943,1
0.180000,0.20070006,0.45105818,-0.24194621,0.28677058,0.31080785,-0.27634236,-0.20879337,0.314027,-0.009644,0.398893,0.300000,0.076085,0.124721,0.006180,0.019021,0.000000,0.00082984,-0.00018164,-0.00064824,0.99999943,1
0.200000,0.22342935,0.47995642,-0.27120316,0.31544319,0.33961183,-0.30526406,-0.23771492,0.303583,-0.013899,0.398434,0.300000,0.075270,0.127099,0.003748,0.019646,0.000000,0.00085704,-0.00028715,-0.00056983,0.99999943,1
0.220000,0.24438572,0.50887340,-0.30047062,0.34411097,0.36840329,-0.33418560,-0.26663640,0.293048,-0.017892,0.398013,0.300000,0.074382,0.129450,0.001256,0.019961,0.000000,0.00087076,-0.00038813,-0.00048243,0.99999943,1
0.240000,0.26326191,0.53780860,-0.32974622,0.37274885,0.39718008,-0.36310661,-0.29555780,0.282469,-0.021519,0.397647,0.300000,0.073420,0.131772,-0.001256,0.019961,0.000000,0.00087076,-0.00048298,-0.00038743,0.99999943,1
0.260000,0.27977577,0.56676167,-0.35902801,0.40131480,0.42594555,-0.39202711,-0.32447922,0.271894,-0.024682,0.397351,0.300000,0.072386,0.134062,-0.003748,0.019646,0.000000,0.00085704,-0.00057020,-0.00028633,0.99999943,1
0.280000,0.29371181,0.59573263,-0.38831457,0.42972037,0.45470443,-0.42094734,-0.35340065,0.261369,-0.027300,0.397133,0.300000,0.071281,0.136319,-0.006180,0.019021,0.000000,0.00082984,-0.00064844,-0.00018072,0.99999943,1
0.300000,0.30472943,0.62471980,-0.41760287,0.45776951,0.48345235,-0.44986695,-0.38232204,0.250945,-0.029234,0.396994,0.300000,0.070105,0.138540,-0.008516,0.018097,0.000000,0.00078956,-0.00071645,-0.00007227,0.99999943,1
0.320000,0.31273997,0.65372372,-0.44689205,0.48506477,0.51220357,-0.47878590,-0.41124347,0.240669,-0.030425,0.396906,0.300000,0.068859,0.140723,-0.010717,0.016887,0.000000,0.00073684,-0.00077317,0.00003730,0.99999943,1
0.340000,0.31787837,0.68274391,-0.47618020,0.51088041,0.54096782,-0.50770354,-0.44016489,0.230595,-0.030880,0.396795,0.300000,0.067546,0.142866,-0.012748,0.015410,0.000000,0.00067252,-0.00081771,0.00014626,0.99999943,1
0.360000,0.32052699,0.71178007,-0.50546330,0.53371960,0.56975502,-0.53661883,-0.46908629,0.220786,-0.030659,0.396516,0.300000,0.066166,0.144967,-0.014579,0.013691,0.000000,0.00059759,-0.00084938,0.00025291,0.99999943,1
0.380000,0.32092869,0.74082929,-0.53473210,0.55068851,0.59855384,-0.56552941,-0.49800768,0.211331,-0.029680,0.395817,0.300000,0.064721,0.147023,-0.016180,0.011756,0.000000,0.00051325,-0.00086767,0.00035556,0.99999943,1
0.400000,0.31883585,0.76988506,-0.56397611,0.55781549,0.62733376,-0.59443331,-0.52692938,0.202344,-0.027580,0.394367,0.300000,0.063212,0.149033,-0.017526,0.009635,0.000000,0.00042080,-0.00087229,0.00045259,0.99999943,1
0.420000,0.31341285,0.79892850,-0.59319746,0.55291474,0.65604609,-0.62333441,-0.55585104,0.193915,-0.023813,0.391938,0.300000,0.061641,0.150994,-0.018596,0.007362,0.000000,0.00032172,-0.00086318,0.00054247,0.99999943,1
0.440000,0.30430597,0.82789129,-0.62242258,0.53889990,0.68460971,-0.65224147,-0.58477277,0.186063,-0.018300,0.388612,0.300000,0.060009,0.152905,-0.019372,0.004974,0.000000,0.00021755,-0.00084047,0.00062381,0.99999943,1
0.460000,0.29203707,0.85640109,-0.65165997,0.52018088,0.71266836,-0.68115741,-0.61369449,0.178887,-0.011456,0.384520,0.300000,0.058317,0.154764,-0.019842,0.002507,0.000000,0.00010993,-0.00080453,0.00069530,0.99999943,1
0.480000,0.27836180,0.88260478,-0.68087465,0.49816558,0.73905122,-0.71007895,-0.64261621,0.173055,-0.004113,0.379423,0.300000,0.056569,0.156569,-0.020000,-0.000000,0.000000,0.00000057,-0.00075592,0.00075584,0.99999943,1
0.500000,0.26631269,0.89995611,-0.70999962,0.47539648,0.76109987,-0.73901367,-0.67153782,0.170702,0.002309,0.372837,0.300000,0.054764,0.158318,-0.019842,-0.002507,0.000000,-0.00010881,-0.00069540,0.00080447,0.99999943,1
0.520000,0.25547394,0.89597118,-0.73891169,0.45504460,0.77365792,-0.76796764,-0.70045930,0.175695,0.007530,0.363782,0.300000,0.052905,0.160009,-0.019372,-0.004974,0.000000,-0.00021650,-0.00062392,0.00084043,0.99999943,1
0.540000,0.24160020,0.87356824,-0.76791167,0.44558275,0.77041084,-0.79692167,-0.72937971,0.187221,0.011989,0.352474,0.300000,0.050994,0.161641,-0.018596,-0.007362,0.000000,-0.00032078,-0.00054260,0.00086316,0.99999943,1
0.560000,0.22010663,0.84702975,-0.79713506,0.44499969,0.75308961,-0.82583064,-0.75829428,0.200743,0.017129,0.339579,0.300000,0.049033,0.163212,-0.017526,-0.009635,0.000000,-0.00042001,-0.00045273,0.00087229,0.99999943,1
0.580000,0.19631527,0.81939471,-0.82634598,0.42921448,0.72671807,-0.85460079,-0.78716016,0.214701,0.022224,0.323547,0.300000,0.047023,0.164721,-0.016180,-0.011756,0.000000,-0.00051263,-0.00035570,0.00086768,0.99999943,1
0.600000,0.17220320,0.79090232,-0.85565531,0.40256953,0.69813722,-0.88085252,-0.81587386,0.227910,0.026943,0.305455,0.300000,0.044967,0.166166,-0.014579,-0.013691,0.000000,-0.00059717,-0.00025306,0.00084941,0.99999943,1
0.620000,0.14745165,0.76215279,-0.88502383,0.37367555,0.66924727,-0.87888598,-0.84284419,0.239473,0.031860,0.286131,0.300000,0.042866,0.167546,-0.012748,-0.015410,0.000000,-0.00067228,-0.00014642,0.00081777,0.99999943,1
0.640000,0.12670577,0.73330069,-0.91441917,0.34453848,0.64049268,-0.86241913,-0.82553345,0.249460,0.035236,0.266371,0.300000,0.040723,0.168859,-0.010717,-0.016887,0.000000,-0.00073679,-0.00003746,0.00077325,0.99999943,1
0.660000,0.10992812,0.70441371,-0.94348937,0.31604758,0.61179298,-0.83964348,-0.84611440,0.257971,0.037043,0.246694,0.300000,0.038540,0.170105,-0.008516,-0.018097,0.000000,-0.00078966,0.00007211,0.00071654,0.99999943,1
0.680000,0.09069747,0.67522031,-0.92280424,0.28626034,0.58339757,-0.81125742,-0.81729013,0.266469,0.037605,0.242681,0.300000,0.036319,0.171281,-0.006180,-0.019021,0.000000,-0.00083007,0.00018056,0.00064854,0.99999943,1
0.700000,0.08937730,0.64664245,-0.94689417,0.25792024,0.55459309,-0.78256112,-0.79564840,0.273407,0.035043,0.225494,0.300000,0.034062,0.172386,-0.003748,-0.019646,0.000000,-0.00085737,0.00028618,0.00057032,0.99999943,1
0.720000,0.07424637,0.61739719,-0.92039382,0.22804363,0.52608705,-0.75412440,-0.76692420,0.282036,0.034278,0.223746,0.300000,0.031772,0.173420,-0.001256,-0.019961,0.000000,-0.00087113,0.00038729,0.00048311,0.99999943,1
0.740000,0.06439035,0.58866096,-0.92037684,0.19929948,0.49732304,-0.72525138,-0.73818588,0.289212,0.032942,0.214045,0.300000,0.029450,0.174382,0.001256,-0.019961,0.000000,-0.00087113,0.00048230,0.00038827,0.99999943,1
0.760000,0.05409526,0.55956072,-0.89470494,0.16993313,0.46897817,-0.69629270,-0.70927888,0.297787,0.031289,0.212628,0.300000,0.027099,0.175270,0.003748,-0.019646,0.000000,-0.00085737,0.00056971,0.00028731,0.99999943,1
0.780000,0.04344570,0.53077912,-0.89323366,0.14099064,0.44028103,-0.66739863,-0.68036866,0.304578,0.030117,0.203665,0.300000,0.024721,0.176085,0.006180,-0.019021,0.000000,-0.00083007,0.00064813,0.00018180,0.99999943,1
0.800000,0.03844269,0.50172263,-0.87312376,0.11198411,0.41219997,-0.63844967,-0.65144855,0.312577,0.027703,0.201073,0.300000,0.022319,0.176823,0.008516,-0.018097,0.000000,-0.00078966,0.00071633,0.00007341,0.99999943,1
0.820000,0.03060975,0.47302008,-0.88018179,0.08282894,0.38401565,-0.60955226,-0.62252909,0.317909,0.026220,0.189951,0.300000,0.019895,0.177487,0.010717,-0.016887,0.000000,-0.00073679,0.00077323,-0.00003616,0.99999943,1
0.840000,0.03103195,0.44413888,-0.86829430,0.05416233,0.35652047,-0.58060783,-0.59360766,0.324642,0.023198,0.185368,0.300000,0.017451,0.178073,0.012748,-0.015410,0.000000,-0.00067228,0.00081791,-0.00014516,0.99999943,1
0.860000,0.02891998,0.41574746,-0.88411999,0.02480417,0.32856947,-0.55170768,-0.56468689,0.327851,0.020937,0.172281,0.300000,0.014991,0.178583,0.014579,-0.013691,0.000000,-0.00059717,0.00084968,-0.00025190,0.99999943,1
0.880000,0.04223008,0.38713792,-0.88478702,-0.00322640,0.30099118,-0.52277935,-0.53576899,0.332230,0.016204,0.164625,0.300000,0.012515,0.179015,0.016180,-0.011756,0.000000,-0.00051263,0.00086803,-0.00035467,0.99999943,1
0.900000,0.03939024,0.35865912,-0.90372080,-0.03355202,0.27243358,-0.49385223,-0.50685471,0.333471,0.014326,0.151138,0.300000,0.010027,0.179369,0.017526,-0.009635,0.000000,-0.00042001,0.00087267,-0.00045185,0.99999943,1
0.920000,0.06346691,0.33007839,-0.91398913,-0.06062905,0.24491973,-0.46494916,-0.47816697,0.335190,0.008855,0.141210,0.300000,0.007529,0.179645,0.018596,-0.007362,0.000000,-0.00032078,0.00086353,-0.00054192,0.99999943,1
0.940000,0.05933935,0.30139247,-0.92981756,-0.09176470,0.21623610,-0.43601048,-0.44940257,0.335268,0.007433,0.129316,0.300000,0.005023,0.179842,0.019372,-0.004974,0.000000,-0.00021650,0.00084075,-0.00062344,0.99999943,1
0.960000,0.08621497,0.27266669,-0.94371766,-0.11839832,0.18872307,-0.40715852,-0.43531761,0.334937,0.002589,0.118726,0.300000,0.002513,0.179961,0.019842,-0.002507,0.000000,-0.00010881,0.00080469,-0.00069513,0.99999943,1
0.980000,0.09027855,0.24391717,-0.95165902,-0.14881867,0.16025005,-0.37842250,-0.40809160,0.335078,0.000378,0.109784,0.300000,0.000000,0.180000,0.020000,0.000000,0.000000,0.00000057,0.00075592,-0.00075584,0.99999943,1
1.000000,0.11682981,0.21509805,-0.96710318,-0.17637330,0.13266829,-0.35241222,-0.42516199,0.333170,-0.003648,0.099104,0.300000,-0.002513,0.179961,0.019842,0.002507,0.000000,0.00010993,0.00069522,-0.00080462,0.99999943,1
1.020000,0.13856266,0.18642077,-0.94947314,-0.20357133,0.10438722,-0.32748604,-0.40294653,0.337736,-0.008062,0.097075,0.300000,-0.005023,0.179842,0.019372,0.004974,0.000000,0.00021755,0.00062355,-0.00084070,0.99999943,1
1.040000,0.14650863,0.15767249,-0.97245884,-0.23589699,0.07568964,-0.31861728,-0.42440242,0.333545,-0.010328,0.085015,0.300000,-0.007529,0.179645,0.018596,0.007362,0.000000,0.00032172,0.00054205,-0.00086350,0.99999943,1
1.060000,0.17405522,0.12867455,-0.95794165,-0.25941482,0.04767795,-0.34396604,-0.43637499,0.337720,-0.016205,0.082196,0.300000,-0.010027,0.179369,0.017526,0.009635,0.000000,0.00042080,0.00045199,-0.00087267,0.99999943,1
1.080000,0.15263082,0.09977069,-0.95044684,-0.29158971,0.01830936,-0.36639416,-0.40768042,0.340241,-0.018224,0.079048,0.300000,-0.012515,0.179015,0.016180,0.011756,0.000000,0.00051325,0.00035481,-0.00086805,0.99999943,1
1.100000,0.17910518,0.07094005,-0.97906518,-0.32088578,-0.01042805,-0.39463922,-0.43650624,0.334151,-0.022488,0.066273,0.300000,-0.014991,0.178583,0.014579,0.013691,0.000000,0.00059759,0.00025205,-0.00084972,0.99999943,1
1.120000,0.19639416,0.04170742,-0.95259893,-0.34363228,-0.03834105,-0.42360321,-0.41027540,0.340817,-0.027940,0.066465,0.300000,-0.017451,0.178073,0.012748,0.015410,0.000000,0.00067252,0.00014532,-0.00081797,0.99999943,1
1.140000,0.17029668,0.01293227,-0.97814155,-0.37633759,-0.06836344,-0.45244813,-0.40371183,0.335132,-0.029110,0.057224,0.300000,-0.019895,0.177487,0.010717,0.016887,0.000000,0.00073684,0.00003632,-0.00077330,0.99999943,1
1.160000,0.19747427,-0.01608484,-0.99559611,-0.38107547,-0.09659261,-0.48140728,-0.43259829,0.330134,-0.032854,0.047246,0.300000,-0.022319,0.176823,0.008516,0.018097,0.000000,0.00078956,-0.00007324,-0.00071643,0.99999943,1
1.180000,0.21006386,-0.04512286,-0.96769279,-0.40379754,-0.12421164,-0.51033670,-0.40840396,0.337157,-0.038082,0.047845,0.300000,-0.024721,0.176085,0.006180,0.019021,0.000000,0.00082984,-0.00018164,-0.00064824,0.99999943,1
1.200000,0.18957074,-0.07394999,-0.98521364,-0.39721733,-0.15435851,-0.53923798,-0.42776522,0.331319,-0.039905,0.040452,0.300000,-0.027099,0.175270,0.003748,0.019646,0.000000,0.00085704,-0.00028715,-0.00056983,0.99999943,1
1.220000,0.21709709,-0.10281369,-0.96329981,-0.38367870,-0.18169945,-0.56817740,-0.45666459,0.335022,-0.045064,0.037927,0.300000,-0.029450,0.174382,0.001256,0.019961,0.000000,0.00087076,-0.00038813,-0.00048243,0.99999943,1
1.240000,0.22014162,-0.13108863,-0.93494695,-0.40921903,-0.21005917,-0.59706300,-0.43887675,0.342329,-0.050552,0.039252,0.300000,-0.031772,0.173420,-0.001256,0.019961,0.000000,0.00087076,-0.00048298,-0.00038743,0.99999943,1
1.260000,0.23686726,-0.15977536,-0.96160680,-0.38756070,-0.24070218,-0.62607974,-0.46744719,0.332745,-0.053885,0.027492,0.300000,-0.034062,0.172386,-0.003748,0.019646,0.000000,0.00085704,-0.00057020,-0.00028633,0.99999943,1
1.280000,0.26261812,-0.18877159,-0.93440318,-0.36577722,-0.26751882,-0.65495336,-0.49331388,0.336948,-0.059423,0.024999,0.300000,-0.036319,0.171281,-0.006180,0.019021,0.000000,0.00082984,-0.00064844,-0.00018072,0.99999943,1
1.300000,0.26620093,-0.21717697,-0.90597749,-0.36702159,-0.29606465,-0.68378568,-0.51412243,0.342908,-0.065251,0.025116,0.300000,-0.038540,0.170105,-0.008516,0.018097,0.000000,0.00078956,-0.00071645,-0.00007227,0.99999943,1
1.320000,0.29304668,-0.24549392,-0.89418310,-0.34130445,-0.32557306,-0.71282929,-0.54299641,0.342637,-0.070776,0.019241,0.300000,-0.040723,0.168859,-0.010717,0.016887,0.000000,0.00073684,-0.00077317,0.00003730,0.99999943,1
1.340000,0.30003706,-0.27359298,-0.86664569,-0.31615362,-0.35366541,-0.74169290,-0.56943822,0.346355,-0.076649,0.017727,0.300000,-0.042866,0.167546,-0.012748,0.015410,0.000000,0.00067252,-0.00081771,0.00014626,0.99999943,1
1.360000,0.32628456,-0.30101046,-0.84516817,-0.28860772,-0.38268268,-0.77065873,-0.59834498,0.348216,-0.082758,0.013215,0.300000,-0.044967,0.166166,-0.014579,0.013691,0.000000,0.00059759,-0.00084938,0.00025291,0.99999943,1
1.380000,0.32994413,-0.32876599,-0.81861728,-0.25931522,-0.41118509,-0.79953128,-0.62690502,0.351118,-0.088769,0.011367,0.300000,-0.047023,0.164721,-0.016180,0.011756,0.000000,0.00051325,-0.00086767,0.00035556,0.99999943,1
1.400000,0.35700247,-0.35552859,-0.81158298,-0.23237929,-0.44059259,-0.82849365,-0.65582538,0.349157,-0.094075,0.004018,0.300000,-0.049033,0.163212,-0.017526,0.009635,0.000000,0.00042080,-0.00087229,0.00045259,0.99999943,1
1.420000,0.36250773,-0.38403985,-0.78714716,-0.20117301,-0.46874827,-0.85737181,-0.68467593,0.351189,-0.099815,0.001020,0.300000,-0.050994,0.161641,-0.018596,0.007362,0.000000,0.00032172,-0.00086318,0.00054247,0.99999943,1
1.440000,0.38922241,-0.41132519,-0.77582359,-0.17359665,-0.49795866,-0.88632292,-0.71359736,0.350189,-0.104951,-0.006019,0.300000,-0.052905,0.160009,-0.019372,0.004974,0.000000,0.00021755,-0.00084048,0.00062381,0.99999943,1
1.460000,0.39571607,-0.43983182,-0.75113845,-0.14277858,-0.52628666,-0.91520971,-0.74250901,0.352242,-0.110503,-0.009341,0.300000,-0.054764,0.158317,-0.019842,0.002507,0.000000,0.00010993,-0.00080453,0.00069530,0.99999943,1
1.480000,0.42206031,-0.46733174,-0.74106526,-0.11521382,-0.55553013,-0.94415259,-0.77143067,0.350914,-0.115007,-0.016767,0.300000,-0.056569,0.156569,-0.020000,-0.000000,0.000000,0.00000057,-0.00075592,0.00075584,0.99999943,1
1.500000,0.43019879,-0.49598515,-0.71700370,-0.08451875,-0.58390206,-0.97304964,-0.80035055,0.352793,-0.120034,-0.020596,0.300000,-0.058317,0.154764,-0.019842,-0.002507,0.000000,-0.00010881,-0.00069540,0.00080447,0.99999943,1
1.520000,0.45573735,-0.52376473,-0.70547086,-0.05670959,-0.61307669,-1.00198448,-0.82927221,0.351839,-0.123856,-0.027876,0.300000,-0.060009,0.152905,-0.019372,-0.004974,0.000000,-0.00021650,-0.00062392,0.00084043,0.99999943,1
1.540000,0.46503913,-0.55245388,-0.68196082,-0.02634571,-0.64156431,-1.03088999,-0.85819364,0.353608,-0.128170,-0.032024,0.300000,-0.061641,0.150994,-0.018596,-0.007362,0.000000,-0.00032078,-0.00054260,0.00086316,0.99999943,1
1.560000,0.48971808,-0.58041799,-0.67046964,0.00157093,-0.67070550,-1.05981731,-0.88711536,0.352669,-0.131070,-0.039217,0.300000,-0.063212,0.149033,-0.017526,-0.009635,0.000000,-0.00042001,-0.00045273,0.00087229,0.99999943,1
1.580000,0.50080270,-0.60917503,-0.64776576,0.03169511,-0.69927895,-1.08873308,-0.91603708,0.354252,-0.134417,-0.043700,0.300000,-0.064721,0.147023,-0.016180,-0.011756,0.000000,-0.00051263,-0.00035571,0.00086768,0.99999943,1
1.600000,0.52481210,-0.63733625,-0.63462001,0.05984191,-0.72834963,-1.11765552,-0.94495881,0.353711,-0.136330,-0.050539,0.300000,-0.066166,0.144967,-0.014579,-0.013691,0.000000,-0.00059717,-0.00025307,0.00084941,0.99999943,1
1.620000,0.53882605,-0.66609961,-0.61240876,0.08963312,-0.75703174,-1.14657855,-0.97388053,0.355164,-0.138489,-0.055347,0.300000,-0.067546,0.142866,-0.012748,-0.015410,0.000000,-0.00067228,-0.00014642,0.00081777,0.99999943,1
1.640000,0.56228101,-0.69442129,-0.59682971,0.11803280,-0.78603357,-1.17549837,-1.00280237,0.355147,-0.139320,-0.061711,0.300000,-0.068859,0.140723,-0.010717,-0.016887,0.000000,-0.00073679,-0.00003746,0.00077325,0.99999943,1
1.660000,0.58022600,-0.72314280,-0.57525158,0.14745641,-0.81482100,-1.20442533,-1.03172350,0.356382,-0.140038,-0.066874,0.300000,-0.070105,0.138540,-0.008516,-0.018097,0.000000,-0.00078966,0.00007211,0.00071654,0.99999943,1
1.680000,0.60353673,-0.75160122,-0.55713797,0.17610081,-0.84376734,-1.23334539,-1.06064463,0.356816,-0.139656,-0.072765,0.300000,-0.071281,0.136319,-0.006180,-0.019021,0.000000,-0.00083007,0.00018056,0.00064854,0.99999943,1
1.700000,0.62540823,-0.78026181,-0.53609508,0.20520847,-0.87263173,-1.26227283,-1.08956575,0.357773,-0.138769,-0.078159,0.300000,-0.072386,0.134062,-0.003748,-0.019646,0.000000,-0.00085737,0.00028618,0.00057032,0.99999943,1
1.720000,0.64962226,-0.80881894,-0.51588672,0.23402044,-0.90154803,-1.29119575,-1.11848688,0.358448,-0.136998,-0.083684,0.300000,-0.073420,0.131772,-0.001256,-0.019961,0.000000,-0.00087113,0.00038729,0.00048311,0.99999943,1
1.740000,0.67415285,-0.83743250,-0.49459273,0.26294827,-0.93044931,-1.32012272,-1.14740801,0.359200,-0.134519,-0.088988,0.300000,-0.074382,0.129450,0.001256,-0.019961,0.000000,-0.00087113,0.00048230,0.00038827,0.99999943,1
1.760000,0.69954228,-0.86601132,-0.47307658,0.29180223,-0.95936143,-1.34904909,-1.17632914,0.359830,-0.131275,-0.094143,0.300000,-0.075270,0.127099,0.003748,-0.019646,0.000000,-0.00085737,0.00056971,0.00028731,0.99999943,1
1.780000,0.72533846,-0.89457959,-0.45102620,0.32066110,-0.98827350,-1.37797642,-1.20525026,0.360370,-0.127316,-0.099063,0.300000,-0.076085,0.124721,0.006180,-0.019021,0.000000,-0.00083007,0.00064813,0.00018180,0.99999943,1
1.800000,0.75149190,-0.92311531,-0.42846632,0.34950307,-1.01718700,-1.40690434,-1.23417139,0.360790,-0.122664,-0.103722,0.300000,-0.076823,0.122319,0.008516,-0.018097,0.000000,-0.00078966,0.00071633,0.00007341,0.99999943,1
1.820000,0.77786815,-0.95161039,-0.40525344,0.37833837,-1.04610014,-1.43583357,-1.26309252,0.361092,-0.117362,-0.108080,0.300000,-0.077487,0.119895,0.010717,-0.016887,0.000000,-0.00073679,0.00077323,-0.00003616,0.99999943,1
1.840000,0.80440038,-0.98004901,-0.38129941,0.40716383,-1.07501185,-1.46476400,-1.29201365,0.361269,-0.111450,-0.112113,0.300000,-0.078073,0.117451,0.012748,-0.015410,0.000000,-0.00067228,0.00081791,-0.00014516,0.99999943,1
1.860000,0.83102638,-1.00841033,-0.35655847,0.43597743,-1.10392082,-1.49369466,-1.32093477,0.361305,-0.104975,-0.115799,0.300000,-0.078583,0.114991,0.014579,-0.013691,0.000000,-0.00059717,0.00084968,-0.00025190,0.99999943,1
1.880000,0.85771936,-1.03666449,-0.33103371,0.46477586,-1.13282621,-1.52262604,-1.34985590,0.361179,-0.097984,-0.119123,0.300000,-0.079015,0.112515,0.016180,-0.011756,0.000000,-0.00051263,0.00086803,-0.00035467,0.99999943,1
1.900000,0.88446105,-1.06477594,-0.30478579,0.49355111,-1.16172612,-1.55155802,-1.37877703,0.360861,-0.090530,-0.122071,0.300000,-0.079369,0.110027,0.017526,-0.009635,0.000000,-0.00042001,0.00087267,-0.00045185,0.99999943,1
1.920000,0.91124374,-1.09270549,-0.27790168,0.52228355,-1.19062042,-1.58049047,-1.40769720,0.360322,-0.082670,-0.124632,0.300000,-0.079645,0.107529,0.018596,-0.007362,0.000000,-0.00032078,0.00086353,-0.00054192,0.99999943,1
1.940000,0.93806815,-1.12040997,-0.25046331,0.55091137,-1.21950781,-1.60942304,-1.43661332,0.359546,-0.074469,-0.126800,0.300000,-0.079842,0.105023,0.019372,-0.004974,0.000000,-0.00021650,0.00084075,-0.00062344,0.99999943,1
1.960000,0.96494257,-1.14787912,-0.22253260,0.57922477,-1.24838793,-1.63835549,-1.46551538,0.358545,-0.066004,-0.128582,0.300000,-0.079961,0.102513,0.019842,-0.002507,0.000000,-0.00010882,0.00080469,-0.00069513,0.99999943,1
1.980000,0.99185580,-1.17502165,-0.19423471,0.60648805,-1.27726090,-1.66728699,-1.49435377,0.357401,-0.057408,-0.130016,0.300000,-0.080000,0.100000,0.020000,0.000000,0.000000,0.00000057,0.00075592,-0.00075584,0.99999943,1
2.000000,1.01877689,-1.20151758,-0.16575573,0.63018417,-1.30613327,-1.69621813,-1.52289557,0.356451,-0.049004,-0.131249,0.300000,-0.079961,0.097487,0.019842,0.002507,0.000000,0.00010993,0.00069522,-0.00080462,0.99999943,1
2.020000,1.04580569,-1.22689354,-0.13734114,0.64485008,-1.33501720,-1.72514820,-1.55025315,0.356431,-0.041347,-0.132676,0.300000,-0.079842,0.094977,0.019372,0.004974,0.000000,0.00021755,0.00062355,-0.00084070,0.99999943,1
2.040000,1.07311165,-1.25059974,-0.10968485,0.65020037,-1.36389220,-1.75408399,-1.57498908,0.357308,-0.034589,-0.134357,0.300000,-0.079645,0.092471,0.018596,0.007362,0.000000,0.00032172,0.00054205,-0.00086350,0.99999943,1
2.060000,1.10052204,-1.27283895,-0.08539031,0.65071183,-1.39273083,-1.78302455,-1.59526956,0.358049,-0.028413,-0.136032,0.300000,-0.079369,0.089973,0.017526,0.009635,0.000000,0.00042080,0.00045199,-0.00087267,0.99999943,1
2.080000,1.12782192,-1.29475677,-0.07032981,0.65160525,-1.42151487,-1.81196153,-1.60819948,0.356961,-0.022286,-0.137440,0.300000,-0.079015,0.087485,0.016180,0.011756,0.000000,0.00051325,0.00035481,-0.00086805,0.99999943,1
2.100000,1.15481997,-1.31795382,-0.06744435,0.65928710,-1.45024824,-1.84090316,-1.60931075,0.352706,-0.015580,-0.138197,0.300000,-0.078583,0.085009,0.014579,0.013691,0.000000,0.00059759,0.00025205,-0.00084972,0.99999943,1
2.120000,1.18095994,-1.34348619,-0.06921575,0.67685896,-1.47899199,-1.86986351,-1.59644902,0.346085,-0.008159,-0.138026,0.300000,-0.078073,0.082549,0.012748,0.015410,0.000000,0.00067252,0.00014532,-0.00081797,0.99999943,1
2.140000,1.20541561,-1.37078536,-0.06607229,0.70054299,-1.50778544,-1.89882421,-1.57623947,0.339176,-0.000569,-0.137095,0.300000,-0.077487,0.080105,0.010717,0.016887,0.000000,0.00073684,0.00003632,-0.00077330,0.99999943,1
2.160000,1.22831833,-1.39868414,-0.04936528,0.72470754,-1.53663290,-1.92779160,-1.55213535,0.334062,0.006845,-0.135879,0.300000,-0.076823,0.077681,0.008516,0.018097,0.000000,0.00078956,-0.00007325,-0.00071643,0.99999943,1
2.180000,1.24969590,-1.42649293,-0.02743424,0.74745852,-1.56543779,-1.95673430,-1.52697301,0.329766,0.013794,-0.134510,0.300000,-0.076085,0.075279,0.006180,0.019021,0.000000,0.00082984,-0.00018164,-0.00064824,0.99999943,1
2.200000,1.27112722,-1.45416749,-0.00232228,0.76673645,-1.59423780,-1.98567200,-1.49994421,0.326246,0.020357,-0.133223,0.300000,-0.075270,0.072901,0.003748,0.019646,0.000000,0.00085704,-0.00028715,-0.00056983,0.99999943,1
2.220000,1.29192615,-1.48184550,0.02370654,0.78343213,-1.62301207,-2.01460385,-1.47197723,0.323059,0.026470,-0.131954,0.300000,-0.074382,0.070550,0.001256,0.019961,0.000000,0.00087076,-0.00038813,-0.00048243,0.99999943,1
2.240000,1.31305242,-1.50953496,0.05065300,0.79796427,-1.65177524,-2.04353285,-1.44353199,0.320166,0.032281,-0.130675,0.300000,-0.073420,0.068228,-0.001256,0.019961,0.000000,0.00087076,-0.00048298,-0.00038743,0.99999943,1
2.260000,1.33386254,-1.53724563,0.07846698,0.80981255,-1.68053114,-2.07246184,-1.41482162,0.317640,0.037688,-0.129453,0.300000,-0.072386,0.065938,-0.003748,0.019646,0.000000,0.00085704,-0.00057020,-0.00028633,0.99999943,1
2.280000,1.35487652,-1.56498706,0.10667452,0.82059193,-1.70926607,-2.10138893,-1.38601232,0.315241,0.042822,-0.128121,0.300000,-0.071281,0.063681,-0.006180,0.019021,0.000000,0.00082984,-0.00064844,-0.00018072,0.99999943,1
2.300000,1.37555075,-1.59273922,0.13522725,0.82797474,-1.73800600,-2.13031888,-1.35713935,0.313277,0.047526,-0.126928,0.300000,-0.070105,0.061460,-0.008516,0.018097,0.000000,0.00078956,-0.00071645,-0.00007227,0.99999943,1
2.320000,1.39621854,-1.62057245,0.16385944,0.83645099,-1.76670790,-2.15924549,-1.32824874,0.311191,0.052027,-0.125416,0.300000,-0.068859,0.059277,-0.010717,0.016887,0.000000,0.00073684,-0.00077317,0.00003730,0.99999943,1
2.340000,1.41607809,-1.64841437,0.19265434,0.84119767,-1.79543114,-2.18817806,-1.29934049,0.309608,0.056058,-0.124100,0.300000,-0.067546,0.057134,-0.012748,0.015410,0.000000,0.00067252,-0.00081771,0.00014626,0.99999943,1
2.360000,1.43602741,-1.67635632,0.22145577,0.84927338,-1.82410169,-2.21710300,-1.27042842,0.307689,0.059988,-0.122243,0.300000,-0.066166,0.055033,-0.014579,0.013691,0.000000,0.00059759,-0.00084938,0.00025291,0.99999943,1
2.380000,1.45445204,-1.70427406,0.25034991,0.85171872,-1.85281873,-2.24603772,-1.24151075,0.306539,0.063349,-0.120819,0.300000,-0.064721,0.052977,-0.016180,0.011756,0.000000,0.00051325,-0.00086767,0.00035556,0.99999943,1
2.400000,1.47345090,-1.73229671,0.27921149,0.86072218,-1.88145220,-2.27495933,-1.21259463,0.304730,0.066780,-0.118525,0.300000,-0.063212,0.050967,-0.017526,0.009635,0.000000,0.00042080,-0.00087229,0.00045259,0.99999943,1
2.420000,1.48987675,-1.76025701,0.30813769,0.86051053,-1.91017437,-2.30390024,-1.18367445,0.304134,0.069496,-0.117097,0.300000,-0.061641,0.049006,-0.018596,0.007362,0.000000,0.00032172,-0.00086318,0.00054248,0.99999943,1
2.440000,1.50809860,-1.78833747,0.33697689,0.87181467,-1.93797445,-2.33281374,-1.15475571,0.302325,0.072683,-0.114312,0.300000,-0.060009,0.047095,-0.019372,0.004974,0.000000,0.00021755,-0.00084047,0.00062381,0.99999943,1
2.460000,1.52180779,-1.81627452,0.36588728,0.86764592,-1.95826364,-2.36176348,-1.12583482,0.302076,0.076036,-0.113637,0.300000,-0.058317,0.045236,-0.019842,0.002507,0.000000,0.00010993,-0.00080453,0.00069530,0.99999943,1
2.480000,1.53949380,-1.84429491,0.39448789,0.87971956,-1.97169924,-2.39066434,-1.09691513,0.299769,0.081083,-0.111352,0.300000,-0.056569,0.043431,-0.020000,-0.000000,0.000000,0.00000057,-0.00075592,0.00075584,0.99999943,1
2.500000,1.54960299,-1.87198055,0.42332616,0.86507940,-1.98089945,-2.41963410,-1.06799400,0.300411,0.085365,-0.112298,0.300000,-0.054764,0.041683,-0.019842,-0.002507,0.000000,-0.00010882,-0.00069540,0.00080447,0.99999943,1
2.520000,1.56837916,-1.89977217,0.45035625,0.87576610,-1.98681414,-2.44851422,-1.03907335,0.298010,0.091475,-0.110080,0.300000,-0.052905,0.039991,-0.019372,-0.004974,0.000000,-0.00021650,-0.00062392,0.00084043,0.99999943,1
2.540000,1.57441950,-1.92686927,0.47908506,0.85174614,-1.99105036,-2.47750902,-1.01015222,0.299791,0.095855,-0.112240,0.300000,-0.050994,0.038359,-0.018596,-0.007363,0.000000,-0.00032078,-0.00054260,0.00086316,0.99999943,1
2.560000,1.59504855,-1.95405746,0.49995637,0.85497421,-1.99359989,-2.50636387,-0.98123085,0.297869,0.102418,-0.110258,0.300000,-0.049033,0.036788,-0.017526,-0.009635,0.000000,-0.00042002,-0.00045272,0.00087229,0.99999943,1
2.580000,1.59872258,-1.98036861,0.52840680,0.82784772,-1.99556816,-2.53537321,-0.95230925,0.300292,0.106896,-0.112755,0.300000,-0.047023,0.035279,-0.016180,-0.011756,0.000000,-0.00051263,-0.00035571,0.00086768,0.99999943,1
2.600000,1.62006295,-2.00618267,0.53950381,0.81353951,-1.99668753,-2.56422257,-0.92338765,0.300007,0.113406,-0.111835,0.300000,-0.044967,0.033834,-0.014579,-0.013691,0.000000,-0.00059716,-0.00025307,0.00084942,0.99999943,1
2.620000,1.62461698,-2.03176665,0.56420666,0.78584266,-1.99756527,-2.59322429,-0.89446604,0.302571,0.118312,-0.113949,0.300000,-0.042866,0.032454,-0.012748,-0.015410,0.000000,-0.00067228,-0.00014642,0.00081777,0.99999943,1
2.640000,1.64509547,-2.05475736,0.56194705,0.76028728,-1.99806178,-2.62207627,-0.86554432,0.303313,0.124511,-0.113556,0.300000,-0.040723,0.031141,-0.010717,-0.016887,0.000000,-0.00073679,-0.00003746,0.00077325,0.99999943,1
2.660000,1.65125036,-2.07763934,0.56124204,0.73183000,-1.99844861,-2.65103889,-0.83662260,0.304671,0.129442,-0.115132,0.300000,-0.038540,0.029895,-0.008516,-0.018097,0.000000,-0.00078966,0.00007211,0.00071654,0.99999943,1
2.680000,1.67118919,-2.09595370,0.54221863,0.70372719,-1.99865401,-2.67991900,-0.80770081,0.305502,0.135287,-0.114466,0.300000,-0.036319,0.028719,-0.006180,-0.019021,0.000000,-0.00083007,0.00018056,0.00064854,0.99999943,1
2.700000,1.67565620,-2.11329818,0.52157670,0.67492121,-1.99883902,-2.70887518,-0.77877915,0.306551,0.139611,-0.115975,0.300000,-0.034062,0.027614,-0.003748,-0.019646,0.000000,-0.00085737,0.00028618,0.00057032,0.99999943,1
2.720000,1.69454515,-2.12414527,0.49526185,0.64629799,-1.99889517,-2.73778749,-0.74985749,0.308496,0.144729,-0.115073,0.300000,-0.031772,0.026580,-0.001256,-0.019961,0.000000,-0.00087113,0.00038729,0.00048311,0.99999943,1
2.740000,1.69562721,-2.13539433,0.46827883,0.61738509,-1.99903822,-2.76673865,-0.72093576,0.310331,0.148358,-0.116857,0.300000,-0.029450,0.025618,0.001256,-0.019961,0.000000,-0.00087113,0.00048230,0.00038827,0.99999943,1
2.760000,1.71485031,-2.13848019,0.43994182,0.58865702,-1.99900413,-2.79566193,-0.69201404,0.313733,0.152941,-0.115570,0.300000,-0.027099,0.024730,0.003748,-0.019646,0.000000,-0.00085737,0.00056971,0.00028731,0.99999943,1
2.780000,1.71275473,-2.14398026,0.41144088,0.55969638,-1.99916291,-2.82460785,-0.66309232,0.316541,0.156011,-0.117667,0.300000,-0.024721,0.023915,0.006180,-0.019021,0.000000,-0.00083007,0.00064813,0.00018180,0.99999943,1
2.800000,1.73301876,-2.13950515,0.38259566,0.53093034,-1.99905610,-2.85353804,-0.63417053,0.321343,0.160144,-0.115943,0.300000,-0.022319,0.023177,0.008516,-0.018097,0.000000,-0.00078966,0.00071633,0.00007341,0.99999943,1
2.820000,1.72817671,-2.13829017,0.35380137,0.50195825,-1.99922657,-2.88247991,-0.60524881,0.325292,0.162431,-0.118374,0.300000,-0.019895,0.022513,0.010717,-0.016887,0.000000,-0.00073679,0.00077323,-0.00003616,0.99999943,1
2.840000,1.74928808,-2.12650323,0.32483500,0.47315031,-1.99909639,-2.91141438,-0.57632703,0.331321,0.165987,-0.116329,0.300000,-0.017451,0.021927,0.012748,-0.015410,0.000000,-0.00067228,0.00081791,-0.00014516,0.99999943,1
2.860000,1.74345255,-2.11639023,0.29597035,0.44419608,-1.99922109,-2.94035888,-0.54740530,0.336757,0.167059,-0.118920,0.300000,-0.014991,0.021417,0.014579,-0.013691,0.000000,-0.00059717,0.00084968,-0.00025189,0.99999943,1
2.880000,1.76426649,-2.09837627,0.26701042,0.41533023,-1.99918175,-2.96928906,-0.51848352,0.343617,0.169867,-0.116837,0.300000,-0.012515,0.020985,0.016180,-0.011756,0.000000,-0.00051263,0.00086803,-0.00035467,0.99999943,1
2.900000,1.75990570,-2.07954216,0.23810117,0.38639584,-1.99921513,-2.99823642,-0.48956195,0.350320,0.169752,-0.119212,0.300000,-0.010027,0.020631,0.017526,-0.009635,0.000000,-0.00042001,0.00087267,-0.00045185,0.99999943,1
2.920000,1.77909350,-2.05687046,0.20918494,0.35748568,-1.99931490,-3.02715707,-0.46064046,0.357485,0.171692,-0.117389,0.300000,-0.007529,0.020355,0.018596,-0.007362,0.000000,-0.00032078,0.00086353,-0.00054192,0.99999943,1
2.940000,1.77891076,-2.03299284,0.18027669,0.32855681,-1.99931300,-3.05609941,-0.43171901,0.364473,0.171187,-0.118992,0.300000,-0.005023,0.020158,0.019372,-0.004974,0.000000,-0.00021650,0.00084075,-0.00062344,0.99999943,1
2.960000,1.79555452,-2.00746274,0.15136816,0.29962769,-1.99945426,-3.08501935,-0.40279749,0.371379,0.172290,-0.117603,0.300000,-0.002513,0.020039,0.019842,-0.002507,0.000000,-0.00010881,0.00080469,-0.00069513,0.99999943,1
2.980000,1.79937482,-1.98118150,0.12246850,0.27069959,-1.99945736,-3.11395335,-0.37387607,0.377955,0.171712,-0.118429,0.300000,-0.000000,0.020000,0.020000,0.000000,0.000000,0.00000057,0.00075592,-0.00075584,0.99999943,1
3.000000,1.81261086,-1.95419121,0.09355360,0.24176535,-1.99957681,-3.14287496,-0.34495458,0.384200,0.171988,-0.117594,0.300000,0.002513,0.020039,0.019842,0.002507,0.000000,0.00010993,0.00069522,-0.00080462,0.99999943,1
3.020000,1.81784058,-1.92678475,0.06465052,0.21283749,-1.99958992,-3.17180371,-0.31603312,0.390024,0.171130,-0.118087,0.300000,0.005023,0.020158,0.019372,0.004974,0.000000,0.00021755,0.00062355,-0.00084070,0.99999943,1
3.040000,1.82777250,-1.89898932,0.03572591,0.18390402,-1.99967647,-3.20072579,-0.28711170,0.395432,0.170567,-0.117753,0.300000,0.007529,0.020355,0.018596,0.007362,0.000000,0.00032172,0.00054205,-0.00086350,0.99999943,1
3.060000,1.83210826,-1.87095582,0.00681288,0.15497710,-1.99969292,-3.22965074,-0.25819027,0.400388,0.169107,-0.118291,0.300000,0.010027,0.020631,0.017526,0.009635,0.000000,0.00042080,0.00045199,-0.00087267,0.99999943,1
3.080000,1.83798146,-1.84268558,-0.02212020,0.12604703,-1.99975193,-3.25857353,-0.22926877,0.404908,0.167536,-0.118526,0.300000,0.012515,0.020985,0.016180,0.011756,0.000000,0.00051325,0.00035481,-0.00086805,0.99999943,1
3.100000,1.83941257,-1.81427050,-0.05104551,0.09712214,-1.99976659,-3.28749681,-0.20034723,0.408981,0.165149,-0.119389,0.300000,0.014991,0.021417,0.014579,0.013691,0.000000,0.00059759,0.00025205,-0.00084972,0.99999943,1
3.120000,1.84069586,-1.78573322,-0.07998762,0.06819651,-1.99980652,-3.31641841,-0.17142569,0.412627,0.162416,-0.120187,0.300000,0.017451,0.021927,0.012748,0.015410,0.000000,0.00067252,0.00014532,-0.00081797,0.99999943,1
3.140000,1.83834493,-1.75714171,-0.10892636,0.03927485,-1.99981773,-3.34534025,-0.14250414,0.415856,0.158918,-0.121417,0.300000,0.019895,0.022513,0.010717,0.016887,0.000000,0.00073684,0.00003632,-0.00077330,0.99999943,1
3.160000,1.83500040,-1.72851253,-0.13787943,0.01035501,-1.99984205,-3.37426162,-0.11358265,0.418692,0.154944,-0.122659,0.300000,0.022319,0.023177,0.008516,0.018097,0.000000,0.00078956,-0.00007324,-0.00071643,0.99999943,1
3.180000,1.82858872,-1.69988501,-0.16683322,-0.01855959,-1.99984586,-3.40318251,-0.08466134,0.421159,0.150234,-0.124172,0.300000,0.024721,0.023915,0.006180,0.019021,0.000000,0.00082984,-0.00018164,-0.00064824,0.99999943,1
3.200000,1.82090473,-1.67127907,-0.19579972,-0.04746296,-1.99985719,-3.43210340,-0.05574052,0.423287,0.144993,-0.125675,0.300000,0.027099,0.024730,0.003748,0.019646,0.000000,0.00085704,-0.00028715,-0.00056983,0.99999943,1
3.220000,1.81103027,-1.64273822,-0.22477022,-0.07634018,-1.99985540,-3.46102428,-0.02682123,0.425103,0.139112,-0.127256,0.300000,0.029450,0.025618,0.001256,0.019961,0.000000,0.00087076,-0.00038813,-0.00048243,0.99999943,1
3.240000,1.80017972,-1.61431289,-0.25375101,-0.10514009,-1.99985647,-3.48994517,0.00209191,0.426630,0.132752,-0.128734,0.300000,0.031772,0.026580,-0.001256,0.019961,0.000000,0.00087076,-0.00048298,-0.00038743,0.99999943,1
3.260000,1.78794706,-1.58608937,-0.28273576,-0.13374159,-1.99984992,-3.51886535,0.03098318,0.427877,0.125891,-0.130138,0.300000,0.034062,0.027614,-0.003748,0.019646,0.000000,0.00085704,-0.00057020,-0.00028633,0.99999943,1
3.280000,1.77503753,-1.55821407,-0.31172484,-0.16173398,-1.99984717,-3.54778314,0.05978296,0.428806,0.118665,-0.131390,0.300000,0.036319,0.028719,-0.006180,0.019021,0.000000,0.00082984,-0.00064844,-0.00018072,0.99999943,1
3.300000,1.76125121,-1.53090763,-0.34070978,-0.18800618,-1.99984777,-3.57669854,0.08822426,0.429273,0.111105,-0.132566,0.300000,0.038540,0.029895,-0.008516,0.018097,0.000000,0.00078956,-0.00071645,-0.00007227,0.99999943,1
3.320000,1.74699438,-1.50459337,-0.36967561,-0.20926520,-1.99987113,-3.60560632,0.11518434,0.428808,0.103317,-0.133840,0.300000,0.040723,0.031141,-0.010717,0.016887,0.000000,0.00073684,-0.00077317,0.00003730,0.99999943,1
3.340000,1.73219085,-1.48031974,-0.39859682,-0.21937172,-1.99994290,-3.63449526,0.13740192,0.426479,0.095443,-0.135634,0.300000,0.042866,0.032454,-0.012748,0.015410,0.000000,0.00067252,-0.00081771,0.00014626,0.99999943,1
3.360000,1.71695471,-1.46162355,-0.42746079,-0.21413919,-1.99992383,-3.66335487,0.14968388,0.421345,0.088507,-0.138103,0.300000,0.044967,0.033834,-0.014579,0.013691,0.000000,0.00059759,-0.00084938,0.00025291,0.99999943,1
3.380000,1.70222354,-1.45626307,-0.45627782,-0.19785966,-1.99986434,-3.69218636,0.14825231,0.413188,0.085162,-0.140581,0.300000,0.047023,0.035279,-0.016180,0.011756,0.000000,0.00051325,-0.00086767,0.00035556,0.99999943,1
3.400000,1.68944120,-1.46299994,-0.48518109,-0.17916141,-1.99981081,-3.72104478,0.13549961,0.403384,0.085285,-0.142588,0.300000,0.049033,0.036788,-0.017526,0.009635,0.000000,0.00042080,-0.00087229,0.00045259,0.99999943,1
3.420000,1.67633665,-1.47531259,-0.51418674,-0.16290411,-1.99979091,-3.74995732,0.11935270,0.393364,0.086533,-0.144362,0.300000,0.050994,0.038359,-0.018596,0.007363,0.000000,0.00032172,-0.00086318,0.00054247,0.99999943,1
3.440000,1.66528118,-1.49297738,-0.54314536,-0.14094558,-1.99975634,-3.77885795,0.09882308,0.381997,0.088589,-0.146258,0.300000,0.052905,0.039991,-0.019372,0.004974,0.000000,0.00021755,-0.00084047,0.00062381,0.99999943,1
3.460000,1.65078771,-1.51270258,-0.57201856,-0.12076493,-1.99965656,-3.80780363,0.08268026,0.370768,0.089997,-0.148402,0.300000,0.054764,0.041683,-0.019842,0.002507,0.000000,0.00010993,-0.00080453,0.00069530,0.99999943,1
3.480000,1.64180970,-1.53604078,-0.59987760,-0.09352228,-1.99968874,-3.83670831,0.05945385,0.358433,0.091749,-0.150416,0.300000,0.056569,0.043431,-0.020000,-0.000000,0.000000,0.00000057,-0.00075592,0.00075584,0.99999943,1
3.500000,1.62584794,-1.56170809,-0.58290076,-0.06724343,-1.99906862,-3.86579251,0.04152668,0.352880,0.091535,-0.153071,0.300000,0.058317,0.045236,-0.019842,-0.002507,0.000000,-0.00010882,-0.00069540,0.00080447,0.99999943,1
3.520000,1.63360095,-1.58747566,-0.55643547,-0.03841093,-1.99914348,-3.89473653,0.01288951,0.348571,0.094393,-0.153457,0.300000,0.060009,0.047095,-0.019372,-0.004974,0.000000,-0.00021650,-0.00062392,0.00084043,0.99999943,1
3.540000,1.61444211,-1.61273611,-0.52760893,-0.02027497,-1.99917924,-3.92370558,-0.00611787,0.346247,0.093868,-0.156034,0.300000,0.061641,0.049006,-0.018596,-0.007362,0.000000,-0.00032078,-0.00054260,0.00086316,0.99999943,1
3.560000,1.62892866,-1.63904226,-0.49923328,0.00864868,-1.99939060,-3.94880080,-0.03496142,0.342434,0.097945,-0.155358,0.300000,0.063212,0.050967,-0.017526,-0.009635,0.000000,-0.00042001,-0.00045273,0.00087229,0.99999943,1
3.580000,1.60723639,-1.66419756,-0.47037506,0.02172977,-1.99931252,-3.96573329,-0.03897870,0.341399,0.097551,-0.157976,0.300000,0.064721,0.052977,-0.016180,-0.011756,0.000000,-0.00051263,-0.00035570,0.00086768,0.99999943,1
3.600000,1.62665677,-1.69035184,-0.44358972,0.05063874,-1.99954581,-3.97695494,-0.06785002,0.337988,0.102590,-0.156271,0.300000,0.066166,0.055033,-0.014579,-0.013691,0.000000,-0.00059717,-0.00025307,0.00084941,0.99999943,1
3.620000,1.60418856,-1.71501684,-0.41479105,0.05666367,-1.99936092,-3.98467660,-0.05325195,0.338450,0.102885,-0.158895,0.300000,0.067546,0.057134,-0.012748,-0.015410,0.000000,-0.00067228,-0.00014642,0.00081777,0.99999943,1
3.640000,1.62367046,-1.73978627,-0.40983868,0.08517975,-1.99984717,-3.98954630,-0.08209422,0.332640,0.107885,-0.156789,0.300000,0.068859,0.059277,-0.010717,-0.016887,0.000000,-0.00073679,-0.00003746,0.00077325,0.99999943,1
3.660000,1.60194063,-1.76574349,-0.38140205,0.09152228,-1.99935973,-3.99320436,-0.05625002,0.332944,0.109050,-0.159459,0.300000,0.070105,0.061460,-0.008516,-0.018097,0.000000,-0.00078966,0.00007211,0.00071654,0.99999943,1
3.680000,1.62091088,-1.78885126,-0.38376594,0.11986341,-1.99984324,-3.99522495,-0.08496728,0.326691,0.113760,-0.157087,0.300000,0.071281,0.063681,-0.006180,-0.019021,0.000000,-0.00083007,0.00018056,0.00064854,0.99999943,1
3.700000,1.60028481,-1.81490731,-0.35546094,0.12368431,-1.99929702,-3.99703646,-0.05720966,0.327289,0.115865,-0.159733,0.300000,0.072386,0.065938,-0.003748,-0.019646,0.000000,-0.00085737,0.00028618,0.00057032,0.99999943,1
3.720000,1.62033987,-1.83753204,-0.34541699,0.15206476,-1.99974644,-3.99782062,-0.08571055,0.322837,0.121151,-0.156885,0.300000,0.073420,0.068228,-0.001256,-0.019961,0.000000,-0.00087113,0.00038729,0.00048311,0.99999943,1
3.740000,1.60299718,-1.86203074,-0.31698716,0.14643218,-1.99929452,-3.99876070,-0.05747155,0.324866,0.124876,-0.159209,0.300000,0.074382,0.070550,0.001256,-0.019961,0.000000,-0.00087113,0.00048230,0.00038827,0.99999943,1
3.760000,1.62268364,-1.88356245,-0.30743828,0.17460370,-1.99984694,-3.99895906,-0.08508966,0.320447,0.130320,-0.156105,0.300000,0.075270,0.072901,0.003748,-0.019646,0.000000,-0.00085737,0.00056971,0.00028730,0.99999943,1
3.780000,1.60837853,-1.90641332,-0.27912638,0.15959764,-1.99926662,-3.99954200,-0.05638023,0.323723,0.135665,-0.158144,0.300000,0.076085,0.075279,0.006180,-0.019021,0.000000,-0.00083007,0.00064813,0.00018179,0.99999943,1
3.800000,1.62758660,-1.92541552,-0.27494586,0.18748537,-1.99987650,-3.99946618,-0.07990013,0.318883,0.140848,-0.154864,0.300000,0.076823,0.077681,0.008516,-0.018097,0.000000,-0.00078966,0.00071633,0.00007340,0.99999943,1
3.820000,1.61567795,-1.94634235,-0.24679466,0.16592391,-1.99918234,-3.99989367,-0.05102748,0.322970,0.147374,-0.156654,0.300000,0.077487,0.080105,0.010717,-0.016887,0.000000,-0.00073679,0.00077323,-0.00003616,0.99999943,1
3.840000,1.63498545,-1.96100926,-0.24735525,0.19344305,-1.99988127,-3.99972177,-0.05962529,0.318118,0.151996,-0.153176,0.300000,0.078073,0.082549,0.012748,-0.015410,0.000000,-0.00067228,0.00081791,-0.00014516,0.99999943,1
3.860000,1.62513781,-1.97823918,-0.21930785,0.16942734,-1.99912894,-3.99997091,-0.03071669,0.322809,0.158837,-0.154702,0.300000,0.078583,0.085010,0.014579,-0.013691,0.000000,-0.00059717,0.00084968,-0.00025190,0.99999943,1
3.880000,1.64469039,-1.98712409,-0.22423147,0.19583429,-1.99989474,-3.99982047,-0.01669332,0.318366,0.162681,-0.151077,0.300000,0.079015,0.087485,0.016180,-0.011756,0.000000,-0.00051263,0.00086803,-0.00035467,0.99999943,1
3.900000,1.63170719,-1.99721849,-0.19628744,0.17032123,-1.99906993,-3.99996758,0.01222467,0.324312,0.168161,-0.153251,0.300000,0.079369,0.089973,0.017526,-0.009635,0.000000,-0.00042001,0.00087267,-0.00045185,0.99999943,1
3.920000,1.65375531,-2.00085974,-0.21341576,0.19321673,-1.99989498,-3.99980235,0.03343321,0.319430,0.171656,-0.149172,0.300000,0.079645,0.092471,0.018596,-0.007363,0.000000,-0.00032078,0.00086353,-0.00054192,0.99999943,1
3.940000,1.63674557,-2.00695872,-0.18573695,0.16601814,-1.99898243,-3.99996519,0.06235398,0.325896,0.176188,-0.152116,0.300000,0.079842,0.094977,0.019372,-0.004974,0.000000,-0.00021650,0.00084075,-0.00062344,0.99999943,1
3.960000,1.66124761,-2.00571656,-0.20875795,0.18190995,-1.99991238,-3.99980116,0.08574541,0.321717,0.179798,-0.147622,0.300000,0.079961,0.097487,0.019842,-0.002507,0.000000,-0.00010881,0.00080469,-0.00069513,0.99999943,1
3.980000,1.64307201,-2.00710154,-0.18177682,0.15415949,-1.99900889,-3.99996519,0.11466651,0.328684,0.183350,-0.150805,0.300000,0.080000,0.100000,0.020000,0.000000,0.000000,0.00000057,0.00075592,-0.00075584,0.99999943,1
